oil_type,contrast_dB,thickness_proxy,area_growth_rate,weathering_indicator,VV_VH_ratio
Heavy Crude Oil,-11.25492877048315,0.7861735698828816,0.13238442690503463,0.9761514928204013,14.531693250553328
Heavy Crude Oil,-12.35120543542377,0.9579212815507392,0.13837173645764544,0.8765262807032524,16.08512008717193
Heavy Crude Oil,-12.695126539218693,0.7534270246429744,0.11209811357830171,0.8043359877671101,11.550164334973935
Heavy Crude Oil,-12.843431293861459,0.6987168879665576,0.1157123666297637,0.8545987962239394,12.175392597329417
Heavy Crude Oil,-9.80152684661767,0.7774223699513465,0.1033764102343962,0.8287625906893272,13.911234550949635
Heavy Crude Oil,-11.8336161154352,0.6849006422577698,0.11878490091728361,0.8699680655040598,14.416612500413446
Heavy Crude Oil,-12.902559918344096,0.9852278184508938,0.09932513876310331,0.847114453552205,16.645089824206377
Heavy Crude Oil,-13.831265474956533,0.8208863595004756,0.0020164938060112216,0.8335906975550785,15.393722471738247
Heavy Crude Oil,-10.892300130006884,0.8171368281189971,0.09421758588058798,0.8849448152205356,12.042956019265144
Heavy Crude Oil,-13.079766312592064,0.7539361229040213,0.15285611131094579,0.9171809144784231,11.473919689274531
Heavy Crude Oil,-11.513874045907807,0.7614917719583684,0.06615389998470207,0.9305838144420434,17.0619990449919
Heavy Crude Oil,-10.603079821325702,0.7160782476777362,0.08453938120743927,0.9165631715701782,16.95109025424472
Heavy Crude Oil,-12.718761356767935,0.7814341023336183,0.04468325129969859,0.8401896687959665,16.625051644788396
Heavy Crude Oil,-9.965639957143766,0.7927989878419667,0.15017664489460122,0.9180818012523817,13.709760490789751
Heavy Crude Oil,-11.457906591737379,0.9538036566465969,0.09820869804450243,0.9782321827907003,9.76050979182051
Heavy Crude Oil,-10.767146243437164,0.8087047068238172,0.08504963247670662,0.9045880388267752,11.024862170798215
Heavy Crude Oil,-12.329507831756269,0.8357112571511747,0.17389470223707582,0.8740864890863177,13.383012794213625
Heavy Crude Oil,-12.752635565376805,0.8915402117702075,0.11643755548298423,0.8735119898116481,16.02653486622671
Heavy Crude Oil,-11.854383675977939,0.896864499053289,0.06489734530613238,0.8836168926701116,14.215783693735684
Heavy Crude Oil,-14.195272422198178,0.8296120277064577,0.11305276360899447,0.900255672832123,14.530825733249705
Heavy Crude Oil,-14.123056113075622,0.7579354677234641,0.08286427417366153,0.8598861365389191,14.677428576667982
Heavy Crude Oil,-11.393923714778193,0.988618590121053,0.10872889064159195,0.9128775195361383,14.851108168467666
Heavy Crude Oil,-14.878156822948561,0.7973486124550784,0.10301151049705133,1.0,14.615278070437755
Heavy Crude Oil,-11.547678986499582,0.7965288230294757,0.0415660981190234,0.9571411407257511,16.503866065373547
Heavy Crude Oil,-10.813452079435429,0.7090612545205262,0.17013971554680496,0.829907446860386,16.17371418760054
Heavy Crude Oil,-8.714316561285033,0.7009463674869312,0.07168511351986141,0.9049825682543821,13.993048691767601
Heavy Crude Oil,-14.3259951465992,0.8068562974806027,0.04688481431369476,0.9236796215317591,13.161151531532393
Heavy Crude Oil,-9.67509839247369,0.7216746707663764,0.08389692418971623,0.9406758608684835,12.53827136713209
Heavy Crude Oil,-11.658810098093806,0.9307142754282428,0.019625838271938624,0.9092316929266152,15.519765588496847
Heavy Crude Oil,-10.827265692334034,0.6763049289121918,0.033977169345786186,0.9260970782808449,15.593969346466372
Heavy Crude Oil,-11.624260724481186,0.8346448209496976,0.06599876392107547,0.9116126848580502,15.586144946597363
Heavy Crude Oil,-13.071527127039552,0.9865774511144757,0.12369164604558938,0.8404348251398676,16.31310721726766
Heavy Crude Oil,-13.462022505340983,0.8787084603742452,0.15792977895037022,0.8589658840824145,16.926752258488644
Heavy Crude Oil,-11.380828609595252,0.882206015999449,0.19483964913269738,0.8877305941998564,13.492527671285021
Heavy Crude Oil,-13.334271644438285,0.7184189715034562,0.0961449145292948,0.9170575987408321,15.553381598660039
Heavy Crude Oil,-10.759225126445964,0.8013001891877908,0.17267670385786585,0.8867671583381023,20.440338333179238
Heavy Crude Oil,-11.06149897835249,0.7142842443583718,0.04645537509694439,0.9241236207621593,14.553074429348298
Heavy Crude Oil,-10.928999258861863,0.8473237624573545,0.09635855436715636,0.8576603140965797,11.970305550628272
Heavy Crude Oil,-12.669772428100531,0.8856398794323472,0.11070468720651021,0.8377130610644006,15.346361851702364
Heavy Crude Oil,-11.422023930406745,0.7116142563798867,0.1076862552972764,0.9029104359223,12.714059404338753
Heavy Crude Oil,-11.463318959477576,0.8560784526368235,0.15415256215876386,0.9526901026017451,12.244661264085817
Heavy Crude Oil,-13.406737559872685,0.851503526720866,0.12568929754561045,0.9257523843153024,22.70546298130944
Heavy Crude Oil,-11.14366423396025,0.91355656401806,0.14770008817466013,0.9325695625652899,14.369461510719308
Heavy Crude Oil,-10.8615461692601,0.7227174785462429,0.08815906966299956,0.8757318226085449,15.163748278772646
Heavy Crude Oil,-8.528012149989737,0.6132734807408252,0.13431300951872568,0.8193642064405174,14.056136268421133
Heavy Crude Oil,-10.36657410454895,0.8064280019095463,0.0461127611035347,0.8642348145370016,16.35919549786935
Heavy Crude Oil,-13.095549947575705,0.8216458589581975,0.1022785919951907,0.8674199826197092,19.28788817865065
Heavy Crude Oil,-11.049121466522983,0.5974857413342393,0.10932271573847138,0.8669106767615806,16.704866669592448
Heavy Crude Oil,-13.188781107649051,0.7885263558533101,0.12524936394902286,0.9432877597085061,12.599407185888447
Heavy Crude Oil,-12.501751853761423,0.7525054688839045,0.06733353837131441,0.9882727120140549,15.80996342192191
Heavy Crude Oil,-13.891325931502568,0.8917861947054777,0.20610780985063168,0.9516232630275574,11.961260068091974
Heavy Crude Oil,-12.726351109299378,0.9266911149186623,0.06461652671906097,0.9221909714073114,16.549268106858673
Heavy Crude Oil,-13.390395707367125,0.79404746439382,0.001,0.8487806179332855,14.49486369721368
Heavy Crude Oil,-13.871674772947275,0.9632411303931636,0.028492931101968367,0.8779977756651508,15.261481154572182
Heavy Crude Oil,-9.838090066400827,0.6564137848820562,0.158158187607748,0.9005116530509794,13.036982697904097
Heavy Crude Oil,-11.306844788605094,0.8199059695573471,0.06998915614206026,0.9034901042495009,14.22937280627648
Heavy Crude Oil,-11.829723982123127,0.8662130674521047,0.1793008408072676,0.8381092250586576,19.266066749312532
Heavy Crude Oil,-14.928131699283753,0.7848214904964417,0.1294158603242288,0.9140495933867516,13.754600960358813
Heavy Crude Oil,-12.312183375535913,0.7506999065341168,0.07053176215278942,0.9424801048510513,15.714030971930095
Heavy Crude Oil,-13.039364392890981,0.8899599875433252,0.11536497604383047,0.940643105941948,16.259257683847224
Heavy Crude Oil,-13.243492516383109,0.7439818959803031,0.1373646802561631,0.9305185132716732,14.958196812071703
Heavy Crude Oil,-11.824008925036827,0.9277664895788426,0.0704214305582085,0.927354869058502,14.595614695132213
Heavy Crude Oil,-12.32652180484083,0.909877685198719,0.1412708174494015,0.9406754818000319,17.61095761430866
Heavy Crude Oil,-11.968494237550862,0.8681952971294964,0.0844866621703272,0.9162083176244221,14.73971389126463
Heavy Crude Oil,-11.854506052510922,0.8595157025436914,0.059088965838326374,1.0,12.987965237000596
Heavy Crude Oil,-13.821282919181598,0.9158110873500068,0.1395831346981468,0.9312059908526078,16.25669101852856
Heavy Crude Oil,-12.018370159270372,0.7102745628514169,0.10379022790968633,0.8661419144243945,16.9502394668355
Heavy Crude Oil,-12.220586072253209,0.7174502803207489,0.08393070791735033,0.9206465727137813,13.87255089439205
Heavy Crude Oil,-13.233330593349647,0.8243687211491912,0.11224832855543615,0.8746528412314435,14.057923388763355
Heavy Crude Oil,-11.651925093963545,0.6551915658502676,0.02962681128117224,0.8640777889373782,14.573105696576306
Heavy Crude Oil,-11.533638651602994,0.9475356216949552,0.14288298116010098,0.8920030735018286,14.961967584194623
Heavy Crude Oil,-13.503794046956713,0.7981486864007611,0.08556706805399311,0.9161359280169045,13.345538112895355
Heavy Crude Oil,-11.220980228638242,0.9532738913002579,0.09456199257715713,0.9200855861049471,16.380287983422225
Heavy Crude Oil,-12.601830707828755,0.8224092481810418,0.10062962003908975,0.9048838049274416,13.453980432289066
Heavy Crude Oil,-11.963234738611586,0.849799829124545,0.1725571803897521,0.9479635413042604,19.306364915023114
Heavy Crude Oil,-13.151021344332074,0.8872320636720679,0.10916710028691759,1.0,13.383403429289697
Heavy Crude Oil,-13.259582763271164,0.7400607354555978,0.001,0.873712248915962,13.481734676892604
Heavy Crude Oil,-11.774409320285688,0.834175597577716,0.19380854196079433,0.9475211919093025,13.846192688675194
Heavy Crude Oil,-13.347622007022537,0.8491919171506506,0.03398833964896789,0.9915729382927178,17.358880241442574
Heavy Crude Oil,-12.703763478157057,0.6286865470909122,0.16769361870827068,0.8942730077373692,17.47563262394692
Heavy Crude Oil,-14.391641488191551,0.7400624977046227,0.10026218498590916,0.9023490296882372,14.099869057041513
Heavy Crude Oil,-11.065725101478751,0.6932379570617406,0.09288102574893534,0.906014781585595,16.0288776681175
Heavy Crude Oil,-10.932577682866665,0.6875357908162132,0.02329429146321889,0.9638838410949255,15.664628023959184
Heavy Crude Oil,-13.12272980483483,0.9551151975522524,0.10578373171464293,0.9589648592031913,15.135036962820218
Heavy Crude Oil,-8.90887811267702,0.9755340842443205,0.08755179257604633,0.9485785475477178,16.290751899170296
Heavy Crude Oil,-9.947052663701477,0.7035076539419896,0.13430257299992196,0.9529212243424794,11.482521027153771
Heavy Crude Oil,-13.774887768998664,0.59607678222399,0.08652965827777212,0.9358771127897981,18.004714104192058
Heavy Crude Oil,-11.888857829370338,0.9628615545571292,0.03099492708925543,0.8148308780322423,14.888904602206763
Heavy Crude Oil,-11.42390182659104,0.7967305251905907,0.001,0.8955439980243606,12.391060998990294
Heavy Crude Oil,-10.995491176754943,0.8366598246096849,0.05300601068363224,0.8743066541331653,12.881572956222097
Heavy Crude Oil,-12.094018645909758,0.8955142320501239,0.050713697683222814,0.9252023257758922,13.939484763255118
Heavy Crude Oil,-13.189309248393517,0.7892969640045443,0.0482378838790313,0.872317534732641,12.604244214822304
Heavy Crude Oil,-9.052912300625415,0.8035263551971729,0.06501372460037073,0.9106989955367111,14.77534390061834
Heavy Crude Oil,-12.331454399299833,0.8614166700043425,0.13787538550236525,0.8734749426194737,13.84836351871064
Heavy Crude Oil,-12.412577545727466,0.5698078835264415,0.0242404468900724,0.9683437133722262,18.28993542700257
Heavy Crude Oil,-12.373554059334568,0.8576556963055767,0.11556250772717681,1.0,17.23914982286915
Heavy Crude Oil,-12.19187638722115,0.7044459559399575,0.019677683987121376,0.9101731817933612,13.487298509431394
Heavy Crude Oil,-14.13338056439651,0.7353427115757474,0.04592259981928024,0.9843570817536282,16.7632795138989
Heavy Crude Oil,-12.011958961974926,0.9479944138890026,0.10386841538238092,0.8569357899335869,18.046248154539313
Heavy Crude Oil,-11.191634934473011,0.6962753845673544,0.09048306609581959,0.8562190873307621,12.234400538071327
Heavy Crude Oil,-10.610733678702537,0.9909416640470131,0.03007162130904294,0.9281484618345286,13.698714861756345
Heavy Crude Oil,-12.730688075647045,0.7407606075761132,0.056800461516009204,0.9024260813972413,13.338099767177924
Heavy Crude Oil,-11.594314761330242,0.7949761890550864,0.08805259765667951,0.8546218168979202,13.846457338863335
Heavy Crude Oil,-10.866913161261365,0.8500917187624382,0.05112223776007245,0.9049666152714613,16.502774246743577
Heavy Crude Oil,-14.504107921682058,0.8543360192379935,0.06686881205270767,0.928529933429658,13.473481686914965
Heavy Crude Oil,-14.707323150996778,0.6372457562116838,0.1024042473330691,0.9129861250860741,13.191366749791182
Heavy Crude Oil,-11.042111311833938,0.6338479937731041,0.09669601006763417,0.8394491900118772,13.696327784395681
Heavy Crude Oil,-11.928901993025379,0.7139586634716047,0.08077222278850874,0.950314640460722,13.846216260953703
Heavy Crude Oil,-10.746461831902288,0.6870293145342382,0.12649020889576415,0.972078431032895,10.056710999745421
Heavy Crude Oil,-13.195342883205715,0.8577072127180541,0.08984773069785038,0.9185572936685654,13.79202962656836
Heavy Crude Oil,-11.870115318790651,0.784432276460792,0.15838910308299037,0.9127210421650607,15.675205324150404
Heavy Crude Oil,-12.6178154491837,0.7512393775927507,0.07837209060901897,0.9197226071189148,14.158031038359475
Heavy Crude Oil,-11.565337714655382,1.007540079864544,0.1435562351715846,0.883698823391608,17.40242784432789
Heavy Crude Oil,-12.612113059532327,0.5961875464822146,0.0495956844541298,0.8064604039487072,14.296973031917382
Heavy Crude Oil,-11.972372431215673,0.9676437312275283,0.11634636868820813,0.8890449735595568,16.658811162366977
Heavy Crude Oil,-15.316702963511828,0.8235614558108566,0.13854325969434836,0.8260706877110079,17.287508086413858
Heavy Crude Oil,-11.492255388758378,0.7584712086099199,0.13163909330531426,1.0,15.363732510116991
Heavy Crude Oil,-11.627669120549497,0.7540639100459756,0.057507781526760414,0.9415167908272123,13.287832348182265
Heavy Crude Oil,-11.892650644170912,0.7522342553234884,0.12394899128731961,0.9166831052643475,17.0750798885158
Heavy Crude Oil,-12.765024598282121,0.7730125064706629,0.05106181421088463,0.8777853369961944,15.754600986089704
Heavy Crude Oil,-10.864517075031973,0.7077834675822375,0.143480296005283,0.9677818929402475,15.826869806447402
Heavy Crude Oil,-9.184806281162901,0.7226210800896428,0.03776726483442915,0.811063987554786,17.992088622978365
Heavy Crude Oil,-11.018451515468913,0.7944415329089546,0.11399843131599102,0.8437255476350812,19.891503959233653
Heavy Crude Oil,-11.806168227037158,0.8109394794604894,0.1362883311949346,0.9240504615868357,15.447768048558263
Heavy Crude Oil,-13.185711683167968,0.8471468357135996,0.1941012248237517,0.9672710023077489,18.186373253278795
Heavy Crude Oil,-12.766823514646777,0.701039517974142,0.0937106539950176,0.9027862456144348,17.188383036941897
Heavy Crude Oil,-14.538696944572228,0.9529550319460615,0.09209960507105053,0.878655946502629,12.975791249479665
Heavy Crude Oil,-14.482285007798655,0.8823170583961915,0.1036658983594202,0.8355019550129473,12.409842455872768
Heavy Crude Oil,-12.503677048935192,0.9669021525289393,0.08702043243181977,0.8248428523440947,14.508513871828113
Heavy Crude Oil,-12.409085354621505,0.5303113357058429,0.0972852566741094,0.8884532734895662,16.392412729626837
Heavy Crude Oil,-9.226565857581981,0.9126565029547757,0.08655556547225848,0.8446737045629165,20.146719606499722
Heavy Crude Oil,-11.911172348978267,0.8013929291912947,0.09879374564449984,0.9099042380383928,14.711279176152114
Heavy Crude Oil,-12.860493010320354,0.7453141058759608,0.09836233648920009,0.8728287614433118,13.57430843464567
Heavy Crude Oil,-11.840354658462156,0.7745022782579145,0.17519964942913444,0.7674515095803495,17.183013703844924
Heavy Crude Oil,-10.130872211253557,0.592660976759185,0.08286562029598257,0.8814279567002105,12.184976610564357
Heavy Crude Oil,-13.166725031386314,0.6889424154534172,0.18761352217118116,0.9467839196573731,17.54311018998832
Heavy Crude Oil,-10.917491903935147,0.6870948228782772,0.07377398668601132,0.9244687280613959,12.555744382216108
Heavy Crude Oil,-10.930502354741417,0.7759674601841866,0.08125895962252014,0.9355479984101747,15.88852662297208
Heavy Crude Oil,-12.54144924872862,0.9159329803364249,0.04594683362000514,0.9307967803472132,16.186202515936767
Heavy Crude Oil,-12.464319658970986,0.8326133022242118,0.03744432118073484,0.9462013509603451,14.630195727114021
Heavy Crude Oil,-12.784084530778559,0.9049009225836889,0.06478281547286203,0.8295769351818221,11.886741652952193
Heavy Crude Oil,-11.09098507298154,0.6719570647503718,0.18773970909921825,0.7959035296058139,18.392912736580076
Heavy Crude Oil,-11.683473799196072,0.7903286888129608,0.07275404565955253,0.9199568057176035,14.924730595150303
Heavy Crude Oil,-10.345047176975218,0.811422764866204,0.10751508807309389,0.8818193893893073,14.886108752557865
Heavy Crude Oil,-11.538297346661912,0.6289831607343375,0.03259072889471435,0.9371632047011358,15.341730876255884
Heavy Crude Oil,-12.275975004529018,0.8018433933065393,0.11737908526808356,0.8730120159845319,13.443390549195374
Heavy Crude Oil,-11.706232117353478,0.7021627222384969,0.1204126377857236,0.814870819788108,17.058311274651288
Heavy Crude Oil,-11.291103776380435,0.8256029734313877,0.1491345491972757,0.9832737222231288,17.02874013003626
Heavy Crude Oil,-14.761311346997468,0.6720423033264299,0.06875907111521606,0.9013045525105418,16.035318040938247
Heavy Crude Oil,-13.088615719730198,0.8186766764477079,0.062230853382333876,0.8694241098504026,12.186677806303555
Heavy Crude Oil,-13.384849869166356,0.6648315394383667,0.05120633735113336,0.952682089830392,13.101202222336115
Heavy Crude Oil,-8.051426902743914,0.849331790088089,0.1092418061847437,0.8570821109909393,16.40061975881798
Heavy Crude Oil,-12.86345673935666,0.8122009814645362,0.22800422691343974,0.8951970050137675,17.298546652571353
Heavy Crude Oil,-13.05476463768883,0.7965011509503038,0.1885400317817755,0.8686516471106116,18.624897115993857
Heavy Crude Oil,-10.938372096816787,0.7437533224105732,0.13162038695277606,0.9486277224813365,16.24361992443439
Heavy Crude Oil,-14.355337079835685,0.7272862824175131,0.08762406822242477,0.8962783285449977,16.241344195101355
Heavy Crude Oil,-11.733448498600119,0.6664655641289899,0.11900989255029816,0.9305292872641912,16.11958089586208
Heavy Crude Oil,-10.378828911668068,0.8833922154548904,0.12295900396142184,0.8964917144270677,11.678078132968018
Heavy Crude Oil,-11.355572671301122,0.8207687687163112,0.11357894185976868,0.8361625712089845,12.837886919183475
Heavy Crude Oil,-10.420270720000644,0.7960444846143345,0.13407503486863123,0.9014159188065229,15.059512278991486
Heavy Crude Oil,-10.592574291036003,0.7483955271782626,0.10480603884704917,0.8768862355647479,14.131007545135368
Heavy Crude Oil,-12.463758185202959,0.8222133771633713,0.07606256891682615,0.9627878062786761,13.210785395560992
Heavy Crude Oil,-12.28030746624204,0.7560268941725825,0.17234889421768665,0.9098277388255788,17.06368907893727
Heavy Crude Oil,-14.228340559555457,0.8267050265869259,0.14448153978117187,0.9041141994637713,17.130960750130704
Heavy Crude Oil,-12.775932675150559,0.940934744018558,0.21494490618096251,0.881858071978017,14.108994957198457
Heavy Crude Oil,-9.81992328432345,0.9579572145730713,0.0738569986423366,0.8789906591452071,14.436430782278986
Heavy Crude Oil,-14.016675766551415,0.7081348053515802,0.049792961662396606,0.8616101217447936,14.930630225226437
Heavy Crude Oil,-11.648677901195219,0.9550500492814077,0.050082297963060456,0.9492161199238293,14.572022311548983
Heavy Crude Oil,-12.07419556447865,0.8674819492166604,0.043863898921885074,0.9191204873092026,15.332904416426112
Heavy Crude Oil,-11.261323103987777,0.8289168643907818,0.22276500699554472,0.8681130007874343,13.938006089996364
Heavy Crude Oil,-12.934710789637146,0.7444522880839746,0.06813064363467412,0.9594508265553776,17.84100849597971
Heavy Crude Oil,-12.856119440624214,0.7167644426895772,0.12357077781932022,0.8723888477859515,16.26586363551102
Heavy Crude Oil,-11.69561546872305,0.6484255885002769,0.1773752600665031,0.9897938836547762,13.774422619031228
Heavy Crude Oil,-12.581552339903975,0.8285865390724906,0.11672283949935126,0.9329272136336415,19.020409077532697
Heavy Crude Oil,-12.265420841241074,0.7201702755461546,0.03103403859927364,0.863453498002904,14.933746054252406
Heavy Crude Oil,-9.308163204723318,0.7482388700963829,0.11118939758194493,0.8991788551963624,17.376786546896167
Heavy Crude Oil,-8.209601361189568,0.746913122707968,0.0755280278740889,0.9522080438534536,16.363782979252623
Heavy Crude Oil,-9.229939011395949,0.8583928185325964,0.08203539546064703,0.9295327415346155,17.217407161165816
Heavy Crude Oil,-10.769276728203954,0.8507274031107298,0.1533337344794577,0.9584647795222837,17.764317982075056
Heavy Crude Oil,-11.026935168615536,0.7832881919683146,0.10733568432166615,0.9603254483254179,13.366128658025527
Heavy Crude Oil,-11.446990036690648,0.760666118767264,0.10143724114674088,0.963922593130365,15.382198136039806
Heavy Crude Oil,-11.930345177765776,0.6640143859020081,0.13731267830136104,0.9322742090570538,19.32650944661092
Heavy Crude Oil,-12.461667352429501,0.8219150327663939,0.11246918418553777,0.9788726639881737,14.809408935226095
Heavy Crude Oil,-11.58146771134449,0.8607896509716539,0.10933045615781792,0.8776783192724736,15.388179985796615
Heavy Crude Oil,-10.389552375210341,0.697348470058894,0.10664848370734381,0.8649939592530413,17.390093257849685
Heavy Crude Oil,-14.284780357175663,0.7441078152728412,0.11886059375322605,0.978276201461717,14.868499477854025
Heavy Crude Oil,-12.832799290039798,0.988115706944059,0.027599304979187802,0.7900597021689959,15.880028900106664
Heavy Crude Oil,-12.753081336528917,0.6978767182869288,0.13541782236496766,0.9121900356885599,13.871842738526544
Heavy Crude Oil,-13.920456598006341,0.8872457328280146,0.13251005889793305,0.8950412068110308,18.69327399209533
Heavy Crude Oil,-13.60512714948923,0.6474474829075262,0.06540459650593779,0.8977206991822251,15.486678898645383
Heavy Crude Oil,-12.361854086784495,0.8352055396514297,0.037423028790477784,0.972188230203663,14.835697643214862
Heavy Crude Oil,-10.324056252617808,0.8342725346377705,0.12283766095768921,0.9284883640116102,15.89541712003463
Heavy Crude Oil,-11.035915860198685,0.9329152530132432,0.10982605848507351,0.9354501878794257,14.820528611425546
Heavy Crude Oil,-9.839824176825791,0.732360769794073,0.1900470216455408,0.8979921024677828,12.138449795763904
Heavy Crude Oil,-11.807843377633816,0.731894834252512,0.14203217744943622,0.8673688010348805,14.10763313357044
Heavy Crude Oil,-14.834311096418297,0.7547693680750923,0.001,0.8208048588257139,16.520829312288594
Heavy Crude Oil,-10.821299762023752,0.8425457561784965,0.051651192843539355,0.897614432192901,14.992794921818863
Heavy Crude Oil,-13.737547033788813,0.9503398301767151,0.14386811452878356,0.8889517913085169,15.053771677989062
Heavy Crude Oil,-11.687425788078672,0.595826513157571,0.08764113087397016,0.8659007876001101,12.996759980210168
Heavy Crude Oil,-12.421650439328932,0.9797686526849523,0.1320421430633505,0.8714410505108602,16.145165562712318
Heavy Crude Oil,-9.900966845120998,0.8924633682912769,0.10298151849600871,0.8676531611147213,16.39644662722718
Heavy Crude Oil,-11.409771921867375,0.8895193220027733,0.1317585900840985,0.9524776357659668,13.929529576878863
Heavy Crude Oil,-10.023908901548511,0.81975996046924,0.2037630436312633,0.8655406090955217,18.4719276063305
Heavy Crude Oil,-11.703133824806029,0.7348581996385553,0.07580570829728393,0.883982634590284,15.848331892803833
Heavy Crude Oil,-11.21574676794675,0.7426299996061422,0.09878227038695087,1.0,18.455086340201422
Heavy Crude Oil,-11.345514495488953,0.8038003478168201,0.10600156633591307,0.9306758986365209,12.95441486960319
Heavy Crude Oil,-12.386064806135018,0.633141592612241,0.11996115613026397,0.932359796985137,14.033627075401252
Heavy Crude Oil,-9.639019855064952,0.677423433699766,0.026781255989509003,0.9112225909279986,17.094196605224308
Heavy Crude Oil,-9.474108462813197,0.754111573713106,0.1539340416715648,0.8980745765249647,14.65474540011836
Heavy Crude Oil,-10.67451009376999,0.865232287841342,0.02118039215078753,0.9738270174862949,17.760182708294902
Heavy Crude Oil,-12.938344052264295,0.8395803533437409,0.12470150931413694,0.9130336882911954,13.89938969230916
Heavy Crude Oil,-13.007435051907077,0.7974445929008556,0.15863645096296825,0.9271800077297216,14.258771335827788
Heavy Crude Oil,-10.842451934027483,0.5151457379369925,0.15743828501860518,0.813014311061095,14.275118117193736
Heavy Crude Oil,-13.679504841939217,0.6705318524279095,0.15804133936892598,0.8766149399344054,15.69300776346143
Heavy Crude Oil,-12.070380868318777,0.8477040827223122,0.10384109455301277,0.8358503887905715,16.99253363889428
Heavy Crude Oil,-12.74063487474197,0.6443418101340249,0.07859424195170438,0.9750379895317156,16.700443484226987
Heavy Crude Oil,-12.522978201611789,0.7650742295681572,0.08391824743913087,1.0,15.763870904463106
Heavy Crude Oil,-11.354937529213396,0.9030283454031842,0.11193945795132568,0.8870478927089649,14.607300301830044
Heavy Crude Oil,-12.107401889121096,0.7962777763490159,0.136381477181849,0.902597294290365,16.46528015443116
Heavy Crude Oil,-12.121074870162873,0.8078635190316091,0.001,0.9458163837351241,15.692976951795986
Heavy Crude Oil,-10.50298483521052,0.5103744621806311,0.2044187352390364,0.8930205185922413,17.216365633475032
Heavy Crude Oil,-13.559858890688297,0.8612773905062571,0.047329221841317194,0.8688115519652098,18.828062707733572
Heavy Crude Oil,-12.28602360114502,0.8217432873179723,0.1435033865344377,0.9247840943986303,15.300837810287153
Heavy Crude Oil,-11.452558496300663,1.0403415585238276,0.09711906014832074,0.9100549523357484,17.101308792015224
Heavy Crude Oil,-10.341711100563025,0.9187030305560381,0.13193651110145924,0.8428497543634759,18.26686306460219
Heavy Crude Oil,-13.719518089528032,0.8302635465239033,0.062286207499032104,0.8967930826703504,15.657524820606962
Heavy Crude Oil,-11.51796417682459,0.8421920754235285,0.18068556345293235,0.922676715075699,14.511686729418702
Heavy Crude Oil,-10.553869247567464,0.9189470488924641,0.03861960924315038,0.9298700034924929,16.402345484621797
Heavy Crude Oil,-12.446345255039988,0.9375706813311621,0.09249722064837365,0.9062788226735772,14.65385635143226
Heavy Crude Oil,-11.9766314286278,0.6903724913104798,0.027997455870285282,0.9797252531612486,13.306077303363345
Heavy Crude Oil,-13.487088524184461,0.5846609886396286,0.06805191261552489,0.8338455103296251,18.284030320272738
Heavy Crude Oil,-10.485274365986049,0.7311849654822277,0.21262179026721545,0.9490882743495798,14.350337232982755
Heavy Crude Oil,-15.749108572310359,1.0290942572590742,0.0305213766618202,0.8177300626521554,17.04514086401928
Heavy Crude Oil,-8.340371390491091,0.9384272818510518,0.12819545600261797,0.9297377170832644,16.706831117560615
Heavy Crude Oil,-10.861607115319853,0.8281191423969376,0.10521005519759381,0.8968703436050239,13.492070822266648
Heavy Crude Oil,-12.42101261530016,0.6307043185804615,0.09508301866026252,0.8505704446424541,12.792821365568457
Heavy Crude Oil,-11.730158773269782,0.93920022863446,0.14591583030011568,0.8214749698188412,13.020743726859324
Heavy Crude Oil,-10.588843218017676,0.7017512606461691,0.08876834250014877,0.9275026049512276,13.06331109027273
Heavy Crude Oil,-11.84193674078106,0.6665974505081796,0.06993161780243931,0.9159890967071269,11.814012532936662
Heavy Crude Oil,-11.339287893059401,0.7980362201073319,0.1276244977208574,0.9111957067032331,17.728280859947688
Heavy Crude Oil,-11.812163246028138,0.7570594458874748,0.1061148751516142,0.9271649014518194,15.09772014065141
Heavy Crude Oil,-11.939112463194176,0.7298008312193245,0.06685495412245258,0.8298697364100154,18.499153486373878
Heavy Crude Oil,-13.865794853086928,0.7307094802204093,0.06407963672154013,0.9447462188472221,14.410100643415944
Heavy Crude Oil,-10.128386890989399,0.7326509375756132,0.11394970811119011,0.8582326473370121,19.290298255546777
Heavy Crude Oil,-13.78139762854427,0.8309820710227028,0.13168884404660494,0.920689954872575,14.629424682244583
Heavy Crude Oil,-12.19473104960014,0.804381147197911,0.09264989991857557,0.9481939558397455,19.421046003182703
Heavy Crude Oil,-12.83623767751175,0.6630197020420923,0.09558589758243727,1.0,13.392650864060538
Heavy Crude Oil,-9.5413247918339,0.9677700814076441,0.07232058791460028,0.9284491539592638,18.256793246257075
Heavy Crude Oil,-12.568691611481231,0.7796419639897638,0.07091595430256782,0.8492621634653567,13.701444909867986
Heavy Crude Oil,-13.835910400143385,0.8034083468259227,0.06150133844706793,0.9116892955895374,11.888208707592746
Heavy Crude Oil,-11.503679651678315,0.8833528961608925,0.001,0.9187028284923786,17.455337984946585
Heavy Crude Oil,-13.814461528036809,0.9672572386837703,0.12095095046830226,0.8647494072120796,14.888461844684588
Heavy Crude Oil,-11.162509631217416,0.8076005391412412,0.12693779962231846,0.8539663203460317,15.338721648072156
Heavy Crude Oil,-14.12057174535747,0.78887739386513,0.054804617926760515,0.8632235028705116,17.472186350420873
Heavy Crude Oil,-10.363034819108597,0.8609138120907177,0.045384361766371055,0.8841795775152599,17.426195399958367
Heavy Crude Oil,-11.787424629540142,1.0319329539981694,0.1196658919697186,0.9096024558245016,14.381767071594997
Heavy Crude Oil,-11.799688642826577,0.7847530163619457,0.13540543383442952,0.9478351158397292,13.4280210789841
Heavy Crude Oil,-13.996849430336667,0.6163794626896704,0.12539956634562718,0.8448316696913063,10.694218814095034
Heavy Crude Oil,-11.417132093203554,1.049299951743279,0.09969645442300534,0.9419245387225821,15.16365871709513
Heavy Crude Oil,-12.148334479786714,0.8919076482987769,0.08548627279056743,0.9133696157035952,15.643395612392027
Heavy Crude Oil,-13.002135680464573,0.8992042349536523,0.09125201216522957,0.8622127420253578,16.073019687140807
Heavy Crude Oil,-13.347701972686556,0.8028181157369129,0.09954405016778983,0.9542947782915789,15.949396465759905
Heavy Crude Oil,-12.037540438117716,0.8817766299200288,0.16951037745086567,0.9278905153175931,15.02070523968676
Heavy Crude Oil,-13.96775434852524,0.6934886336924628,0.08473876478226662,0.8695243898920358,14.626057394029107
Heavy Crude Oil,-11.91502511265434,0.8529692754356731,0.09647506109704544,0.9243250821913102,15.12894882962024
Heavy Crude Oil,-14.963199849530806,0.7060664606181246,0.09279562221391924,0.8395152628579446,16.19985745999241
Heavy Crude Oil,-9.703873751484455,0.9218761851697317,0.0893278564534896,0.9745363068424976,15.297334914404223
Heavy Crude Oil,-12.505628956677059,0.7386597336459061,0.0848765156755936,0.8805911590729386,15.340832444750976
Heavy Crude Oil,-11.759139028425203,0.8003046020153415,0.1218469084873175,0.9595323137393171,16.899108270882646
Heavy Crude Oil,-14.227346952674855,0.5446078865098045,0.14671599556196369,0.831656065079229,14.550469196214634
Heavy Crude Oil,-13.755169539089039,0.6198019562419981,0.1270731364102394,0.9379577580151324,13.846979198546562
Heavy Crude Oil,-15.886563438217365,0.7453755551747517,0.11959020027012733,0.8260544215612936,15.36671983955831
Heavy Crude Oil,-12.022964773759494,0.8579291499601089,0.10597901842070767,0.8513465529559222,17.393143003328984
Heavy Crude Oil,-12.237794359540455,0.7972695460490069,0.0533366020463402,0.8778358874404245,13.230394571946198
Heavy Crude Oil,-12.259419089885135,0.9711708480142344,0.031404942853432184,0.8193219301061629,17.942340654987216
Heavy Crude Oil,-12.313985515727799,0.7330927261340083,0.15199523436980383,0.8697192230131569,18.652019427093872
Heavy Crude Oil,-10.983111192991096,0.7512088591854298,0.20786541066327519,0.8697142538498331,16.484190744018616
Heavy Crude Oil,-11.551061129390263,0.9301741289398798,0.17807555983634266,0.9016002074532884,13.493164259307633
Heavy Crude Oil,-11.310041785591325,0.7322284630247894,0.20066936237633115,0.9068267665541369,14.269356897375783
Heavy Crude Oil,-11.722979541202637,0.6652873710470304,0.05141929807446743,0.9600206953972213,13.686211442057209
Heavy Crude Oil,-13.57036647402291,0.8536652752527286,0.15928520773314986,0.9359476655332534,16.992095371611633
Heavy Crude Oil,-13.13519263285419,0.6578189333258156,0.17506668259777436,0.8838660080578933,14.498333967089906
Heavy Crude Oil,-10.007708787226413,0.855623000940066,0.12279438860408039,1.0,13.712963539239714
Heavy Crude Oil,-10.608239807878144,0.8057013124897086,0.11342961394316288,0.9764234213206266,16.015671512579246
Heavy Crude Oil,-11.19255588142555,0.9072507337309803,0.08175236352285574,0.8580395166330497,12.910381611957932
Heavy Crude Oil,-14.949534884064002,1.0056207129940322,0.044839581713915846,0.8889373188207115,14.446373400222159
Heavy Crude Oil,-11.538889953286349,0.8815737212539297,0.14302367441798727,0.8708461280715531,14.665756572427178
Heavy Crude Oil,-11.576130074267551,0.7751308873816454,0.18036727880099965,0.9245487475819126,16.469755572099636
Heavy Crude Oil,-11.005678096998881,0.9173473857485326,0.10905107793518536,0.8351584026022076,15.799375903505283
Heavy Crude Oil,-12.977035340687744,0.7471383318250243,0.12931820093775467,0.9619141535716819,15.042543153472124
Heavy Crude Oil,-11.536750481101555,0.9702214944635238,0.11203765897442843,1.0,16.131019291263087
Heavy Crude Oil,-14.641144138733727,0.8753341621104533,0.11905791924413889,0.9644876377041374,16.346362702539917
Heavy Crude Oil,-12.20768397597566,0.6775701763710634,0.08954883713569875,0.857473977289535,13.838953100390555
Heavy Crude Oil,-11.117132393369086,0.9669904504351406,0.11973357649114906,0.8402058468982408,15.88920533644028
Heavy Crude Oil,-10.205052770031523,0.7390217095680618,0.09329914166635413,0.9007344097364599,13.43020337383552
Heavy Crude Oil,-11.02757934923421,0.7879051851392219,0.1209766221953514,0.855625391109895,14.12508339935318
Heavy Crude Oil,-10.916427963258343,0.7627166847908233,0.18634819256167026,0.8800181907192699,15.449369451503772
Heavy Crude Oil,-10.601113752190365,0.6581634267066969,0.011959559400961207,0.8237171842714953,17.525168206854364
Heavy Crude Oil,-12.82778721883867,1.0558199285668253,0.07178762006713058,0.9092275651598519,18.08421990513575
Heavy Crude Oil,-8.990860667761316,1.00615035766364,0.16041831152965713,0.9512031262905731,16.185053898402366
Heavy Crude Oil,-10.832458385750044,0.7448814283671467,0.059090055828884644,0.8998312771294524,14.659630754950143
Heavy Crude Oil,-12.679842073990912,0.8696387447456716,0.14776526042852556,0.9044203443145924,17.955060162110524
Heavy Crude Oil,-13.712533671200257,0.7806340540720282,0.06415888396985976,0.806673169146347,14.834638628314602
Heavy Crude Oil,-12.182621262574925,0.9513449743242132,0.13154058422773887,0.8487906587835398,18.708185132668376
Heavy Crude Oil,-10.16844945671197,0.8582097703468616,0.08867579505750842,0.852028038163826,14.255586447857894
Heavy Crude Oil,-10.36687707044372,0.988458630593461,0.17716217641360946,0.8755575289106863,12.760765133421977
Heavy Crude Oil,-11.788670629633193,0.6231560634437149,0.11615838570923907,0.8926198706850665,14.067926996263516
Heavy Crude Oil,-14.392054600900194,0.8513600106569718,0.07336495801690443,0.8415041582144857,9.255475573436701
Heavy Crude Oil,-12.041272357575954,0.9772251596669744,0.1830629607273935,0.8771451871706865,13.79557587927644
Heavy Crude Oil,-11.296838615887465,0.7001614560811709,0.1150895949909733,0.9383040139192346,17.453866447768615
Heavy Crude Oil,-12.15023111471993,0.7796326249823035,0.05610087066217195,0.858655982298007,14.547042216196946
Heavy Crude Oil,-11.448951739775733,0.891358462623325,0.05984105246598276,0.9746344284479761,14.457752797914862
Heavy Crude Oil,-12.032050941522654,0.7252788320852177,0.001,0.9442022698180526,16.473687794184865
Heavy Crude Oil,-12.42199133567732,0.8066990717224872,0.12579696088520498,0.8218727071556728,13.94189464530741
Heavy Crude Oil,-10.80860298056726,0.6745710576830751,0.11467789660833147,0.8321709097688298,15.932859964867053
Heavy Crude Oil,-12.053462223446225,0.6384868184094491,0.15823696772285858,0.8632704211600976,13.37949512597124
Heavy Crude Oil,-11.699146204153585,0.9148637349428715,0.049208909051080156,0.9030839924923986,15.857633000661146
Heavy Crude Oil,-10.960341589105283,0.8176441555277225,0.08164860804583389,0.858620488967564,15.172287766092749
Heavy Crude Oil,-13.60820851797841,0.5078649516505392,0.1218279902078834,0.9451967420543098,10.274135128916324
Heavy Crude Oil,-13.514596057064907,0.8619154261005199,0.20287477348558494,0.9010396853837704,13.543994117541732
Heavy Crude Oil,-12.27434466165726,0.9374876419148185,0.06770179104377323,0.8600403996674874,14.034512955635936
Heavy Crude Oil,-13.429992912388068,0.8122670315994795,0.18123392292347804,0.9161539636558015,14.495292995747425
Heavy Crude Oil,-12.437716903373316,0.6436809191303343,0.14415548885735796,0.8961081401493599,14.63904017281875
Heavy Crude Oil,-7.2103386482327085,0.8298752908365686,0.06241044749524079,0.8786821201897228,17.29689141839351
Heavy Crude Oil,-11.830094384193353,0.6561722021682633,0.14596144672876019,0.8665927957230504,18.746595552435092
Heavy Crude Oil,-10.379927901428028,0.7552678104341249,0.16405081808675565,0.9033927755263702,16.70554735024444
Heavy Crude Oil,-11.272900774058288,0.7153643345009126,0.06782250838412691,0.9514980408790581,14.330449335786918
Heavy Crude Oil,-12.605472694862994,0.7044877420650647,0.12117995327967306,1.0,12.864934171491454
Heavy Crude Oil,-11.963670814990863,0.9412220555415429,0.09601793043771424,0.9226185898124868,12.875212943706241
Heavy Crude Oil,-11.357539354188527,0.7812855734995452,0.14928649978399317,0.9593693025782376,20.17912728403723
Heavy Crude Oil,-11.130550240179636,0.8325796316582167,0.10971921507886681,0.8823416853594656,15.676967686923382
Heavy Crude Oil,-12.443102115208545,0.8168460976269615,0.165879876780398,0.8496728717360179,17.27975712225809
Heavy Crude Oil,-10.024327398990202,0.7881931473008922,0.001,0.8696089006452784,17.593989093122218
Heavy Crude Oil,-12.034302093448323,0.700069776770509,0.07476125393858914,0.9420310013252277,16.093467136402758
Heavy Crude Oil,-12.358398148754542,0.7633175588185312,0.08041209254780891,0.8538794907750749,18.230751378938884
Heavy Crude Oil,-12.48348070381701,0.9217158520825497,0.1760658025961226,0.949915544907398,14.136759374563903
Heavy Crude Oil,-11.394404864495085,0.7975804393609084,0.054814906963493594,0.9162179640860801,12.641920417680396
Heavy Crude Oil,-10.218480917307655,0.7535382702701607,0.11005798279364197,0.9141643935773072,14.482190052591845
Heavy Crude Oil,-11.119959297787087,0.7525096343377476,0.1435648648728622,0.8327010159876626,15.252759159092824
Heavy Crude Oil,-9.091606501412572,0.6999668675394426,0.06611275147375743,0.9256953924829457,15.359163563879196
Heavy Crude Oil,-11.474054851089662,0.8489187130147664,0.1317360734280885,0.9554849920978112,15.819637313857026
Heavy Crude Oil,-12.361886481927813,0.8672573701202732,0.19499409674476076,0.8933683126808714,13.050941390658718
Heavy Crude Oil,-10.339378996069541,0.7879618836046403,0.001,0.9423710838575211,13.929343628092155
Heavy Crude Oil,-12.135799923456242,0.8331980330569015,0.10952498398895334,0.935472590856952,14.129027258860313
Heavy Crude Oil,-11.230341302735876,0.7740453322416083,0.13694052404437515,0.9307683742006527,13.12912259591081
Heavy Crude Oil,-10.371026825737452,0.7464036554885952,0.14040288991405725,0.9183643656700671,18.676367353590244
Heavy Crude Oil,-12.335198973557779,0.7650683203881803,0.09902901970561338,0.8848410108582863,16.5998838038841
Heavy Crude Oil,-14.424465912654881,0.6946317580853646,0.04660985392104035,0.9475153795986788,18.42122674516385
Heavy Crude Oil,-12.156673827806207,0.783117827680999,0.10350260815565908,0.9580939151304095,13.145293731618851
Heavy Crude Oil,-11.642446525897823,0.897519762978243,0.12505470849699227,0.9094790808299372,17.00209218513428
Heavy Crude Oil,-16.054848439498855,0.8677875319530908,0.06729621584362881,0.8084683551571772,16.022405199049963
Heavy Crude Oil,-9.939512182255564,0.7862551485372309,0.14764372736014691,0.9806139128994323,17.629828907168093
Heavy Crude Oil,-9.540053205942911,0.8742127491071893,0.10377168194507964,0.8199017094051416,14.507875023740104
Heavy Crude Oil,-13.264869892974287,1.0170942717497815,0.09120570937838317,0.9061602403392243,16.102970752080935
Heavy Crude Oil,-11.93459633044132,0.9695051040430753,0.06886753191327741,0.9097303727618622,13.515058828603904
Heavy Crude Oil,-13.980033766831058,0.7388230909094715,0.0981481601475794,0.878534888774137,13.615158040252288
Heavy Crude Oil,-14.109476195507751,0.7916894427371306,0.02476398129844989,0.9380027981844802,15.164879505869006
Heavy Crude Oil,-14.186327249197396,0.7690790922950137,0.06239217972047084,0.915958725520959,17.68090089204629
Heavy Crude Oil,-14.812758704468617,0.8115026079147417,0.09199336022166799,0.9335670038225233,15.426393256475379
Heavy Crude Oil,-13.127953997608229,0.7680946064333383,0.06019870715982555,0.9538003569299299,15.042623297343884
Heavy Crude Oil,-9.148213971370488,0.793933918618538,0.06457966165447686,0.8243142803693586,11.39372064748811
Heavy Crude Oil,-14.376203914508235,0.8267126651011484,0.1254362511614967,0.8209404648983933,16.79007662815223
Heavy Crude Oil,-12.724591577525159,0.814679301198555,0.18061103141277124,0.9448419657932766,14.462938704188335
Heavy Crude Oil,-13.33678833812293,0.5848184598670695,0.064042334037879,0.8894434880586153,13.025640945697633
Heavy Crude Oil,-12.196885450638456,0.8076851882958769,0.08875720090959607,0.8674998709588271,15.337309343933455
Heavy Crude Oil,-11.337089025645886,0.6909600922557154,0.17054661898731352,0.895070593385787,15.037699245889696
Heavy Crude Oil,-10.937678365115165,0.8233216131263502,0.14765683169566227,0.9143562082600912,13.775125250719125
Heavy Crude Oil,-11.457744712190848,0.6856273792679338,0.10542798528882616,0.898338500467777,14.58376628545492
Heavy Crude Oil,-12.192806267158396,0.6118150954502362,0.07256375461295193,0.9046422450570557,15.3197127839948
Heavy Crude Oil,-13.541512711388938,0.9265707840864701,0.05669125758927497,0.9484728600263369,15.85438872374337
Heavy Crude Oil,-12.969340964765705,0.9775310892609512,0.040318158412176,0.9459577086805001,17.001164636085957
Heavy Crude Oil,-13.005930313614968,0.9392465300064329,0.08749767427005237,0.9144346814639929,15.520643677542441
Heavy Crude Oil,-12.201463112205822,0.8810808273159783,0.13967443602761065,0.812573401338091,17.608680485756306
Heavy Crude Oil,-14.493737982053512,0.9032546204341658,0.15633525684137917,0.8454516784892401,14.17837142409083
Heavy Crude Oil,-13.658557002728903,0.7785078969711265,0.08459828579071295,0.938983026613467,17.62061749223922
Heavy Crude Oil,-9.906474283815065,0.7437831973421698,0.08953890631277361,0.8158280903889525,13.388259867007623
Heavy Crude Oil,-10.552722550353813,0.9615582823548232,0.0382825564060039,0.8703767870423553,14.947188486082146
Heavy Crude Oil,-11.579758261770591,0.7190396480078354,0.12120305222320449,0.8763080326464542,14.971095458243441
Heavy Crude Oil,-11.18057362799445,0.8006422269810938,0.07818070547367158,0.8945195098037085,14.823274081589329
Heavy Crude Oil,-12.555016544823191,0.7741203937332898,0.17993235852523587,0.928045972397062,14.409039363941679
Heavy Crude Oil,-10.954568393233897,0.7666180510243991,0.1586562318793321,0.9184821096099047,14.785395711991542
Heavy Crude Oil,-11.328424611284584,0.6429123847931502,0.04366162655450974,0.8403037496800473,15.285886189527414
Heavy Crude Oil,-9.401227500772363,1.0231300146192632,0.13190255507203785,0.9250422237472229,11.397884531694523
Heavy Crude Oil,-12.814010699601033,0.7212216248091762,0.0689576200874442,0.8915928090707606,14.055818844605746
Heavy Crude Oil,-14.968949715563681,0.8747910256117535,0.04636284871300968,0.9119623432055575,19.148165339499947
Heavy Crude Oil,-13.379076887379636,0.5469712477253671,0.08569978890599446,0.9550479817499286,18.916694908441187
Heavy Crude Oil,-13.844324391678626,0.8496699223236522,0.07673447716099734,0.8947025822847933,20.28868669403407
Heavy Crude Oil,-14.25445549259273,0.8253739661494573,0.12338465858827166,0.9542893162469673,15.195966306941791
Heavy Crude Oil,-11.537924190743846,0.760835143257821,0.11345634706225537,0.8828403862251295,16.243143779712103
Heavy Crude Oil,-12.554415504065451,0.8377100393902187,0.09853685931575108,0.9563025125386084,14.897212552823028
Heavy Crude Oil,-14.659548702310323,0.9261921500713992,0.05471338495686906,0.867311683067559,13.808677411913015
Heavy Crude Oil,-9.938342860243774,0.5864325786021304,0.25688742668299974,0.9528028404533027,15.446477828258319
Heavy Crude Oil,-12.08234100092443,0.8285554074857657,0.12605612141896694,0.9322607792975028,16.111208932006896
Heavy Crude Oil,-11.865628978117126,0.7802661579692675,0.09243633581732442,0.890254585982366,17.267540193734128
Heavy Crude Oil,-11.109664916578707,0.505961136533572,0.13279503882648805,0.9097368097359387,14.962582487108206
Heavy Crude Oil,-12.58277767963333,0.9124112719986014,0.1473763231061429,0.8613561166088196,15.81410457424907
Heavy Crude Oil,-13.45748510181193,0.662038183521107,0.06866413877050175,0.943119673619138,16.906250090752174
Heavy Crude Oil,-11.23037186985406,0.8725095786847997,0.12580891435574793,0.8679259202388524,15.863845089347882
Heavy Crude Oil,-10.799385712158477,0.8754291329813575,0.15944566857373216,0.9354151923600532,15.702896415083165
Heavy Crude Oil,-10.394774642525359,0.797347874075094,0.0559062674386141,0.8918466518028119,13.510194710387102
Heavy Crude Oil,-13.012767412461573,0.7855481329284483,0.06037900395000194,0.884601923518048,11.212770666092428
Heavy Crude Oil,-11.680059438940592,0.8001205475362224,0.05914556844659047,0.9329622834216202,16.875140275253116
Heavy Crude Oil,-14.411339796553461,0.7237275221433787,0.0615428825106351,0.8530048449445568,16.658949683863497
Heavy Crude Oil,-12.290739208159206,0.7735485158689389,0.001,0.9317709015104614,12.521483210293056
Heavy Crude Oil,-11.910101054600508,0.8277376937958193,0.16803292979193257,0.8345589800440444,8.96097568835835
Heavy Crude Oil,-11.724225682869458,0.9800511181510854,0.16194731764697187,0.9104829707637313,14.016727628735905
Heavy Crude Oil,-10.789316105044035,0.7026453800295531,0.12381788846781096,0.9252735079583314,17.12041981499776
Heavy Crude Oil,-7.860509941633383,0.8392415967178768,0.07455181871462506,0.8987212843904003,11.461848190221763
Heavy Crude Oil,-13.042069696633588,0.7590717561886896,0.07379558010327038,0.9076177436016861,13.355160135235598
Heavy Crude Oil,-10.318453999013293,0.8000207064918198,0.09953498394306869,0.8836052641743541,15.310381367717959
Heavy Crude Oil,-10.762352602998549,0.71328697842891,0.06709417554623717,0.8848136985611668,12.30825815305357
Heavy Crude Oil,-13.228886789582246,0.7523779126455341,0.14371945903563638,0.9131280664500963,15.387179822735089
Heavy Crude Oil,-10.723653056748041,0.7862628211600604,0.11952324249644448,0.8948389123533752,15.530724698799258
Heavy Crude Oil,-12.874137986417374,0.5561182841723571,0.0932860418906848,0.971137406804997,16.852430804483184
Heavy Crude Oil,-10.551903773113244,0.9236130721806218,0.10443287954807189,0.9098657853702798,13.7646962091313
Heavy Crude Oil,-12.474109284040575,0.8615771149771142,0.16019422185844082,0.8930276862159501,14.099621470297176
Heavy Crude Oil,-11.999208061715104,0.8601206748929116,0.02780725919332291,0.7851909523431381,13.898926301016832
Heavy Crude Oil,-13.831068638871239,0.749185980235269,0.09261098405912643,0.8773375795488494,17.90493506894149
Heavy Crude Oil,-11.50988285309652,0.8300474359610829,0.1311103572021701,0.8430583441109616,17.078223574840536
Heavy Crude Oil,-12.11364642980319,0.8670480617241213,0.04640713834799223,0.8223120616991968,16.63577931605006
Heavy Crude Oil,-11.435385710853724,0.709794844564249,0.056516845936265284,0.9562717392207385,12.621176214265343
Heavy Crude Oil,-9.535990570116056,0.7099379265352131,0.13191959628041916,0.8835690762125508,16.206374862164687
Heavy Crude Oil,-12.81617100317129,0.7837207093927706,0.10204595876978606,0.8498906272109263,16.481648690840252
Heavy Crude Oil,-12.769820349707377,0.7771400084659982,0.05028253126957439,0.7718833170602345,14.617944474799662
Heavy Crude Oil,-8.381076867580626,0.8784604287898025,0.09903698101328028,0.8868554585395866,15.044931785624092
Heavy Crude Oil,-11.179321327237185,0.6819187184691156,0.15571608473344362,0.9357690657720622,16.43637145141587
Heavy Crude Oil,-11.342286391785409,0.8019616657693991,0.13364306179834098,0.9295907066870689,14.291918578117953
Heavy Crude Oil,-12.860402659345352,0.8101856295261988,0.17745100757475937,0.838044646217305,12.06494946849512
Heavy Crude Oil,-11.752858738145225,0.8050887701856019,0.10866708321852042,0.912197659895425,14.55359549073039
Heavy Crude Oil,-9.765204842096876,0.6399096021523485,0.058575148760987704,0.8948372619925477,11.713622377691665
Heavy Crude Oil,-12.263781606648108,0.9661470165728019,0.10104432441479809,0.9115350452859342,12.47967046965484
Heavy Crude Oil,-12.924542112059216,0.7624803619676064,0.08411424516218831,0.9640821897501884,16.11538212145025
Heavy Crude Oil,-13.667186935405548,0.8246504778432006,0.12491108742483926,0.9570074519260634,18.161081373136746
Heavy Crude Oil,-13.522641287741802,0.7189142488789663,0.03712110705426919,0.8882990070446509,15.932716748892668
Heavy Crude Oil,-10.518998225116347,0.7924048976357477,0.08400762383725781,0.907587899612437,13.329714196739953
Heavy Crude Oil,-8.86569191745784,0.6392338972881941,0.10923702894478624,1.0,15.013599689119996
Heavy Crude Oil,-12.285058552502242,0.7642554577189573,0.09098041591187961,0.9686424237338266,10.576276177340986
Heavy Crude Oil,-9.699849448055511,0.6576042847549856,0.08666738353827927,0.8785377789850669,16.17710653954144
Heavy Crude Oil,-14.397186527825621,0.8462172666081943,0.20121548116434262,0.8318412997703595,15.379412335220792
Heavy Crude Oil,-12.992973266694914,0.8425887206193037,0.1009573888707876,0.8679256545477846,15.975744569742147
Heavy Crude Oil,-9.293477835319885,0.7809096208272702,0.1359878971074091,0.8353363521064419,13.087127246363982
Heavy Crude Oil,-11.291390583179433,0.9484116028535965,0.117780667439283,0.8843470984738423,14.998582810846708
Heavy Crude Oil,-13.875611600954576,0.8604515326355368,0.14411665311617047,0.877395483358346,14.059915704480996
Heavy Crude Oil,-11.601182655521928,0.7563280263959405,0.09669336926870888,1.0,14.505948598508006
Heavy Crude Oil,-12.537510228031833,0.7352458194364841,0.13720959857499684,0.8909387913390949,13.701253923357148
Heavy Crude Oil,-10.018043951590482,0.9419603004513638,0.06997882171306474,0.8066730024319692,17.015027379673846
Heavy Crude Oil,-13.026944738640006,0.8790625599162769,0.0014948091144082133,0.9446298669149655,12.577656141438437
Heavy Crude Oil,-10.903853821400213,0.8014273067836435,0.05230302903016776,0.879648184353661,16.3726369139134
Heavy Crude Oil,-11.841158320327148,0.8584412980472484,0.1988220292257743,0.8217879194144474,18.23442514993725
Heavy Crude Oil,-11.84346609371518,0.7101215951676872,0.033484318713050513,0.8905439804611484,16.843300223848917
Heavy Crude Oil,-12.1913236805663,0.9511154930247347,0.027441215497422056,0.8993955526076973,12.495213111173761
Heavy Crude Oil,-11.454552176062549,0.8886887390097301,0.07896191031594735,0.7697893071686434,15.39789629359299
Heavy Crude Oil,-11.344892172399737,0.8404294754961698,0.1617891095911077,0.8464473160175475,16.3604322109009
Heavy Crude Oil,-10.211238731283037,0.6221412415993484,0.11598259129594887,0.8747910084496164,14.836954653796708
Heavy Crude Oil,-11.478485274692495,0.7512771435886448,0.06621459604191941,0.9017076208744013,12.825508122274396
Heavy Crude Oil,-13.628737693327778,0.8679373282956504,0.042560298242067196,0.9333156250454606,15.925182585707903
Heavy Crude Oil,-14.588710093185895,0.7322435347664346,0.15970547015236863,0.8509417234430159,14.071191475381225
Heavy Crude Oil,-11.306908660122156,0.8783390509282596,0.08742305569777523,0.8701244902654179,17.844739723397016
Heavy Crude Oil,-9.391650504303632,0.8978858050781796,0.1042659071282512,0.8595867139179537,13.33911118688687
Heavy Crude Oil,-11.216228842101364,0.8418398220888684,0.1700799296473215,0.932522504626807,11.993839396480364
Heavy Crude Oil,-10.422078573415622,0.7001939372685587,0.08080143640238242,0.9125100103125847,18.991334979567927
Heavy Crude Oil,-7.335122165991959,0.8606723059136183,0.09084016906398061,0.9267252824240275,16.775310851747673
Heavy Crude Oil,-12.481001438335788,0.9795211355912322,0.1115035379595701,0.9248871544545697,16.331848504108923
Heavy Crude Oil,-11.367620084078316,0.8838940500469613,0.06913734067265383,0.8720849123026985,12.79969153405661
Heavy Crude Oil,-11.34074815406966,0.8778936503512115,0.12288864330759429,0.9837246216673768,14.988807962341907
Heavy Crude Oil,-10.996887516611231,0.6908299123860686,0.08064501487627995,0.9347768878782889,16.69820422148629
Heavy Crude Oil,-12.440950421496273,0.7928400748141934,0.02410631266595953,0.8821485399596696,16.780766327039572
Heavy Crude Oil,-11.13719247584015,0.850066572138121,0.10248868435904801,0.9003531579314088,13.679357721053107
Heavy Crude Oil,-10.951757369696198,0.842097294438939,0.12460094239963997,0.873698257866621,10.693314160257511
Heavy Crude Oil,-10.354270932369456,0.7521162543991596,0.05686121179784397,0.9346739455956997,14.215974720161741
Heavy Crude Oil,-10.410095423930068,0.8617005949576698,0.13417846616002388,0.8317022144399733,17.4238879707728
Heavy Crude Oil,-11.608124203149217,0.7630722860753797,0.10716942336711256,0.811188238355084,15.817305622961342
Heavy Crude Oil,-13.544057262273107,0.6647329714156466,0.023882040689105447,0.9556344187494963,13.741473212614423
Heavy Crude Oil,-9.699408435125251,0.7464198536947703,0.014632102120352665,0.8441737780025671,17.471623240013876
Heavy Crude Oil,-12.233847266905002,0.74517127035094,0.10800091129263939,0.9250891368083772,17.23479763180492
Heavy Crude Oil,-9.82725115516061,0.7640231354210915,0.033697615695898075,0.8793267419438362,15.520561013165771
Heavy Crude Oil,-13.445638389315917,0.7042849085104957,0.11718939407749428,0.8975673824214775,15.065593990823173
Heavy Crude Oil,-13.137743002050104,0.7769599285794233,0.053788342786584786,0.9445099205562394,17.070498669447506
Heavy Crude Oil,-14.769281793357141,0.7070489139807591,0.02517353724549605,0.8674988032796551,14.833124060419278
Heavy Crude Oil,-14.174467829547796,0.7078140186874687,0.04980213139592509,0.9103633664699472,15.138688674072501
Heavy Crude Oil,-13.08260633000588,0.8176820872139399,0.07266599577063673,0.8864172444836974,18.346904180597075
Heavy Crude Oil,-9.989308422314478,0.6700418763072403,0.14148662089395872,0.9405698277245796,12.703473422494763
Heavy Crude Oil,-10.771833534367708,0.9537931918412553,0.04387275968777931,0.8541248589492868,17.035322933687006
Heavy Crude Oil,-11.592757033761528,0.8551476275239523,0.11702946082002484,0.9195347960464072,12.347055743377833
Heavy Crude Oil,-10.429023440067828,0.9169589992427774,0.08853046279659861,0.8978261525093069,11.937784994888554
Heavy Crude Oil,-11.228617865973247,0.8572057441714145,0.09689044915003446,0.9562176679935251,14.331845538040119
Heavy Crude Oil,-11.1530911111596,0.6980335661307885,0.0988223924562881,0.8912822871048582,15.450615844081883
Heavy Crude Oil,-12.554290393250037,0.7868527404328333,0.14130235857207532,0.8781617881380891,11.786845798522641
Heavy Crude Oil,-9.37562414369187,0.9381454078690487,0.03538686524471907,0.9344853902622597,13.994050458897314
Heavy Crude Oil,-11.60476917700341,0.8294224129013494,0.08827960998418391,0.8608117167206802,13.618917895367481
Heavy Crude Oil,-13.374287873221864,0.7168177791769555,0.09664108549753224,0.8642120005444625,16.36410413142524
Heavy Crude Oil,-9.76913076699611,0.7419946758629957,0.11197022502676886,0.9249842555151467,15.944004541838549
Heavy Crude Oil,-11.886067098125869,0.8742682418359723,0.12411244763403287,0.8381168788836352,16.738312128778546
Heavy Crude Oil,-10.669063744099887,0.7236713895821418,0.10189689177238011,0.9341664496405535,14.581372360841277
Heavy Crude Oil,-10.390532928350982,1.0363872494619362,0.060700698368250885,0.8309477698423112,15.60763719120975
Heavy Crude Oil,-10.917656242310784,0.7769133626155231,0.17266303316605175,0.8330697100138376,16.385837246063222
Heavy Crude Oil,-12.90879123113834,0.9719377906207297,0.19962576765840592,0.8616671706108326,13.900885728182839
Heavy Crude Oil,-10.710618169530298,0.7612869350210486,0.09772943910338809,0.9012694210271205,11.160653687604688
Heavy Crude Oil,-12.020756619141356,0.7310272225935827,0.07534385888001141,0.9721816001734407,12.486986211441486
Heavy Crude Oil,-10.780192219878034,0.7721037069668192,0.08601199157520828,0.9395185948025856,15.68010258913778
Heavy Crude Oil,-11.144080504170704,0.8968184660532862,0.08343458084083387,0.8693881632746125,12.829698946884404
Heavy Crude Oil,-13.238115794968433,1.0949094425308725,0.16223397903683934,0.832446281689599,12.35508408651286
Heavy Crude Oil,-11.277200907422262,0.8547264797377967,0.12744419176586821,0.8872522103223152,14.749091479994199
Heavy Crude Oil,-11.508180713760964,0.8085893006293331,0.001,0.8885100184712403,13.297187131479372
Heavy Crude Oil,-11.737182871637232,1.0985259002603411,0.11837408327371522,0.8843235156913801,16.843603003954506
Heavy Crude Oil,-11.27596816918618,0.8420094490451842,0.13034252966078355,1.0,12.738223129348167
Heavy Crude Oil,-11.289551884782819,0.7073618870018462,0.12777563231711242,0.8540656744256953,14.165266372789832
Heavy Crude Oil,-12.442634871356859,0.8975816719344709,0.14592272219712069,0.8377141311776808,15.109868221999697
Heavy Crude Oil,-13.064369782123759,0.6741495089324666,0.08914914747878148,0.884575860577209,19.853432972691046
Heavy Crude Oil,-11.350560261958956,0.6622382499245764,0.07176129979145289,0.95106916477147,19.17688554573985
Heavy Crude Oil,-14.378974968356937,0.6120075614860956,0.1935482587685891,0.9194807088685453,13.263414536247268
Heavy Crude Oil,-11.198056370816348,0.5364252260983122,0.10016877532985806,0.9163910586421543,16.84854027907566
Heavy Crude Oil,-13.520843928438806,0.808568716140336,0.05372876869702064,0.9127691877837159,13.209307355273952
Heavy Crude Oil,-12.612151258740331,0.7004184605209771,0.13255681209118286,0.9429225558328332,14.530758860085172
Heavy Crude Oil,-11.942643007559958,0.6551408585366456,0.08501616759966066,0.8974897691479128,20.24158618205995
Heavy Crude Oil,-13.667950538661245,0.9464177238752438,0.1498429386732904,0.9140318202245068,18.51724096839027
Heavy Crude Oil,-11.441841791089706,0.8389159195667929,0.09734396734912273,0.9611784441209315,17.19293846762177
Heavy Crude Oil,-12.938515931244318,0.6680752805401233,0.08985096813021715,0.8599980717801177,14.87295085076929
Heavy Crude Oil,-10.143842797973791,0.754269834491321,0.09785883093442126,0.9029011367404198,16.69686176441057
Heavy Crude Oil,-15.370334000976907,0.7393299705234704,0.11056418461397363,0.9600039478213431,14.01619510498759
Heavy Crude Oil,-14.814829059062811,0.8619711445966137,0.06823188055871854,0.840516667045482,13.751309220573551
Heavy Crude Oil,-12.276788036483774,0.7395255335461788,0.001,0.9448533098443567,17.549750082557445
Heavy Crude Oil,-11.022717012990741,0.6862314329575184,0.08992542330262411,0.8996739342385272,16.19758877912382
Heavy Crude Oil,-10.997489266922878,0.7265826201221505,0.10409977782067803,0.9228640202307621,17.91164464429353
Heavy Crude Oil,-10.943240190262916,0.8789056687375519,0.10419133139646805,0.9705229572601752,15.819525591918994
Heavy Crude Oil,-13.291631865260356,0.9403369970125192,0.1348951636269514,0.8778477989435759,14.041014065201514
Heavy Crude Oil,-11.555136682288857,0.8463184795267585,0.10986461328156034,0.9155654336721443,18.39991474915276
Heavy Crude Oil,-10.392685271647672,0.8190635591265025,0.14706552903837417,0.848373804823623,15.795854099893617
Heavy Crude Oil,-9.286040475400334,0.7781954104607627,0.057618303569045765,0.867395555570347,12.820733925315224
Heavy Crude Oil,-13.177142862191555,0.7629491901409972,0.029721649041067902,0.9007809166974802,16.804554347573294
Heavy Crude Oil,-13.36163427022038,0.9519283923641769,0.12553960442637974,0.9515290292812029,13.684330892295726
Heavy Crude Oil,-10.718212159400077,0.6908066099604687,0.14451237504182543,0.9085919669896766,16.106502439969567
Heavy Crude Oil,-13.763391908437278,0.7104930157723396,0.12986141091266926,0.85258259978879,15.926412584198246
Heavy Crude Oil,-14.050706709690369,0.8848174212666668,0.03837383426157455,0.9276149968839762,16.251261867292
Heavy Crude Oil,-13.045157727644362,0.8582026567084727,0.1130221131666778,0.8730579071903631,12.982890631847583
Heavy Crude Oil,-14.943938537508869,0.8349650047299694,0.021759861431897246,0.9047672099720654,14.473103567835501
Heavy Crude Oil,-10.981285836842707,0.7697954500510136,0.08352761068264544,0.9365935352144148,15.670116058168235
Heavy Crude Oil,-11.525766064225833,0.8469267589808527,0.02322139383964471,0.9378394339993491,16.224937588027206
Heavy Crude Oil,-13.525024692864745,0.77559195263258,0.09803463561861844,0.8932751607799134,15.66771993313707
Heavy Crude Oil,-9.852949827253225,0.9081766727672829,0.03438904032842969,0.9311034995153025,17.657866639070818
Heavy Crude Oil,-11.419787218966196,0.9090980425185967,0.20061352228503826,0.9511854773053491,15.498617191283458
Heavy Crude Oil,-10.43236728887287,0.8144887833096892,0.10119515216424778,0.8824292882143134,18.126826717664215
Heavy Crude Oil,-13.227642998913002,0.9532367724678117,0.12499320618701856,0.8300346912599029,15.735298585982843
Heavy Crude Oil,-15.150039761477435,0.8625508016831036,0.14426157414944957,0.8703822022173974,15.247095391911165
Heavy Crude Oil,-9.068763849374571,0.7494253295738064,0.047054620647169976,0.97408317012313,18.925174381061588
Heavy Crude Oil,-11.99445649222823,0.9011463035408357,0.16707379577654408,0.8628757883730808,14.029388329264263
Heavy Crude Oil,-10.153688230267898,0.968501427870851,0.12814404300871773,0.8560092823248973,18.974122223398883
Heavy Crude Oil,-12.796456346717946,0.7664862218828549,0.11711689172448107,0.9777080210357387,16.70795195310445
Heavy Crude Oil,-11.377701749457135,0.8463288530118107,0.10217573343217332,0.9279069757259253,9.940879844611395
Heavy Crude Oil,-12.444911188604697,0.8241321934916781,0.04244929581902465,0.9193161658905781,14.591057558027757
Heavy Crude Oil,-9.366786452526764,0.9573019725214857,0.07670972154409186,0.8924581144216652,14.852104868783215
Heavy Crude Oil,-12.677489214239435,0.8195024984028128,0.062085896555620496,0.8434692332531237,16.245422447800536
Heavy Crude Oil,-11.055705623667285,0.7195684240340008,0.14476777153812997,0.8684211135417335,15.506330476075963
Heavy Crude Oil,-10.769483981081317,0.7966387435296287,0.12273704560705674,0.8741785178056214,14.607066833143806
Heavy Crude Oil,-12.30878914632051,0.7253421653459762,0.0911612918442109,0.8225690850568127,14.017692505715791
Heavy Crude Oil,-12.427313240054506,0.774382024750462,0.08792512770646105,0.8969117900069936,15.958883036172129
Heavy Crude Oil,-10.688224388801217,0.7350234773151734,0.03983995723054278,0.8478977793878448,14.025594157610145
Heavy Crude Oil,-12.527881976724764,0.7230003933802543,0.035194166787505275,0.8771939586262906,15.362853240227942
Heavy Crude Oil,-11.107455801246653,0.7442576946891679,0.0793501088928283,0.8536650845576345,14.937121659250447
Heavy Crude Oil,-13.272642951286223,0.85731278132412,0.010706675403294442,0.8820185163773769,15.602214678383485
Heavy Crude Oil,-11.724248225516243,1.0693033663980498,0.11749000122839537,0.8497972701578995,14.809071505821853
Heavy Crude Oil,-14.664369500199678,0.7919400250703239,0.05834719714996207,0.9457695137780081,13.90091945080893
Heavy Crude Oil,-12.17514887369287,0.7364442158595597,0.1869425675926666,0.8839378616941045,18.665114086958404
Heavy Crude Oil,-10.7787723568226,0.8482066727335387,0.118436657365876,0.9196898649108126,11.14465484130878
Heavy Crude Oil,-12.418325091226135,0.8845157971184322,0.09755514082629473,0.8297405076598212,14.89519109884506
Heavy Crude Oil,-9.443841725616764,0.924689171553472,0.09689979953169842,0.9475724638529044,14.266985959263897
Heavy Crude Oil,-14.55580738024008,0.7075534011870446,0.1781444384254099,0.8863003459085348,14.513232041249964
Heavy Crude Oil,-12.44975729441232,0.9904136589573007,0.18129794576810318,1.0,14.681909579199898
Heavy Crude Oil,-11.556563266879357,0.6483357450579209,0.17384672130591372,0.8416110224366032,15.433551127525257
Heavy Crude Oil,-13.645953791449266,0.7411133173261304,0.058136878447514986,0.8696062369662091,13.921754593702042
Heavy Crude Oil,-12.822403192387615,0.8833333911780308,0.044756860346874,0.9110270713506934,17.435918304611118
Heavy Crude Oil,-12.769794546770093,0.7282081109252398,0.08847376874098746,0.9589862604180356,15.388215261906716
Heavy Crude Oil,-12.796821441911398,0.848387665118804,0.044885392508178835,0.9340679755221474,15.817214615403534
Heavy Crude Oil,-12.461712706708326,0.7161414201552769,0.05566595388582713,0.9267408668172955,17.457961004978124
Heavy Crude Oil,-12.955961620543192,0.8458386703551485,0.001,0.87076911346714,14.937882134258196
Heavy Crude Oil,-13.36452512547275,0.7063493625210404,0.0666110221765557,0.9146096364163186,14.625341963187251
Heavy Crude Oil,-15.357346849987458,0.5879299847364934,0.06965674110714125,0.9228843293026776,9.50499031454953
Heavy Crude Oil,-12.749595264227446,0.7473752143482579,0.1694168889104224,0.8807489094143568,15.765977969481856
Heavy Crude Oil,-11.788114289868805,0.5869433520192799,0.13841036083158686,0.9107698252728145,16.01653727934918
Heavy Crude Oil,-6.11064344034551,0.5915887060501411,0.18623483248805545,0.8856276240299823,15.574657808806018
Heavy Crude Oil,-12.068268367951863,0.7575763666601957,0.07150835358806208,0.9164754367786505,11.965652606656642
Heavy Crude Oil,-10.874131248717351,0.7583805595114747,0.043496533047982115,0.8774993571002093,17.514298433725145
Heavy Crude Oil,-12.803002630524334,0.8358453618209621,0.06345218621422634,0.937896092496181,16.371015477580407
Heavy Crude Oil,-9.227086750055383,0.7824436054500785,0.13343274023789534,0.9049033769769472,17.591743563726027
Heavy Crude Oil,-13.078248581413096,0.8745005312877282,0.09026513519416592,0.8967905911445752,15.183504968896745
Heavy Crude Oil,-11.621639405359984,0.7883770956878042,0.1107356591585263,0.9789059028781093,16.970899371230438
Heavy Crude Oil,-10.696268111254655,0.754446047397613,0.05553795858858378,0.9477650279118877,16.752093585059587
Heavy Crude Oil,-9.790993986373527,0.7396019374030771,0.08852256723198265,0.8180257918737283,14.215057787878255
Heavy Crude Oil,-10.50514423413083,0.7533504620771803,0.1320239897600412,0.8904748447001094,15.648114056443122
Heavy Crude Oil,-13.7215370847235,0.8085209449633901,0.001,0.8906551920919008,11.73905351256972
Heavy Crude Oil,-10.191008225179775,0.8777407352764511,0.12333354909830406,0.976050311357969,13.102166958350326
Heavy Crude Oil,-9.378955203126663,0.8932191564260386,0.0881722356390527,0.9567810073591473,12.787412975176732
Heavy Crude Oil,-13.23677124229151,0.73914102767603,0.07355111459679924,0.8471721178619874,17.44616613419065
Heavy Crude Oil,-12.388281600554748,0.835250496835688,0.07148243167931598,0.8089698349725741,15.540114716782844
Heavy Crude Oil,-14.868382463129665,0.7931365953914532,0.03158424805835948,0.9993637999615405,16.822725444349445
Heavy Crude Oil,-11.841369313092779,0.926370667765467,0.057684201126713214,0.9271739689335047,15.399620867437427
Heavy Crude Oil,-11.603969877999495,0.9272353500106768,0.1366246051389901,0.9144361831412512,11.690225127543407
Heavy Crude Oil,-13.440069442919196,0.7877291066404276,0.10466861871383257,0.8434898137663038,19.823353351156843
Heavy Crude Oil,-9.72540891711964,0.8602118320392484,0.10360184306418725,0.8893895515049424,13.096163079955529
Heavy Crude Oil,-11.883779222221706,0.8257752540142751,0.037911971225918786,0.9167088208622449,14.689481902350503
Heavy Crude Oil,-14.861711336816086,0.7139614989220499,0.07931972332891779,0.9943843828670095,16.113106249067517
Heavy Crude Oil,-14.003222353649836,0.8486036289417638,0.022634800553081726,0.9541345526943537,14.057750696364243
Heavy Crude Oil,-12.140454283108756,0.932579664754219,0.035641821570787505,0.8301440907443505,13.83280134730799
Heavy Crude Oil,-10.442431723471024,0.6480653924523158,0.001,0.87744205707955,16.10348159982184
Heavy Crude Oil,-10.199607375391755,0.7536838637914601,0.07942866964419988,0.9576950367127874,11.260516600609158
Heavy Crude Oil,-12.582781162774515,0.8190423889925058,0.12246093606425172,0.8745096653404559,15.068882023411682
Heavy Crude Oil,-15.732491030119483,0.7341751587666152,0.12267543562772337,0.850885298287266,15.117968443179194
Heavy Crude Oil,-11.329691248795953,0.7657450799142236,0.10852318854982855,0.8518633717357694,14.586777440607907
Heavy Crude Oil,-11.084675745616167,0.8156972960968435,0.07067343652180323,0.9112108202145397,16.429219581273237
Heavy Crude Oil,-15.074911917866217,0.9159074064955898,0.08318726306594641,0.9212744966620116,17.394493847290455
Heavy Crude Oil,-14.057510545845698,0.7290558997572454,0.08557256520621477,0.8608123239437786,18.469873151673617
Heavy Crude Oil,-13.285158140740188,0.7444453220513134,0.11021945158014884,0.8398925236961956,14.208638576487472
Heavy Crude Oil,-11.523820108124738,0.7667139595617489,0.09533065705500259,0.8735333943775815,11.971059381638465
Heavy Crude Oil,-11.517610182991142,0.9754933071647242,0.10092008153917191,0.9112632058623775,16.38544551023372
Heavy Crude Oil,-13.90399574482005,0.9702514658129606,0.11011643982114011,0.9815928449544554,13.533934008952022
Heavy Crude Oil,-9.272907116163262,0.8775155494034783,0.12765200429261792,0.9117012227176574,14.5029427638511
Heavy Crude Oil,-10.19920251228919,0.8140359869848047,0.0016465148206423641,0.8441406769146499,14.628308495614506
Heavy Crude Oil,-11.535001525251667,0.7943411511100105,0.16094853948968318,0.8024449067980688,15.28717587301032
Heavy Crude Oil,-14.726968838080731,0.8759712295484169,0.09527706427789986,0.9209804986012059,13.272234078820468
Heavy Crude Oil,-10.080802602513373,0.9041724664058852,0.12917721515059438,0.893524137656828,16.159714570590264
Heavy Crude Oil,-13.060338851981024,0.8855555659020713,0.18247404471619605,0.9535305279989593,13.54079506038518
Heavy Crude Oil,-11.457874024090346,0.6706858456241352,0.1286195155587838,0.9225301706431269,11.260367320935671
Heavy Crude Oil,-13.742675765868546,0.7716861103256233,0.0849570126429587,0.8395261532290598,15.777957458704368
Heavy Crude Oil,-11.622789586589231,0.7805730868021481,0.062210424992081854,0.9524353563208282,18.31081422617659
Heavy Crude Oil,-12.725342225769806,0.738783308284518,0.12456038327059983,0.8820985310126507,14.721205598673532
Heavy Crude Oil,-10.890520272412992,0.6090643912492708,0.16591511624263347,0.903634026216467,14.17701371087564
Heavy Crude Oil,-12.133851231332173,0.7962429355020519,0.01343993482775373,0.9747469113726618,15.082651264541237
Heavy Crude Oil,-11.335496804328937,0.8951549770574043,0.04894187712198497,0.9236735949517615,14.464717818202413
Heavy Crude Oil,-10.72984383717526,0.5872772579648505,0.09504528498793656,0.8698589672108019,15.864525901268312
Heavy Crude Oil,-11.294933718947696,0.7292374105177974,0.06439130679119782,0.8944667315721335,13.206715545369583
Heavy Crude Oil,-10.73702445682181,0.7630792799552554,0.001,0.8812588971689097,12.922912358312056
Heavy Crude Oil,-14.446913723191418,0.6762573361777428,0.10547042359164852,0.9664320414124116,15.62636894772996
Heavy Crude Oil,-12.90975508232361,0.8455904195170704,0.07704548448905042,0.8652699815418428,12.691274663534031
Heavy Crude Oil,-14.627743210127578,0.7610076293440555,0.1079026744960066,0.8951688164992555,14.168066144105282
Heavy Crude Oil,-13.418619091045171,0.860824619168497,0.034143404002670755,0.9388013956921738,12.99556596214655
Heavy Crude Oil,-13.128652856029552,0.6533214809384323,0.07492989265571817,0.948765622923899,16.03125617688791
Heavy Crude Oil,-10.532366831957948,0.8522142545933936,0.044816508573481545,0.8834605387836222,13.439601741765074
Heavy Crude Oil,-10.004137643941439,0.6803211353573689,0.14468488446945554,0.9446476935054385,18.659240403432175
Heavy Crude Oil,-12.614529888944245,0.8712322159580163,0.21408259182694214,0.8691179161533152,11.929919504935281
Heavy Crude Oil,-14.820015050861645,0.8712712028861331,0.0058424895970708105,0.8813840473531038,15.874626374077922
Heavy Crude Oil,-11.722236694755129,0.8425444864184173,0.11111449279004271,0.9639432906656696,13.095367238522407
Heavy Crude Oil,-13.015492707687796,0.7227340554729177,0.1415095905931305,0.9450199294197532,15.902450638637017
Heavy Crude Oil,-10.224759499665108,0.682195913262362,0.18336120557755684,0.9761619310856129,16.471243994491495
Heavy Crude Oil,-9.32730163684341,0.6343376792322226,0.07377759318686741,0.8632348269659024,16.442958647514686
Heavy Crude Oil,-13.575211109403218,0.8757495149337486,0.16852680719983568,0.9347601450042,15.567502047323002
Heavy Crude Oil,-13.481810011351124,0.7153149033874636,0.16248094526483334,0.9389674501952666,14.921960961244912
Heavy Crude Oil,-12.626864318648837,0.5974192126888623,0.046457379065778064,0.9955709543569862,12.439088857995067
Heavy Crude Oil,-11.715780268168379,0.9007443973195199,0.03725386659988538,0.9092355237390541,16.87583107502131
Heavy Crude Oil,-11.981251017139124,1.0868403055666769,0.016570037056090236,0.952936426494194,14.654396525207071
Heavy Crude Oil,-10.842119767744988,0.8441307151699247,0.06334219014450017,0.911449819622967,11.284197097203425
Heavy Crude Oil,-11.095128749142908,0.8298158465990526,0.13193300843215514,0.9529059162543575,15.735239680419422
Heavy Crude Oil,-11.777865870302586,0.7118931663338708,0.06438896181754745,0.9593367310088666,17.872670811411957
Heavy Crude Oil,-12.357165654468082,0.8046002747253275,0.0547692812503117,0.9586378422633722,16.330833647383557
Heavy Crude Oil,-9.088173845304377,0.7121676922820261,0.08109960504908914,0.9115722961262787,16.29297907545154
Heavy Crude Oil,-12.323501456321448,0.71270389095463,0.14407037644617857,0.9360567681272791,13.16745179887255
Heavy Crude Oil,-9.966835798341757,0.9170198709196604,0.10671482486238965,0.9039798931188019,16.108115542231815
Heavy Crude Oil,-13.292554605384387,0.8030031479164083,0.001,0.9438227822751468,11.877013555116282
Heavy Crude Oil,-9.744870257356501,0.766987990603355,0.08941665090344116,0.8686133046957747,14.423922252155847
Heavy Crude Oil,-9.872202982277946,0.5512191343464921,0.1638482693044094,0.9169011740550854,12.585956704285568
Heavy Crude Oil,-13.612968589573857,0.9676393027208203,0.05272465600286344,0.842332474470202,17.274629084729458
Heavy Crude Oil,-11.492170685571129,0.7062074423463601,0.11083124877023096,0.8487123658179861,17.20164279684521
Heavy Crude Oil,-10.4079435526903,0.8532006198821943,0.11808305306235084,0.9880594062433687,14.999372654776451
Heavy Crude Oil,-13.772811188131202,0.8449473912832307,0.2043023524768557,0.8492620253407074,14.277074466612028
Heavy Crude Oil,-11.375330942847821,0.7946095150994261,0.050884820981134254,0.9560928928115235,19.640081444034518
Heavy Crude Oil,-11.705802811464139,0.7095931710264,0.02255197374732625,0.9128987990610591,17.207754686632516
Heavy Crude Oil,-11.287248380256928,0.7997596159081146,0.0705364174105347,0.8453918183640955,16.669502652649765
Heavy Crude Oil,-10.629342567921622,0.6454270213309268,0.1794919489090342,0.9287035610447001,17.799189290291586
Heavy Crude Oil,-14.013191622727673,0.6634175844584561,0.09255153451163516,0.9251392213447598,18.592721645853928
Heavy Crude Oil,-10.940881629277303,0.7757318723187967,0.0486815396167054,0.9615000286359575,13.07058914849857
Heavy Crude Oil,-9.557297167841517,0.7715615350393491,0.17952910363089253,0.933946564502964,14.726009021115084
Heavy Crude Oil,-12.77909455773919,0.7659092122653921,0.12141583461876188,0.9038578248108858,13.81237718386259
Heavy Crude Oil,-12.248447115476448,0.8078577029719151,0.001,0.922908405739435,13.040557550566387
Heavy Crude Oil,-13.729998604808618,0.631265565288929,0.010305375106605487,0.8322276248443855,13.58195808473902
Heavy Crude Oil,-9.070111293710148,0.7474120324104796,0.10888750531340158,0.9200240693253164,15.262130372431697
Heavy Crude Oil,-12.11616519108899,0.6804706236400756,0.17254637741396062,0.9903598321818943,11.634682611754629
Heavy Crude Oil,-13.53604288632957,0.7720189657622994,0.05177311025449043,0.9252982776727933,13.543455595186774
Heavy Crude Oil,-8.752415898290096,0.9190548594343596,0.11062870153161075,0.9513493131659866,17.211800848714617
Heavy Crude Oil,-12.845921232087365,0.7183782755458036,0.10390715314848238,0.9430818062248972,15.278120797306835
Heavy Crude Oil,-14.365494723286496,0.7197175556049158,0.0963013568202811,0.8962167197837085,18.945084353579617
Heavy Crude Oil,-14.078981913598497,0.8505589241835875,0.1744556554164145,1.0,14.191205153632078
Heavy Crude Oil,-11.2628558209197,0.8569760357198647,0.10977408657766455,0.8950577399380347,15.871950779000091
Heavy Crude Oil,-15.798369127829528,0.8682069490062632,0.10630889518309837,0.8888762551610867,19.093724391439117
Heavy Crude Oil,-13.012401028185828,0.759692401093497,0.19957766511023672,0.8583969347575072,13.899769434126922
Heavy Crude Oil,-12.220538135146276,0.884073448212955,0.11039012536766568,0.8353687326423869,13.93566287374562
Heavy Crude Oil,-12.911031649818318,0.7922778954776954,0.12129218293149147,0.9209102877943987,11.447976491903196
Heavy Crude Oil,-10.404088518658716,0.8252568845996624,0.16922660237969533,0.9222099163645336,17.202645915471525
Heavy Crude Oil,-11.300182032824809,0.9346225756202748,0.12611253180088894,0.8951042376778549,19.544869440893763
Heavy Crude Oil,-10.666444316580161,0.8573744421004413,0.03618477917308321,0.8355846191268231,15.585430964283706
Heavy Crude Oil,-11.781718203347639,0.7385877434991684,0.107049134980603,0.9794313464021798,16.3908049491006
Heavy Crude Oil,-13.711512764629108,0.7888491172857057,0.059751675957371964,0.880615004179572,14.172768668740714
Heavy Crude Oil,-12.716468373906007,0.6744864628026606,0.0936172659240905,0.8719696181576345,9.141102619995465
Heavy Crude Oil,-8.920541963247505,0.9088769654216673,0.0811849637537502,0.90094095248703,12.656691305364877
Heavy Crude Oil,-9.456415683283701,0.9897288694773112,0.10783468641232624,0.9511765322092672,15.350573557867847
Heavy Crude Oil,-14.005088158313896,0.7588176631036343,0.10659639833859785,0.8772726140628279,14.562693445129929
Heavy Crude Oil,-12.137099336263672,0.7919121502134538,0.10261292452487417,0.84696974668017,13.565967701744128
Heavy Crude Oil,-13.926876398549954,0.8977815549686201,0.001,0.9576795171658463,17.772698794525688
Heavy Crude Oil,-12.453270880473932,0.5396862912172702,0.08193447190163548,0.8967907919355591,12.978803560142172
Heavy Crude Oil,-12.772827590712364,0.9530195198863352,0.13324635811508706,0.8537717942810951,11.804801660809137
Heavy Crude Oil,-12.490525976414656,0.7786543220649562,0.12480995936816582,0.873234164371617,16.022999150723724
Heavy Crude Oil,-9.097268939909657,0.8815501022444263,0.09759557463346137,0.8908424764473353,14.286653731640257
Heavy Crude Oil,-10.229038631321783,0.7372686554048697,0.10226113544999914,0.9025598950940543,13.996431614376936
Heavy Crude Oil,-14.058698321826151,0.8322974503617669,0.09694980140723082,0.9250120234718285,13.932799387121666
Heavy Crude Oil,-10.168768051780429,0.7123226218788156,0.18560201420089464,0.812618174508587,15.869540129113782
Heavy Crude Oil,-11.286853976210065,0.7204442932059119,0.12121969689305064,0.9639759334880079,10.566362321291871
Heavy Crude Oil,-11.245882788763778,0.5506729179669922,0.0517167598238396,0.9814583182450473,13.836435933215892
Heavy Crude Oil,-13.76081994661346,0.7802062271015319,0.2033953169081776,0.8084158876396987,12.897380176721311
Heavy Crude Oil,-9.75385247523056,0.9857702343537733,0.0948284387854858,0.8380473648736679,19.19168700361832
Heavy Crude Oil,-9.608336412376206,0.8678946987762234,0.059379882553129,0.8975485329580982,14.67927983791034
Heavy Crude Oil,-11.503723043076633,0.9451001438131337,0.14397085205687016,0.8461311961507622,17.752992900039075
Heavy Crude Oil,-11.530301789980268,0.8687065795858917,0.17332704296393014,0.8444209875243225,14.928348842587074
Heavy Crude Oil,-12.797181827038823,0.6432140574634545,0.117335498880246,1.0,11.319844510988494
Heavy Crude Oil,-12.048420916574205,0.8640542935074774,0.10615391008280907,0.894343597374213,12.401567273108352
Heavy Crude Oil,-11.650819885589755,0.7243236022984074,0.001,0.9597296110256865,16.916771639684086
Heavy Crude Oil,-11.92250853472338,0.8229074688205703,0.1537159006357781,0.9112169828389042,16.808035109522628
Heavy Crude Oil,-12.446223301310775,0.9311983738573947,0.1160392862966342,0.9097025971802937,12.459877822575937
Heavy Crude Oil,-11.569566218547436,0.716804508250555,0.06808586367357529,0.8592312185841939,12.86753013620155
Heavy Crude Oil,-8.812842895474558,0.9331339061988404,0.19601837510721307,0.8388552490222219,15.142507499821784
Heavy Crude Oil,-13.940261437806143,0.7304305122802937,0.05409365082917126,0.9619792003220781,14.20754064379648
Heavy Crude Oil,-10.397430999458976,0.8604120889588518,0.21518193760523946,0.8260277888430139,17.518466479573597
Heavy Crude Oil,-10.280338694398909,0.7026621161972966,0.150356666823658,0.9168072481513114,14.545047480093185
Heavy Crude Oil,-13.235903230458,0.7280890548550815,0.2024906047892963,0.9000341409478742,16.56426000306292
Heavy Crude Oil,-13.18634907250133,0.7220147053778362,0.15409924046249712,0.8325211894224234,14.169572464189457
Heavy Crude Oil,-11.948958883391652,0.8111372601840053,0.09104533574919219,0.9197909890547962,16.385711511635623
Heavy Crude Oil,-10.898043681811005,0.7014196191332174,0.08579224510356015,0.9597381430938469,16.789294375147744
Heavy Crude Oil,-14.059289177221595,0.8351479900352202,0.0010887375312594871,0.9023467451030185,18.795534033491954
Heavy Crude Oil,-13.42183907590348,0.7165676954508419,0.138201489078643,0.8228599242395177,13.734489940229922
Heavy Crude Oil,-11.105338293627371,0.7365714152310597,0.08820150063945142,0.9372092855157518,15.843092167073122
Heavy Crude Oil,-11.599772405556898,0.7660877720729962,0.11850305576344779,0.8938133659950122,15.91561121985157
Heavy Crude Oil,-12.745398037676967,0.7817431025620459,0.05050211037239931,0.8982496194996882,13.37799827274231
Heavy Crude Oil,-13.67106967524299,0.8258661147855388,0.11063698879288303,0.9391436867474287,14.137748860849802
Heavy Crude Oil,-11.387920729744867,0.8550797572273664,0.12223869039157974,0.8587173158598929,15.298726964542379
Heavy Crude Oil,-11.453789555918007,0.8007178466907943,0.001,0.9080244811986741,19.425062078794486
Heavy Crude Oil,-12.540058903135474,0.727192290214468,0.11866742798556991,0.9156189105233286,17.38547033083283
Heavy Crude Oil,-13.886802233863332,0.8731380252574993,0.12952110306257317,0.8928926731529727,15.677374635843378
Heavy Crude Oil,-10.455813777602463,0.887231538002845,0.04284903439631357,0.9410079093377742,14.870622789934965
Heavy Crude Oil,-11.890688852976728,0.8073196991001694,0.09248785056008703,0.9595853748553532,14.832564080301577
Heavy Crude Oil,-13.679319192574752,0.7606470144030272,0.10893473584052378,0.9614607392148525,16.20618936989767
Heavy Crude Oil,-13.275802918120565,1.0485189916678892,0.11323876554889899,0.9637695368999508,14.696571132845541
Heavy Crude Oil,-11.199961132941826,0.8839468504518405,0.16090973558771282,0.9528684152689113,16.744394000145956
Heavy Crude Oil,-12.472630096791162,0.7428253958043939,0.11663037551620989,0.9466564036170535,14.554558598446786
Heavy Crude Oil,-10.40224205142842,0.945261674548618,0.054183954046329016,0.858153964810186,14.719249882189327
Heavy Crude Oil,-11.538580997716206,0.7475432986232949,0.16761013394335722,0.9212033430759226,15.078894096481479
Heavy Crude Oil,-14.153864285802792,0.6684184183572494,0.11405046251409032,0.7933702186922582,17.025274819288143
Heavy Crude Oil,-12.237230766558481,1.1243092969594732,0.21539581253080553,0.8909275465376242,14.78732599493737
Heavy Crude Oil,-10.506627728996955,0.9703172609918038,0.018098547128199163,0.8106812267322657,13.755930388891237
Heavy Crude Oil,-11.125893625239204,0.8496873590507598,0.15348857274919253,0.8400151235817346,10.367712274062246
Heavy Crude Oil,-10.712978707046782,0.7171803727034766,0.001,0.9072531872979691,16.586351376437356
Heavy Crude Oil,-12.183085698181916,0.7542151613817512,0.09203188839270468,0.8814708618799609,12.303905776119667
Heavy Crude Oil,-13.072021015485648,0.8521279905013815,0.116083927068825,0.908402990298341,13.00970303629324
Heavy Crude Oil,-12.2722547432035,0.5822934953557145,0.10892383319426949,0.9714428853906784,12.051735735915788
Heavy Crude Oil,-12.878891509976633,0.832910677871013,0.1626421317213742,0.8775887691849925,13.615499341468208
Heavy Crude Oil,-14.953384713624125,0.8103438129308107,0.20210380200718722,0.9138679230982338,14.955442041632573
Heavy Crude Oil,-11.516876533849523,0.7988907996051399,0.05934928138699351,0.9411639957838853,15.451523046223508
Heavy Crude Oil,-11.973580122099515,0.702463397272175,0.16517539659673797,0.9332351372666555,13.894158325265396
Heavy Crude Oil,-10.497262719477094,0.7502429161614793,0.06089982537444816,0.8620148441259856,11.457862893823817
Heavy Crude Oil,-11.292686429372692,0.616885512166165,0.03857780843671187,0.7962205995460734,14.827860614418213
Heavy Crude Oil,-12.225480690407808,0.7673303786813637,0.04787111526647119,0.841388312328168,15.928739727093149
Heavy Crude Oil,-12.825827897562732,0.8316358321536145,0.055737565693788876,0.9090531371385542,17.606556074632127
Heavy Crude Oil,-11.120751299410825,0.758758618178352,0.11285994851779638,0.8879667412734894,15.015760369389456
Heavy Crude Oil,-12.488416578222756,0.7835664794114608,0.11060466765370879,0.8503320650209025,12.968242346020043
Heavy Crude Oil,-14.082813830746817,0.639972889549629,0.03913586538897604,0.9079731253402065,13.214424969016232
Heavy Crude Oil,-11.229578303653355,0.8034713748752562,0.0015747893280973148,0.9327487792110846,16.62159729118342
Heavy Crude Oil,-13.49079401225228,0.8420191542894992,0.05717508812954006,0.9048835188374168,12.47100318609007
Heavy Crude Oil,-14.689659678801865,0.7617182810387032,0.0938135526862582,0.8801160153192699,12.63193888355488
Heavy Crude Oil,-12.599848593196706,0.8269294752580735,0.09775534849387316,0.9091250515299607,13.659769599091534
Heavy Crude Oil,-10.242423127925761,0.6823826663445219,0.12437801485433593,0.9590945546479981,15.96181618549779
Heavy Crude Oil,-12.303786340597245,0.7471702953337022,0.15180438255231282,0.8288512537369164,13.059751479240713
Heavy Crude Oil,-12.596336648237582,0.9237653757511999,0.11898838180204481,0.8515977120744878,14.379384589230193
Heavy Crude Oil,-12.921484716144441,0.7290211007766465,0.14894447792783896,0.8314128435368248,18.217561711468747
Heavy Crude Oil,-10.757655464723065,0.9090861670603698,0.07685302439873709,0.8925029640460446,12.133696370950576
Heavy Crude Oil,-12.786993610600204,0.8493654847643152,0.16480315308906981,0.8446421591598774,14.268988126029468
Heavy Crude Oil,-12.226948830348784,0.6604210797807515,0.12956746208792003,0.8638004834128695,14.609219297645952
Heavy Crude Oil,-12.677924057867816,0.7210661494280326,0.09964775072597228,0.8892195210715989,14.256284235442669
Heavy Crude Oil,-13.092692432520515,0.8319524670782956,0.18268086342461426,0.9069943616419563,16.992236429822256
Heavy Crude Oil,-14.085332887730194,0.815776143929377,0.045131584051446676,0.8261537536234049,13.521257185081927
Heavy Crude Oil,-10.212150998379641,0.8950015828669646,0.11215023610271999,0.8233649720055035,14.607438697224126
Heavy Crude Oil,-11.547449986647397,0.8175536229578598,0.007810320825962714,0.8554841075990064,14.871844471702566
Heavy Crude Oil,-11.195563635724215,0.5803872178900054,0.09189380122600709,0.9071524384939477,16.699223977032425
Heavy Crude Oil,-10.960713623643844,0.8582571318808806,0.06000297466490329,0.8045998931438346,14.213894485877198
Heavy Crude Oil,-10.49755226218716,0.9393454527524432,0.13552745511488928,0.9214670411400867,15.75927929677193
Heavy Crude Oil,-12.834178120141171,0.786993970644638,0.1834534762913166,0.8528720997104062,18.2295575814197
Heavy Crude Oil,-12.483042231738088,0.9325432109095079,0.02965924952512309,0.9292952100582325,13.526459728104756
Heavy Crude Oil,-14.122900787886282,0.8218534042410947,0.15047358942979844,0.8577529280703252,12.001968079083198
Heavy Crude Oil,-12.137767146502433,0.7912564671222819,0.12741598137772495,0.9474797285682245,14.881169637455011
Heavy Crude Oil,-9.216745027808605,0.8224234744535293,0.08267867469965502,0.8194216320448586,14.474680959367664
Heavy Crude Oil,-12.504580418116705,0.8960304796281471,0.1231241812033427,0.8410315439183692,15.344508772822074
Heavy Crude Oil,-10.992703242406419,0.9528031359387833,0.14437519837070298,0.9380423327155739,15.120171989230327
Heavy Crude Oil,-11.417531991864825,0.9249504900706159,0.03336113012601751,0.8825280336391522,13.454862502487519
Heavy Crude Oil,-11.431270321910814,0.9230222175650789,0.07015128566394631,0.7804847816265281,14.17555850995106
Heavy Crude Oil,-10.62978940197389,0.853762990294988,0.12140931239052881,0.886000334906276,12.441938527560428
Heavy Crude Oil,-11.227058517563298,0.7165718189965375,0.20920483666902281,0.9285253604177258,13.838703394892098
Heavy Crude Oil,-12.917077871082942,0.7907055793386412,0.08802490389891252,0.9558416887764978,15.372832339488093
Heavy Crude Oil,-13.097447608362792,0.9890440685155784,0.10246541657601115,0.9384419837984449,13.783546985110481
Heavy Crude Oil,-11.455326558383215,0.8311109991143196,0.005517535395192341,1.0,17.581288921845093
Heavy Crude Oil,-12.595792974218982,0.6897730259544145,0.1173780806901776,0.9043348849707199,15.711337897126459
Heavy Crude Oil,-11.712633905708866,0.8506240989305927,0.17236528496959033,0.9284051602564324,12.900689002180117
Heavy Crude Oil,-9.956155720931323,0.9640614563488288,0.25760283672560425,0.8438252983380201,15.48576402630055
Heavy Crude Oil,-15.123148054783481,0.855314915637921,0.07258998509166137,0.9961722897412477,13.450770059962837
Heavy Crude Oil,-14.533774556950892,0.752873625929748,0.001225611439143126,0.9375549727253655,10.869833907487358
Heavy Crude Oil,-11.957313628225261,0.5922188180143804,0.0839851097731679,0.9821689077902267,15.72129578287159
Heavy Crude Oil,-13.295240407447402,0.7968796511060916,0.10090084360222233,0.9236315172921703,12.266283273438347
Heavy Crude Oil,-11.111149089229004,0.5295608368397225,0.06850577238180948,0.8755863078774228,16.266653652142477
Heavy Crude Oil,-11.966053720984696,0.6594436946143714,0.05075034370914924,0.9099340004773704,14.841865316270887
Heavy Crude Oil,-12.86868616445362,0.7519166210488021,0.13480839985796444,0.8741153713565393,14.823817511941854
Heavy Crude Oil,-8.745095117879186,0.6576317363116078,0.00740786342126707,0.9391794832399304,13.642713877411794
Heavy Crude Oil,-12.47735629161393,0.7218843621868887,0.08700999296162439,0.9799269056048171,16.60425691723624
Heavy Crude Oil,-10.706664732169534,0.6583772944207354,0.04244231317235654,0.7580460670257286,13.381238357834492
Heavy Crude Oil,-10.564945220421512,0.8516946515748371,0.08892433685239381,0.8988849858140974,13.622228914849188
Heavy Crude Oil,-11.692861676397325,0.8765878279480616,0.019205660629476363,0.9149823843918674,16.864869741909335
Heavy Crude Oil,-12.622650433445054,0.8700700612120584,0.24073272222362765,0.8947828603506555,15.786614100010649
Heavy Crude Oil,-13.107085625492088,0.8181251162602051,0.1230135812491152,0.9097421170135069,12.960609360582286
Heavy Crude Oil,-11.690457343011824,0.9462195938717637,0.12243178822572637,0.948099359453592,14.525976059974745
Heavy Crude Oil,-10.875149640864434,0.8279267838216526,0.0524544635156384,0.9159260502399438,13.016606673119378
Heavy Crude Oil,-12.949320412327188,0.8189328307292375,0.1148622136690062,0.8405383767461435,17.107971542365753
Heavy Crude Oil,-11.14199058254929,0.7295271564389116,0.023120760177541236,0.8927547710459285,14.10811257227768
Heavy Crude Oil,-11.830289314420465,0.7636883338844433,0.001,0.8805826530849421,14.388761777863374
Heavy Crude Oil,-11.049508462838912,0.7301800325388951,0.1839337336686283,0.8044179724674122,17.62233499560525
Heavy Crude Oil,-12.336478456317158,0.8859584872343557,0.10399007420293666,0.9569777768012735,14.225276070894378
Heavy Crude Oil,-13.647930637766718,0.9420504287271063,0.09432596770589294,0.9110779236812105,17.46950382808959
Heavy Crude Oil,-13.547932863141652,0.8595490897639257,0.07050526217685546,0.8933915322177814,15.144557930768578
Heavy Crude Oil,-14.250332792170404,0.7221162957179565,0.16755364462065697,0.9443095594292398,14.87472084534553
Heavy Crude Oil,-11.63531481223066,0.7705757494363543,0.16782916929139913,0.8899823711102919,15.463684184269695
Heavy Crude Oil,-10.280954783786903,0.7222628515154094,0.17793945922484472,0.8234769295128311,18.2592842622256
Heavy Crude Oil,-12.559013375927963,0.7757301252174719,0.0054994914408528555,0.8772602641311154,12.920386937946231
Heavy Crude Oil,-12.911469518060208,0.7862689034211121,0.14788958072364528,0.9103801675700313,15.615353306802227
Heavy Crude Oil,-13.643279083268343,0.711924591039727,0.18993625091756558,0.8632399482618377,18.31241650411459
Heavy Crude Oil,-12.3645917983213,0.8002287936143504,0.1535182580114965,0.9635946210969328,14.778374879441825
Heavy Crude Oil,-12.582364580282308,0.7944079551477787,0.11689787641160591,0.9445651843434878,15.008459717988304
Heavy Crude Oil,-11.07167055296527,0.9638359732270941,0.11906548061323924,0.9155826428002389,11.962178349819865
Heavy Crude Oil,-15.946095205243594,0.8388375729230169,0.09525878843595639,0.8742608662542629,15.48706040837269
Heavy Crude Oil,-12.090605593795363,0.9127780250633899,0.1043055434129489,0.8626538357464917,16.980332477918576
Heavy Crude Oil,-12.325696612419303,0.8526536683672308,0.07612946469035999,0.8675086557251283,15.168336460371393
Heavy Crude Oil,-11.980757034684473,0.8479827035366834,0.08656771233451288,0.8081820108114801,14.134452232823223
Heavy Crude Oil,-10.809272299284276,0.7702623920756894,0.0876808298742726,0.9493188252952969,13.576053545482154
Heavy Crude Oil,-14.31420482736435,0.7839368880474507,0.07579130243756316,0.8516876840123373,14.649243088202619
Heavy Crude Oil,-11.262741529129825,0.7990711438432184,0.11534905363431189,0.9906703849257712,14.314242276884872
Heavy Crude Oil,-11.582477048032995,0.7490786637400866,0.05768201400565136,0.8707546173291115,14.042482856956623
Heavy Crude Oil,-11.460786303679312,1.0349075786700759,0.06419782818620799,0.8791687347192269,14.873753973777504
Heavy Crude Oil,-11.40630172693538,0.8263550811954785,0.16420478969740587,0.7786803964732396,10.226140259608655
Heavy Crude Oil,-12.743817258015223,0.9097300187543709,0.021717598419720187,0.7496183830153121,16.142358812438417
Heavy Crude Oil,-11.634514164445928,0.690979159320057,0.05072301996395351,0.8515128140182663,15.22107063494788
Heavy Crude Oil,-12.93947291427451,0.849406391897552,0.001,0.8571574067436101,12.747892078177898
Heavy Crude Oil,-12.384511017558738,0.7461952241509862,0.13989218899478834,0.8070331614169971,15.090982952661504
Heavy Crude Oil,-11.162495365182442,0.9856647436561955,0.07591170144532625,0.9162229302176259,11.39227441487527
Heavy Crude Oil,-15.587934306469535,0.88447743757817,0.09972198531759648,0.9589256344899212,12.253194222060502
Heavy Crude Oil,-11.22014679070687,0.9868817840543853,0.1209852804178633,0.9138290752795525,15.017112161648699
Heavy Crude Oil,-14.356322185688867,0.9355572935710349,0.06945711800974672,0.9252241628191509,11.873931386857492
Heavy Crude Oil,-13.76918949676167,0.9435087399222236,0.08263488555210786,0.9726637738021272,14.843538681882965
Heavy Crude Oil,-14.762846659436786,0.8892067599731721,0.07050538411221961,0.9349344406758522,15.050421735080164
Heavy Crude Oil,-14.314677341914305,0.816429476537057,0.20981115710763998,0.924649322925723,14.884964493989074
Heavy Crude Oil,-10.386984897064654,0.8210668465203111,0.11047671151313972,0.8454187413920449,15.467696051579196
Heavy Crude Oil,-10.446834875374583,0.7163937847899976,0.17122479106234742,0.8954146987927437,13.224460976922918
Heavy Crude Oil,-10.503551884619633,0.7713205764261731,0.1379757443743054,0.8854120683870732,14.880347712940193
Heavy Crude Oil,-11.259659693498563,0.8290897057590007,0.001,0.8439378129952804,16.85881996958163
Heavy Crude Oil,-12.198204883352322,0.7476268697228579,0.03207129923712628,0.8460131839362076,10.956402720076106
Heavy Crude Oil,-12.151921078052299,0.7401562419418953,0.05167060545073424,0.8965938287416023,15.727941261705476
Heavy Crude Oil,-8.860203101685084,0.6488116580436787,0.1579690521650261,0.9486550780507537,13.441814521246599
Heavy Crude Oil,-11.695146068120954,0.7542366750662385,0.10928442902093695,0.9754565506702275,16.211212465262626
Heavy Crude Oil,-11.237087440149837,0.7569690680045358,0.02579716675378324,0.8895765894729796,17.41321630972783
Heavy Crude Oil,-14.29075178488447,0.6944910631823306,0.10631338681170341,0.8507672607576369,13.414953105769575
Heavy Crude Oil,-12.635397872592266,0.6634382595809851,0.051293907689181586,0.9351713958393655,12.385260435538072
Heavy Crude Oil,-14.396808201742257,0.7369975020466106,0.1365977751254923,0.8901539096001555,14.070837843768762
Heavy Crude Oil,-11.933461803726589,0.6254292567140348,0.12473528268875164,0.9191717515701823,14.181383051808558
Heavy Crude Oil,-10.491113232305375,0.6872503901046961,0.1563954496626785,0.9077246832797626,14.326894820243654
Heavy Crude Oil,-12.029810453052468,0.7892735234189059,0.16101414482088588,0.8461660436264493,13.474961521706803
Heavy Crude Oil,-10.44554566189128,0.7404465064816141,0.1450266538665796,0.9849717991504355,14.196409946116733
Heavy Crude Oil,-10.977956510137043,0.6846307718660142,0.13773666490339045,0.9099711992993383,15.94607656432043
Heavy Crude Oil,-12.968358108053092,0.6338916584432828,0.12516260323747525,0.7968298423760273,14.36529901551493
Heavy Crude Oil,-10.588227200370046,0.8191897735873036,0.19741713223949064,0.9512554576290887,13.692203223348848
Heavy Crude Oil,-11.959029930222842,0.7952629297455565,0.02089116183269364,0.8529800541757824,13.87847818604028
Heavy Crude Oil,-15.054330754283905,0.8047493468251643,0.08754640776734797,0.8163553049344213,15.808425730554664
Heavy Crude Oil,-10.926190882963562,0.822703447886489,0.0837965912395515,0.9295721075875928,16.36044072095338
Heavy Crude Oil,-11.538894645420468,0.717538774956524,0.11383003827555904,0.9597740325412739,13.806741882776539
Heavy Crude Oil,-8.853090991301354,0.7474369066014616,0.10162035066700682,0.8663757201996832,15.44654167184052
Heavy Crude Oil,-14.613332538952912,0.745395820118328,0.04539393998257164,0.9067669173946146,16.988894751017813
Heavy Crude Oil,-11.030990719328173,0.5628340639141108,0.20210348264639402,0.9147639970310435,13.447001719013999
Heavy Crude Oil,-11.76430812151359,0.8176189822502693,0.06665756415242181,0.9098958333671038,13.785055424759385
Heavy Crude Oil,-12.606542989035034,0.7313720864244916,0.028366435513017364,0.9072918235107692,16.170598873032677
Heavy Crude Oil,-11.227674605885442,0.8819925252635235,0.11621701050074341,0.8733637250891548,16.67932772886238
Heavy Crude Oil,-14.036276309762902,0.709932861748752,0.05178999642883777,0.9540028029569655,16.885577028280153
Heavy Crude Oil,-11.269042144432508,0.9071929865211797,0.0560358608794006,0.917429755993049,14.749651143233672
Heavy Crude Oil,-10.72967684417263,0.7884775767447803,0.08075285557949595,0.9270454259280495,16.752338334382465
Heavy Crude Oil,-13.002517792270202,0.7938924328647624,0.047077968317917364,0.7750969491253531,15.400919262827458
Heavy Crude Oil,-11.086641965618051,0.8262066809086726,0.0025219141122816424,0.8824575284961763,10.563304479897837
Heavy Crude Oil,-9.945448338518723,0.6913945417881914,0.16277018047299482,0.9472934821842073,13.198819294927876
Heavy Crude Oil,-13.699177426901619,0.8350370216386339,0.057783798140846436,0.9051242321079104,14.034344818386163
Heavy Crude Oil,-14.67173762169845,0.5769531980875541,0.11133421242472986,0.8719221126834688,13.893820366171735
Heavy Crude Oil,-10.956204241359321,0.9173442276632445,0.08637276393190954,0.8829700646545069,16.00028606622777
Heavy Crude Oil,-14.035403354549363,0.8223153054747697,0.1275942985911077,0.9340115104208815,11.12649459499507
Heavy Crude Oil,-13.14203290471341,0.7121736747176534,0.10499434772046065,0.9240372289883992,17.993420814891962
Heavy Crude Oil,-12.74244822055211,0.7502427501690786,0.15748360094393737,0.9148288469265152,17.53530302237595
Heavy Crude Oil,-11.566907995485245,0.684288338128673,0.03334358226110967,0.8224243875470536,16.324103669516948
Heavy Crude Oil,-10.217104765369488,0.9849362141386382,0.142155266616162,0.9581419288767493,13.83996733469263
Heavy Crude Oil,-13.734623725115785,0.8850079332417554,0.12088403761197004,0.9053722187170447,15.77474296126598
Heavy Crude Oil,-11.515221776312691,0.9283816859853562,0.1647492792408478,0.9272110176170174,16.691605745125855
Heavy Crude Oil,-11.228906171362837,0.7538830267965382,0.137828233745657,0.8302752465570369,17.107783104591768
Heavy Crude Oil,-13.791784409649052,0.8285803286794733,0.057742302078692055,0.9276694491537214,14.932149548144181
Heavy Crude Oil,-14.392133937245,0.8420699631018479,0.07110396115836447,0.9440573360406684,15.002651377468814
Heavy Crude Oil,-11.406868521917943,0.7042431044984788,0.07053338842863191,0.8770680681949458,16.71340496048511
Heavy Crude Oil,-9.483934368291767,0.7194828248257125,0.15384240723288403,0.7915161291137149,12.61162119781542
Heavy Crude Oil,-13.438167684280161,0.6647491310559278,0.020820580510621002,0.92064994560689,14.571864604544277
Heavy Crude Oil,-11.430891903592336,0.8690472686121513,0.11328084965862668,0.9328881588075187,14.86093542751546
Heavy Crude Oil,-13.780490082458618,0.9057814180820797,0.07054439336094366,0.8532201850618787,14.644164248391204
Heavy Crude Oil,-13.36921637894477,0.7582569618010568,0.11720269607817332,0.9174170869623064,13.204339867148741
Heavy Crude Oil,-12.731558059423117,0.9074333004770244,0.12482000588669706,1.0,17.360256347483055
Heavy Crude Oil,-10.283560397160091,0.6612131449544199,0.13819301758167113,0.8973446599151544,13.898036392923501
Heavy Crude Oil,-11.747976989201208,0.8945211534611484,0.12504157955021059,0.8560763099328971,16.48491782718524
Heavy Crude Oil,-12.956381313113946,0.8216683118964286,0.0848324966261433,0.8890566874132187,16.532485950081018
Heavy Crude Oil,-13.560290579723848,0.9945195074276934,0.008945696535275183,0.8701166158372572,15.740423779883482
Heavy Crude Oil,-11.123528750347036,0.7899524279428295,0.09713046484992287,0.9205275042663809,14.53786104508464
Heavy Crude Oil,-9.910228113097642,0.8839349114231603,0.14364121755028175,0.8516921638314792,14.841223151188593
Heavy Crude Oil,-12.450698923081056,0.6994398624310535,0.11800820919728836,0.8731177121110092,16.310807659700473
Heavy Crude Oil,-13.605287344341498,0.9719040612841822,0.055183367070396915,0.9109651168600218,16.583718620776136
Heavy Crude Oil,-12.855960645300168,0.8852468643432951,0.038540820109979196,0.972605884959128,15.028298529931517
Heavy Crude Oil,-12.89461711195332,0.7700818227572566,0.14044596346963598,0.8707772354074781,13.501284621154445
Heavy Crude Oil,-12.332304896375607,0.6823037887230032,0.1910271953970908,0.8716802704392639,16.663233572360806
Heavy Crude Oil,-11.68579487452834,0.7015465949518033,0.09970226453936354,0.9392001389655374,14.623477329827386
Heavy Crude Oil,-10.210330581223458,0.9021515392781865,0.14594574273291647,0.8770171613863502,12.840315104437027
Heavy Crude Oil,-12.920381408044191,0.8196240940666721,0.1272893356766178,0.7914214297619776,14.9837735967765
Heavy Crude Oil,-11.762866162015223,0.7722455743684449,0.16456369195079396,0.9210890037125435,17.620383816161794
Heavy Crude Oil,-12.323940780525348,0.8937477492506926,0.18175331972637598,0.9655846724636331,12.815716813142533
Heavy Crude Oil,-12.380514116313572,0.7654835294550204,0.1244627267538164,0.9343176777507267,13.322214651948528
Heavy Crude Oil,-11.898242229124593,0.5980072667843864,0.1720972502900945,0.8743812879661653,15.111727879688994
Heavy Crude Oil,-12.464474570982091,0.9146027575013416,0.001,0.8991694828837046,14.788362485004605
Heavy Crude Oil,-12.680454581387524,0.9726226545635633,0.055633527057211446,0.9385898088617831,15.712505577412166
Heavy Crude Oil,-10.107721121196725,0.7332810915222495,0.06335155504381206,0.95480349537387,15.85064261666022
Heavy Crude Oil,-14.317406020015138,0.746069498553673,0.11931913269240306,0.9418882110773295,13.64153869361409
Heavy Crude Oil,-16.371383984725412,0.8523223185737033,0.03898396550280121,0.7991330600938794,9.335348150031718
Heavy Crude Oil,-10.779028709703388,0.8128617450404967,0.08871718096438742,0.9694512181481381,16.274649366046145
Heavy Crude Oil,-9.575549935917126,0.6607264527833004,0.09827246880230182,0.8191643312525994,14.541235336289066
Heavy Crude Oil,-12.372923780650016,0.8626613637263071,0.10227819405709491,0.9311703569139959,16.40688026627779
Heavy Crude Oil,-8.767606983925287,0.7684703344713876,0.05294886496668105,0.9123041807658204,13.395439945720913
Heavy Crude Oil,-9.777058847345197,0.7716781961054768,0.07172118160630049,0.8764342139424441,16.43683484694328
Heavy Crude Oil,-12.236620474847228,0.7358333179869618,0.18326759588117655,0.8571915079669126,15.071132148065987
Heavy Crude Oil,-11.021540772584654,0.6368664889582927,0.12401302507029625,0.8472446162259776,16.645565561668004
Heavy Crude Oil,-13.443976517878465,0.8692769031848862,0.15529165331473566,0.9430718262816403,15.502633296476205
Heavy Crude Oil,-12.34695141439455,0.7423580423665156,0.1735517345408552,0.8650252389916179,12.925867852860009
Heavy Crude Oil,-11.001946597450756,0.7203863196813505,0.05249682512669364,0.8278197868915118,14.034180321078965
Heavy Crude Oil,-12.12407253584474,0.82430917276607,0.14756531221497418,0.9263448961832897,14.61825556089364
Heavy Crude Oil,-12.29729351456958,0.8510157468915184,0.1636285081464285,0.90631570997416,14.061738291579182
Heavy Crude Oil,-13.489299001628318,0.6554794735587774,0.13331348360217615,0.9288989261819779,16.154727050213324
Heavy Crude Oil,-12.192989169528083,0.9406934745891751,0.07579407527075913,0.9477634618603603,14.922514210020914
Heavy Crude Oil,-12.912526147019006,0.8592530307317762,0.12048180593419969,0.9178486379633464,15.162556844112398
Heavy Crude Oil,-12.056839622575247,1.038837199287044,0.15921283225980865,0.9361413447492757,15.223598316406777
Heavy Crude Oil,-10.489264199104996,0.8517994776391452,0.10131023763870178,0.8848217837367043,14.838165324674623
Heavy Crude Oil,-16.755638603817083,0.8210600839297643,0.07557619599448202,0.9796334999141443,15.038688141623508
Heavy Crude Oil,-13.783445129302443,0.7950119845871882,0.04769394574687479,0.9236703707856233,15.581894728678972
Heavy Crude Oil,-10.563240553337598,0.7209118208305435,0.10170040481140735,0.8317489102286683,16.402989563849427
Heavy Crude Oil,-11.221693229339817,0.8495805021027572,0.10008095156784706,0.9207386445394395,18.208678216617194
Heavy Crude Oil,-12.427641385563021,0.8138645183710085,0.045693685040929514,0.8565869519200834,15.195626586186615
Heavy Crude Oil,-10.344099679947139,0.7743719175748428,0.0882041735343938,0.8796557377747812,13.930486658311354
Heavy Crude Oil,-11.557542816436767,0.6502742354821356,0.16404697883333638,0.866728885093527,16.44380697087628
Heavy Crude Oil,-13.904997896090814,0.8668840130546218,0.13359723039072488,0.9192101036002949,13.011142956400416
Heavy Crude Oil,-11.625677715602885,0.6816943815265611,0.08736183724519074,0.9514706550477663,16.593403854141485
Heavy Crude Oil,-11.97722558618935,0.7025193424077159,0.13227938560870967,0.9009690618849013,10.359368803539153
Heavy Crude Oil,-10.826055260525223,0.7975767166130309,0.16012256239915362,0.8452364740578597,8.646592373607998
Heavy Crude Oil,-11.581374212482222,0.8291563676681973,0.015466418619677402,0.8510750227066697,20.510435487439803
Heavy Crude Oil,-12.458415921230705,0.8730958976376216,0.06746700863158081,0.7954848550573422,14.65948350640819
Heavy Crude Oil,-12.398406840429157,0.7600121761331629,0.09426795822468038,0.9132134135822818,14.699766097492386
Heavy Crude Oil,-13.896009251921045,0.8486184791561939,0.0025314122338788384,0.79748212713579,16.478360989403136
Heavy Crude Oil,-11.239469591796965,0.7942604634925965,0.030227574762246412,0.8646044529662963,14.474506504626993
Heavy Crude Oil,-14.39384095286117,0.7260971341976767,0.132616516908834,0.9713652682144609,14.161130494682899
Heavy Crude Oil,-10.865267468525852,0.6085939929412533,0.1329725620556806,0.859802579263626,15.61469123341594
Heavy Crude Oil,-12.371628627359565,0.9320414009783835,0.056278217583004095,0.9313803148780916,14.440985073406933
Heavy Crude Oil,-12.237458217014495,0.7816146106840791,0.05771634477529436,0.8992950517046664,14.874703555756357
Heavy Crude Oil,-11.638139627389906,0.8084505145692863,0.13989972748061183,0.9461754308023684,12.898753356344397
Heavy Crude Oil,-10.696841249113843,0.6813663572890146,0.12939279440688675,0.9309869392351434,11.177366216674992
Heavy Crude Oil,-11.860531130205885,0.7531503886639684,0.062061737103231256,0.9675426165349503,13.692641718725163
Heavy Crude Oil,-13.209565393677074,0.8075694940005094,0.13427948731492081,0.8929175706994936,17.332741091338505
Heavy Crude Oil,-11.203536507053864,0.582178868026857,0.07352665182464958,0.8719078950324151,15.958721906858845
Heavy Crude Oil,-15.937225584561169,1.0549009708717723,0.12655130474471052,0.9074438401958845,17.36313543283829
Heavy Crude Oil,-8.484518920781063,0.8870746644588404,0.147440654823581,0.9065345012232191,14.716948493266104
Heavy Crude Oil,-12.713693166007351,0.7173888008285458,0.06564929501502513,0.8324722017828509,14.848257098629954
Heavy Crude Oil,-14.527001365839581,0.8190916524143711,0.09818346959788292,0.9073467649193344,13.955736859960016
Heavy Crude Oil,-7.3847094447292445,0.9360115900180314,0.037772874995763865,0.911643404371345,13.783987714125352
Heavy Crude Oil,-13.521719590061121,0.6659927928876066,0.1216108345379627,0.8659309882465214,16.935652048050407
Heavy Crude Oil,-10.509326678204342,0.937391438521145,0.05738066169629483,0.9237682805346006,16.264908433284603
Heavy Crude Oil,-12.711267262655948,0.7228228042607125,0.18047603328879866,0.9113747937866027,16.271935501423474
Heavy Crude Oil,-13.233114017741892,0.6780715533477807,0.07152751127539449,0.8937989306305002,12.871559986365302
Heavy Crude Oil,-12.014767212975574,0.6311494811931501,0.04399762887650639,0.9335455624138438,16.207581040555787
Heavy Crude Oil,-12.587815148080299,0.6982235690923048,0.048629822423699454,0.8813365877029343,16.289036983290583
Heavy Crude Oil,-10.607631462983512,0.7503468264518032,0.04232537870076081,0.9133921818933167,13.352930058748301
Heavy Crude Oil,-12.777378958291804,0.9325276090437038,0.1413557714282884,0.9078987156125726,12.456161997774554
Heavy Crude Oil,-11.682905148794012,0.9062657290787527,0.08121831671172322,0.9675557044993358,17.585490579036414
Heavy Crude Oil,-9.50440075178479,0.8305243126531353,0.12936958499030063,0.9707093644165545,15.89478787413795
Heavy Crude Oil,-12.75185116168532,0.755145716347214,0.11192774768868696,0.8354719289026891,14.713482169271614
Heavy Crude Oil,-10.35517932265462,0.5808746148834719,0.17672410508972575,0.956118710935158,14.080470768339048
Heavy Crude Oil,-11.184913758192286,0.8003147726906327,0.16149951842193416,0.9491341571384971,12.199858553633982
Heavy Crude Oil,-11.119106379803736,0.7794372146356753,0.104141628525905,0.8635914049515092,18.49627413824167
Heavy Crude Oil,-10.439907270146136,0.7260228836027033,0.03326946965448837,0.8807163684511076,15.869005292182612
Heavy Crude Oil,-11.639691234080665,0.9253132824768244,0.13949598610904262,0.9484784512876454,15.653710801220875
Heavy Crude Oil,-14.083948095316487,0.7804301468853099,0.1530044869954333,0.8974238535737677,16.006180737247494
Heavy Crude Oil,-12.478122472869199,0.6970188151458155,0.09383279679769448,0.9154523721516327,13.688624561077113
Heavy Crude Oil,-12.353566867285004,0.7060536758014018,0.1559622458782048,0.8852772121205983,17.905511090252368
Heavy Crude Oil,-9.706878224188637,0.7918954035278256,0.04957756337263252,0.7957051061133331,12.055925853946416
Heavy Crude Oil,-14.060752237347991,0.9378469627461505,0.10579122936134731,0.9194802262045995,10.559157982129747
Heavy Crude Oil,-13.796949643825892,0.8887079776446287,0.11433870561912932,0.8926397360657201,16.129684717200245
Heavy Crude Oil,-9.546303290796278,0.777895753646295,0.10346849013290348,0.9096298459365653,19.784219270547986
Heavy Crude Oil,-15.149034396628538,0.8683223014788809,0.09425988756204683,0.928338586309209,13.685254892010551
Heavy Crude Oil,-12.073447546287676,0.8711410579465496,0.2556455100521921,0.9404018094701035,13.303868803938983
Heavy Crude Oil,-12.635639523034055,0.7546585891616147,0.010217841368499249,0.8834954904149281,16.46565816364349
Heavy Crude Oil,-13.911348178615192,0.9048482651050593,0.12438874105421692,0.8632883339014481,14.716940725324305
Heavy Crude Oil,-9.60251728853845,0.8733547813505866,0.1004391827449074,0.8881158341519508,15.15321814090332
Heavy Crude Oil,-12.767645336913455,0.5895250494280986,0.20210889552673655,0.9077662499599701,15.796294530245074
Heavy Crude Oil,-12.086861624815363,0.7264883199275413,0.09070377595256147,0.8200302618902845,19.554172996106608
Heavy Crude Oil,-13.851767997633594,0.696803371615282,0.07798703978067999,0.9644037862426189,15.029017998525308
Heavy Crude Oil,-13.854203694045694,0.925433836075734,0.13655003133927407,0.9269217478608226,16.431468482341682
Heavy Crude Oil,-8.408457149126324,1.0185094895036113,0.06566423284983523,0.9811942496405577,15.766336379517801
Heavy Crude Oil,-11.251356275793375,0.6307729168356672,0.0914807117305902,0.8593588204831718,16.656117629786618
Heavy Crude Oil,-10.393379249395792,0.5925513648983689,0.09889825679978648,0.9560930752397127,14.62664207537311
Heavy Crude Oil,-10.906404532496452,0.8351165467627084,0.11708301159763132,0.8864342510965851,12.56683839172858
Heavy Crude Oil,-13.682295221137542,0.8709352514455317,0.10097291277594417,0.8930743877696388,14.152219915355294
Heavy Crude Oil,-12.457783268221128,0.9046911794488139,0.08323779590659867,0.8329467643349215,16.487303551080345
Heavy Crude Oil,-12.307314995797077,0.8031395865532777,0.18037891531997555,0.8989719721324747,15.578367346237451
Heavy Crude Oil,-13.768385236947488,0.778033054764904,0.13047630226043005,0.8222313133079379,15.40169018623142
Heavy Crude Oil,-11.84881339103279,0.804128745558744,0.15185794493291216,0.9167219257424261,17.956143796712887
Heavy Crude Oil,-13.490384273391054,0.8135924567218349,0.10422333931949737,0.846537275312246,16.912590004182693
Heavy Crude Oil,-8.512990041220773,0.798299392551617,0.12525105441368833,0.9042259237907664,13.572830660185648
Heavy Crude Oil,-14.731140416703024,0.7294226516904635,0.030402080952413438,0.9852051039029559,14.769780612153522
Heavy Crude Oil,-12.518878993570755,0.8889153824787807,0.043912444857205614,0.8616567980997724,15.136144538497241
Heavy Crude Oil,-10.456846512864779,0.8501685045168789,0.11241625712579412,0.9039058867618008,15.80047171105355
Heavy Crude Oil,-11.697520642306118,0.6970027725223065,0.10230396108165757,0.8463155670541124,15.162165085801647
Heavy Crude Oil,-12.720971912232361,1.0539381622782862,0.09800528081241441,0.8297880216869206,14.731639578646151
Heavy Crude Oil,-11.220961881543168,0.9673363946152524,0.07052738000306408,0.8208786012988181,16.633674022861964
Heavy Crude Oil,-14.070898058849476,0.7563844558492515,0.0871189757244503,0.8965183273349946,16.37832891414867
Heavy Crude Oil,-13.025451423429582,0.7726270747833239,0.09928648235253058,0.9074798978759394,15.195654349415845
Heavy Crude Oil,-11.345991337166131,0.8843839509641738,0.11963170578254839,0.922679276175461,11.835553666507044
Heavy Crude Oil,-11.92465845125148,0.8479507548001609,0.13644705972852253,0.8653824612883103,13.68192145022271
Heavy Crude Oil,-12.861151012925397,0.8536413899891344,0.15169405274621045,0.8796269946354199,16.8159246272541
Heavy Crude Oil,-11.814780286253109,0.7875714222837564,0.08943078850910155,0.9373305682301079,15.65115563357414
Heavy Crude Oil,-8.586261858528545,0.7147775357002676,0.12590508510149878,0.8735399495094244,13.261426026022713
Heavy Crude Oil,-12.016300705552458,0.8137352479407036,0.24590867775300462,0.89079270921584,12.739642541030634
Heavy Crude Oil,-11.590483923758422,0.5925359962453632,0.09540216086978671,0.900801264114758,16.58920076589042
Heavy Crude Oil,-10.53956662585823,0.7496430381092283,0.09246929926850335,0.8616939584694665,12.743874890384612
Heavy Crude Oil,-11.535157830929048,0.6726414451403401,0.07926865497140684,0.8502413020050381,16.09936637258052
Heavy Crude Oil,-9.297854851100269,0.669841201719667,0.007349075855121567,0.8937556557324966,15.031395591915517
Heavy Crude Oil,-11.672011039864053,0.7553679484765656,0.0899680350587284,0.9183755205270302,17.080861785289677
Heavy Crude Oil,-14.932573155477424,0.7631060560968538,0.11069043969705318,0.8541011947694632,18.4623392635346
Heavy Crude Oil,-12.953114820343105,0.7958707312992718,0.12780110484211454,0.8704357605599053,11.306853904391165
Heavy Crude Oil,-12.6429817903748,0.9029440555927041,0.08315524366074308,0.8576782849270511,16.851344419005443
Heavy Crude Oil,-12.496162344034579,0.7489839186349783,0.10747280448316548,0.9385375104809394,19.76342706346509
Heavy Crude Oil,-10.759145838513865,0.9159839966388345,0.07470169005060724,0.8487065947015262,15.124662699238247
Heavy Crude Oil,-11.839245127110607,0.6921487258635404,0.09123527350479936,0.9199658800859566,15.720786790036161
Heavy Crude Oil,-11.243568219923592,0.8290964730137443,0.07464956703649721,0.8743049686675579,12.602097204012248
Heavy Crude Oil,-9.322837441222358,0.8013450364619293,0.08875734721025741,0.8535603959273771,20.871315804655556
Heavy Crude Oil,-13.609992048334343,0.7571152074393928,0.12079184181430302,0.9300106482872139,16.915864110431368
Heavy Crude Oil,-9.288587238346105,0.8506157655460713,0.04719846000166662,0.887152743743911,15.61566474502777
Heavy Crude Oil,-8.897660937741264,0.6602194521575704,0.16012882526126138,0.9089957184773209,16.67566107045896
Heavy Crude Oil,-12.152992074953898,0.7157567369873674,0.1375436389700666,0.9327215513552811,16.944113931479443
Heavy Crude Oil,-12.019956953067952,0.7400177976680151,0.022060650248807923,0.9409686634069704,15.847778964887972
Heavy Crude Oil,-13.448673949295939,0.7461426326703376,0.07666205940242798,0.8258507784008792,13.364635206789732
Heavy Crude Oil,-13.700745535209531,0.7587520988112064,0.06306512508352187,0.8186497539566626,19.045180461138962
Heavy Crude Oil,-10.121188903456154,0.7220980578480015,0.11362106983268051,0.9208732544910648,17.382171709546952
Heavy Crude Oil,-13.227907539990118,0.9092106783982427,0.07260473478965325,0.8332068797915694,16.448273118628993
Heavy Crude Oil,-10.063862363816359,1.0587908973530684,0.04001373674548933,0.9349459842540395,14.180397512412934
Heavy Crude Oil,-10.824961934213952,0.6529510448768749,0.0368615112150718,0.8612062588416758,15.157928091336169
Heavy Crude Oil,-12.961621899807533,0.865905434391342,0.15134473091289574,0.9299788770622678,18.237575279321735
Heavy Crude Oil,-11.376260055816985,0.6783103289659833,0.168168825676917,0.8697421882197002,16.82083699937114
Heavy Crude Oil,-9.63939867516734,0.84566880107304,0.025192059341767516,0.8540893916745105,17.64548893377027
Heavy Crude Oil,-12.253684028464225,0.8079573534942166,0.13794122080818047,0.9348161431040162,15.557599624770921
Heavy Crude Oil,-12.313002556830698,0.7687331554267643,0.14289494126456714,0.9276784765533896,14.485399998764422
Heavy Crude Oil,-10.37683153051029,0.7870965884870217,0.05741689128328034,0.8620514650548328,13.042518327380469
Heavy Crude Oil,-12.408615024905531,0.9233724278336194,0.05974524094847456,0.9094237880509052,13.686621308745174
Heavy Crude Oil,-12.390463561907156,0.6489958788014748,0.08897308854217313,0.8903147310097519,16.08057588807139
Heavy Crude Oil,-11.665078630116945,0.6801607875047956,0.15420991220217714,0.9105151520110998,15.396787034354974
Heavy Crude Oil,-12.013773530077708,0.748224255277778,0.11089011698743631,0.9237794217964291,11.50620861730889
Heavy Crude Oil,-12.808141256019143,0.7745053029596412,0.11280853028471391,0.9596655502963564,13.456518370806435
Heavy Crude Oil,-12.746942770226763,0.7487465889353451,0.05992362049477293,0.8826406752443869,16.54160443997594
Heavy Crude Oil,-13.580753243046518,0.8427814395152904,0.014904888499083224,0.8719331001778897,14.341021399564028
Heavy Crude Oil,-9.487710490628903,0.7725197695247312,0.001,0.8000555546569376,15.068059172693362
Heavy Crude Oil,-11.079343716315137,0.8375455857627253,0.10837850529004953,0.9581129798752834,13.920817558525737
Heavy Crude Oil,-10.657634165959761,0.6367985114973583,0.05475260835309669,0.8096479302534092,14.450309398660416
Heavy Crude Oil,-12.069391825899514,0.8114101492226521,0.10309416764435676,0.8536223334594136,14.619518311173568
Heavy Crude Oil,-14.246170002908624,0.9363228975132251,0.08481869635509996,0.8755556940478154,18.177880656888167
Heavy Crude Oil,-13.863369800323845,0.6874412885968031,0.045188983756571745,0.8966064309150259,15.863263259275195
Heavy Crude Oil,-10.89048679782325,1.0571995317494969,0.001,0.9304367794562208,13.885738854855537
Heavy Crude Oil,-12.87962272333316,0.7380227871746122,0.054561516459601334,0.9842262417301726,16.684594654027805
Heavy Crude Oil,-11.965206032163938,0.9351015752487001,0.02437355173505622,0.8334647434334537,10.644064535610624
Heavy Crude Oil,-13.049121810184932,0.8161698526704754,0.10514292889661671,0.9074670955529941,12.177886337867836
Heavy Crude Oil,-10.795267886078967,0.8239627518238999,0.13665271407329993,0.8053618911204974,15.62298171759558
Heavy Crude Oil,-13.78164785987629,0.7602676747448639,0.12671824493181919,0.9045546803127957,13.296920040441362
Heavy Crude Oil,-11.990590265723373,0.6468464684756358,0.15751336979491481,0.8897357990251874,17.237099888510652
Heavy Crude Oil,-12.789797530644064,0.7476424011593418,0.06179066066810768,0.9438086965846538,13.581137685343048
Heavy Crude Oil,-11.033106851377235,0.761754760233071,0.0012018350054190164,0.8714842966106767,12.641783571274303
Heavy Crude Oil,-11.949145914476494,0.680959226432551,0.14629875503573084,0.8954462069823487,14.644808010482523
Heavy Crude Oil,-11.016161793318625,0.8963906934075863,0.09899506241151743,0.8614399850225355,11.452060767775741
Heavy Crude Oil,-13.029074635552771,0.7382787753352039,0.10535287264961485,0.8827426559430986,16.375865944102856
Heavy Crude Oil,-12.919474906906034,0.7942958833147059,0.15919937215984448,0.9170912606977484,14.87992491662287
Heavy Crude Oil,-12.902916662902765,0.7366768603285023,0.057469337352402616,0.872949656710855,16.51133167748863
Heavy Crude Oil,-12.332832406938403,0.6650226930618769,0.1884084646529892,0.9159982595572582,12.186113198973661
Heavy Crude Oil,-12.662773390861236,0.8110886382828418,0.18522960466486887,0.8445943770870565,16.952081438711893
Heavy Crude Oil,-9.900770359541486,0.737134569492543,0.08612431905698834,0.8481845376313115,14.59307771783939
Heavy Crude Oil,-12.054884961514396,0.865964999808237,0.15450917355102234,0.8625951967689177,11.065349871548012
Heavy Crude Oil,-12.031867168914363,0.8293537529968641,0.1124708843842521,0.8836663376245478,15.24950419932787
Heavy Crude Oil,-9.72683278747163,0.838173416896251,0.0813315787498458,0.8749901091452003,14.660295284644539
Heavy Crude Oil,-9.54489005725404,0.7816699290473803,0.0990102827739646,0.8758843214531848,17.19796671488393
Heavy Crude Oil,-9.060244117882988,0.8450613049431389,0.1041386451892713,0.9018391416587117,10.231386422428509
Heavy Crude Oil,-10.882273703572775,0.8134166415995844,0.12141710253303627,0.8644268902958148,14.231086242045818
Heavy Crude Oil,-12.616537404754759,0.9021622984073039,0.08106200816984534,1.0,15.861724838030074
Heavy Crude Oil,-13.913523989993598,0.7871453706748044,0.06741624389217922,0.7902808765089988,18.19894188022758
Heavy Crude Oil,-10.945286186669994,0.8533207317899313,0.10827018301498521,0.8308991215653782,14.032765720889127
Heavy Crude Oil,-10.73732883782398,0.6948779970217498,0.001,0.8886446996109537,14.716484891944923
Heavy Crude Oil,-11.796654875377936,0.8728518643514537,0.13188029061156042,0.9129384902621961,17.39106277617342
Heavy Crude Oil,-14.278454671219972,0.8504581814477391,0.13132691816684713,0.838021885695988,11.994258782635221
Heavy Crude Oil,-13.118913189713401,0.7338458557484708,0.13767097317512156,0.8692730608154453,13.287302963437591
Heavy Crude Oil,-12.91745060504184,0.9118632334154212,0.1006521687188476,0.8910374487321544,14.779989002597896
Heavy Crude Oil,-10.061909498510216,0.7250828273396759,0.1657754145470052,0.9105248149460752,14.679161236049305
Heavy Crude Oil,-8.248649253098577,0.6944360510201404,0.08231571202164971,0.8383784380418,16.90492394107234
Heavy Crude Oil,-9.466216599522483,0.966992278140464,0.16119743765730024,0.8901189766102018,14.269518045020307
Heavy Crude Oil,-14.506754658741098,1.0035873535181794,0.12344890390742339,0.8754021547565258,17.656113777973935
Heavy Crude Oil,-13.45914677514,0.8406622034222675,0.09136854328545826,0.9319338569940151,14.872852921627757
Heavy Crude Oil,-14.176391836666836,0.8075576372670038,0.1524432070937681,0.8985391797073008,16.550230243178174
Heavy Crude Oil,-13.56829422851108,0.7973739206730148,0.06877447724557113,0.9373490420052355,15.062983124523992
Heavy Crude Oil,-10.964889485495082,0.9087710426157867,0.13458092875606942,0.9136559217146822,13.00357548297719
Heavy Crude Oil,-12.004179166000352,0.7466909597984167,0.08279680216478867,0.8812732924624874,13.04014885043551
Heavy Crude Oil,-14.936007883700984,0.7331856951672233,0.10966897259620796,0.8325911477286255,15.031364472943249
Heavy Crude Oil,-9.149597363533553,0.902305655525224,0.18217707545602646,0.9195563938466363,17.335019645972892
Heavy Crude Oil,-13.08594709570168,0.7355659732978016,0.001,0.959307273702115,18.080647959639773
Heavy Crude Oil,-12.829765868020905,0.7746048293602765,0.06230689431545193,0.9191326775738746,17.24986509060648
Heavy Crude Oil,-14.614157960821561,0.8409438530642253,0.08616641141404273,0.9056697195983345,15.917988003348581
Heavy Crude Oil,-12.28230365815923,0.789641314659422,0.08930624162226806,0.9485158100894141,15.837519920254993
Heavy Crude Oil,-11.66912469339396,0.6729048278907718,0.0810710128393423,0.9449334580169587,15.075393146247846
Heavy Crude Oil,-11.010702795616293,0.9766511800327634,0.15193030346044084,0.9046579168849871,13.978021659608546
Heavy Crude Oil,-15.830324394083847,0.7831615077527148,0.08369937520915754,0.9195183097197688,14.692189546050624
Heavy Crude Oil,-12.48057758915519,0.6220601069492779,0.05300160854249668,0.9238325520400279,18.43181526226539
Heavy Crude Oil,-12.146288075618434,0.8327811073574124,0.14762390784764026,0.8594553031899875,15.733628086570885
Heavy Crude Oil,-13.110735159498239,0.8864824438491012,0.10757015239758663,0.914922590699072,13.434802805162821
Heavy Crude Oil,-10.939451460583822,1.0084712921231016,0.049604415228589695,0.8830120496176238,15.463214948336184
Heavy Crude Oil,-10.820390682006275,0.7440453714710531,0.001,0.9679594747082013,16.521012239168286
Heavy Crude Oil,-14.614421295729997,0.7392431208220445,0.1784091214763663,0.9723898209228933,16.87728004535789
Heavy Crude Oil,-12.264168650939794,0.8082987418812511,0.09345370974369369,0.9564119891634418,13.24831518700978
Heavy Crude Oil,-13.208699482326306,0.9010274586836016,0.09778192722442193,0.9689233677726904,13.656975586038909
Heavy Crude Oil,-12.082167540508237,0.7077587015156047,0.10036813407117837,0.8260726531500601,14.024733158090074
Heavy Crude Oil,-14.154380797392177,0.8693923233191259,0.1358294669879826,0.8134868634757828,17.667771491001147
Heavy Crude Oil,-8.25387731037022,0.8046006386736342,0.06794428698876777,1.0,12.36206300339498
Heavy Crude Oil,-11.969840299696353,0.8179622272631923,0.16725738102262075,0.9179869487563395,14.002732208423097
Heavy Crude Oil,-13.426776555581935,0.7658178179753865,0.0496536319527428,0.9023912659892341,13.871607640279027
Heavy Crude Oil,-14.241056689934625,0.9255145788374904,0.07511637382854804,0.8365931597512344,14.663481731024916
Heavy Crude Oil,-11.897442651048513,0.6253533274420967,0.11658238335628815,0.8476421215654868,18.422057618381576
Heavy Crude Oil,-11.214059231884898,0.7600100009890685,0.0627416114841325,0.8947516146218188,16.22558148316658
Heavy Crude Oil,-12.0382411928778,0.7782841192863144,0.10291851454089479,0.8698070534381522,14.313588146313924
Heavy Crude Oil,-15.128688658357506,0.8973726230852368,0.1149398890160881,0.8613272077983285,18.797469962710476
Heavy Crude Oil,-11.86947527941142,0.6963856428024804,0.14283687107352291,0.9199024108254632,15.789159970968438
Heavy Crude Oil,-12.638633406977386,0.8450495723778035,0.08691208548894527,0.9277970725822922,11.190111091978721
Heavy Crude Oil,-12.650810194468784,0.9722155097808195,0.06164662722998499,0.8698080851253407,14.10407732310005
Heavy Crude Oil,-13.822209203832966,0.5791719223771749,0.08847068007381936,0.9067929712040829,14.894989862922696
Heavy Crude Oil,-12.21731784292183,0.8043040870850388,0.15114207357753823,0.8904776907035392,13.851834845825461
Heavy Crude Oil,-12.42168822733213,0.8579346759756776,0.17060134392716247,0.8685928130415411,15.197867574057767
Heavy Crude Oil,-11.49246383709606,0.7007421993271178,0.10102085836064591,0.8267163071328952,11.461899392521202
Heavy Crude Oil,-11.449880388161615,0.7616125258669217,0.11011402038106097,0.8991052511495825,13.047199902672405
Heavy Crude Oil,-12.067881452946505,0.6766898694985145,0.16954861790007003,0.8322014827570018,14.608429458062837
Heavy Crude Oil,-13.563407382070872,0.8570421173360796,0.08342843143592486,0.8740666640189395,16.70640309010311
Heavy Crude Oil,-11.955854112483673,0.8516644445935968,0.050933703174126765,0.8297591528036247,15.214415924080267
Heavy Crude Oil,-12.478269533242097,0.8626434672453944,0.09600457736687253,0.9102537669617315,11.753234940117512
Heavy Crude Oil,-9.167344590578615,0.7835758014967968,0.13487934851695996,0.8581954164890186,15.616019804434682
Heavy Crude Oil,-13.954267145287117,0.8452067838259671,0.08220129578070837,0.9014595251967784,16.395948060260196
Heavy Crude Oil,-13.84881046683042,0.7315508269387203,0.12286621405433829,1.0,14.723835330677037
Heavy Crude Oil,-11.1132958231141,0.789302853014152,0.19711227973781498,0.8126389166517373,15.189242089338716
Heavy Crude Oil,-14.438316050343092,0.5493428429463284,0.11487310265589085,0.906974889807373,14.430326124515597
Heavy Crude Oil,-12.159291135059629,1.1098299434071257,0.08709124309842829,0.9255062180625038,13.701270360772238
Heavy Crude Oil,-11.557151137439096,0.7761766324944382,0.0794740758635135,0.9909449266100163,17.354369926368676
Heavy Crude Oil,-11.794880028901154,0.5695788064056033,0.08194953883737152,1.0,14.538676666720583
Heavy Crude Oil,-10.345173641919512,0.9441942401952601,0.11094819579279876,0.8579089184065924,10.129375336434222
Heavy Crude Oil,-10.973755187086569,0.7185243997176453,0.10880752259438461,0.8375089830205318,14.469524919059596
Heavy Crude Oil,-11.94942141764842,0.8268593581044298,0.04425889063237929,0.9598455474380676,13.806210430536058
Heavy Crude Oil,-14.511704190679868,0.7890976580036536,0.10171876545132301,0.908029471658588,17.724264807370158
Heavy Crude Oil,-12.354673255103789,0.788038037563123,0.04484078093834533,0.9410276751443949,15.368618128156207
Heavy Crude Oil,-12.630041590941245,0.6095325306534537,0.17222060975275438,0.8386160017771972,13.817443981260588
Heavy Crude Oil,-11.462483233385996,0.6803442071383314,0.02532451108734283,0.7938026208649668,16.44199390581127
Heavy Crude Oil,-12.817779367089482,1.0927270092473331,0.05028224671845633,0.853927448828554,13.869214059429197
Heavy Crude Oil,-11.635298017292266,0.7529796661214689,0.13061661070012562,0.8510705805005673,12.236816563072837
Heavy Crude Oil,-14.697322109113662,0.5776425832062804,0.07409654902624717,0.8849509843803389,13.737125945033632
Heavy Crude Oil,-10.134891304219257,0.9228030209608136,0.08325985062777491,0.8103039443404019,13.866589783889895
Heavy Crude Oil,-12.899732090875592,0.7342865037721943,0.06511405480508776,0.8673268552137596,14.22691676820448
Heavy Crude Oil,-12.953311648223336,0.8208322508625593,0.11801843579524306,0.8544677456408756,17.542130652014066
Heavy Crude Oil,-13.47009345276092,0.6382199386184664,0.11903890356825259,0.8591295932792831,15.642582941514776
Heavy Crude Oil,-15.605502901650796,0.9392455941483068,0.1336146704020201,0.82497617254185,12.04244575230743
Heavy Crude Oil,-9.491601143853709,0.7262620096502042,0.0582907575633688,0.7866973952925359,14.298443588796891
Heavy Crude Oil,-12.341579422253629,0.8715493096769485,0.030046078590776227,0.8239856603879695,15.901925269552954
Heavy Crude Oil,-10.489904893159403,0.6428847648882118,0.15407570431498707,0.9018770920743411,17.183610678149293
Heavy Crude Oil,-12.105330542276425,0.547772208251205,0.09240163088419806,0.9530071909335636,13.212507961832571
Heavy Crude Oil,-12.581947453361177,0.7823866496449022,0.001,0.9835673787718738,13.19724864020565
Heavy Crude Oil,-11.241396851290801,0.7913298863851792,0.16288095281796802,0.920302806121404,14.53015145695805
Heavy Crude Oil,-13.34027263877892,0.8797850701382139,0.006327934802269165,0.9322945210137946,12.801910496890255
Heavy Crude Oil,-10.12157450706504,0.8161299542662696,0.13220618839250545,0.904099440691236,11.495245809718007
Heavy Crude Oil,-13.291093745093008,0.8672389337611383,0.1083327908679922,0.9590494952652836,15.806549126074344
Heavy Crude Oil,-13.45005283605399,0.7203935862279366,0.10514586952616187,0.7842977966999948,18.34688377124597
Heavy Crude Oil,-11.337379895433664,0.9227034597048873,0.020969802959541553,0.9622282580177628,19.4629978220555
Heavy Crude Oil,-13.981317533065976,0.8771401794903767,0.10005549723436466,0.8227783075875879,15.98576794370374
Heavy Crude Oil,-10.749595192743977,0.7398873447331153,0.15829582601276115,0.8166618296605401,12.010487707100712
Heavy Crude Oil,-11.795103906616871,0.8025385277972272,0.06417132557879475,0.9404797217985943,16.0617886284319
Heavy Crude Oil,-10.712791393598977,0.7876863564647733,0.13012901339891705,0.8777174848485003,19.107637380173195
Heavy Crude Oil,-13.218818655182979,1.0105297429458313,0.10174439735447044,0.8312244555215629,17.736158700977203
Heavy Crude Oil,-11.811147917407562,0.8851124098380239,0.16119279592712968,0.9168977777072513,13.81551831037437
Heavy Crude Oil,-10.536429933496125,0.8000755507454596,0.13429289093042096,0.792313471310427,15.893963434019703
Heavy Crude Oil,-12.957878737717545,0.9653309637178531,0.13115436739445477,0.9119928872924649,15.972619986700444
Heavy Crude Oil,-13.497661279315077,0.9623256690528055,0.19956852092084523,0.9196456755274108,18.180807137147276
Heavy Crude Oil,-12.853722298008801,0.720288643377502,0.10204623743644615,0.921747051918395,14.212026637513759
Heavy Crude Oil,-11.193347714447274,0.8306389482073414,0.050084661235447255,0.9259396508725861,16.727056485043043
Heavy Crude Oil,-11.742796023614414,0.9152648103261692,0.039129810325152406,0.9233975211065926,12.65943858720645
Heavy Crude Oil,-13.671122037349631,0.736906916626221,0.05289699082128776,0.8726002090629431,14.571699378577623
Heavy Crude Oil,-10.744268270502923,0.7678840961294298,0.020718714661520365,0.9570033923247581,13.32581973276992
Heavy Crude Oil,-12.088080640656942,0.8446536506940712,0.10998052092013914,0.9547089773760739,15.958006286785517
Heavy Crude Oil,-13.291964369545662,1.0178562173991663,0.10971667316691167,0.8926329886689247,16.92785084611114
Heavy Crude Oil,-11.625823581104891,0.8399228192939328,0.22460919993003436,0.8862439285872477,14.364478211965208
Heavy Crude Oil,-11.825132231981303,0.9071515935581039,0.024673298490480045,0.8017222054261748,13.825769458759705
Heavy Crude Oil,-14.45088443858893,0.7575168652474362,0.1251249848064645,0.8554625568223868,12.146346846437314
Heavy Crude Oil,-11.895994257426977,0.8862543484615171,0.015251328074169368,0.9410116199152992,16.634612407476652
Heavy Crude Oil,-10.568872346765058,0.9218480214871687,0.2101006962329808,0.8821953975690473,15.219143160155717
Heavy Crude Oil,-12.624657649872038,0.8001976844755812,0.17664366778181562,0.8327492758034666,13.27790065566885
Heavy Crude Oil,-9.934228595243159,0.902003650690209,0.0818434176591461,0.942720100056036,15.682431684984067
Heavy Crude Oil,-9.749588086498518,0.8074509593826773,0.15128160569362914,1.0,16.196198310094932
Heavy Crude Oil,-11.926007751307734,0.872244698522098,0.08173595708980576,1.0,15.360142075391963
Heavy Crude Oil,-12.40939998033827,0.7164310994979964,0.15486100958032195,0.943359370641387,14.005291257171814
Heavy Crude Oil,-11.135322982316366,0.6491444031787144,0.10924852875365781,0.9226378176038348,18.414659619118446
Heavy Crude Oil,-13.156228204093035,0.6721647371197677,0.055228601953747916,0.833171574984254,17.673314715517968
Heavy Crude Oil,-9.677041057463946,0.8320216577948829,0.1610647472842574,0.9066979190290118,14.809776704598468
Heavy Crude Oil,-12.499556428580643,0.7689609008622434,0.022609922184548437,0.913212738180367,14.919332179571912
Heavy Crude Oil,-10.881958913883187,0.809352349643861,0.09186481492154541,0.8564403484996185,15.144306473643523
Heavy Crude Oil,-10.892644153775757,0.685666100891614,0.10437368768403697,0.9116521475764742,13.563870432763471
Heavy Crude Oil,-12.881784457362,0.8230610848766214,0.043328949085368856,0.9174961857624696,13.2092912526816
Heavy Crude Oil,-10.405719460450175,1.03378277453883,0.05696215991490902,0.9267103931187337,13.54651619023596
Heavy Crude Oil,-10.438568739303316,0.6734741590914786,0.12402933792138564,0.8563505516555324,14.586030821803263
Heavy Crude Oil,-13.54653791272096,0.8822350470895755,0.05815098227802065,0.9275982129665914,14.311803943475335
Heavy Crude Oil,-12.171708557698295,0.8147755907400129,0.061908766417057566,0.9105183556770444,18.060669128708824
Heavy Crude Oil,-13.16714217874907,0.9171810143273845,0.17490488167438922,0.8591922505485978,12.089890789818897
Heavy Crude Oil,-11.547058649742352,0.7452592477233128,0.19343016095815013,0.9017403770249917,13.395601183929642
Heavy Crude Oil,-13.720739266517567,0.9089904959090831,0.07144080129579068,0.9021914399730214,16.91160549022496
Heavy Crude Oil,-12.726387527896245,0.795407117125984,0.09917157950887401,0.9341662255758046,16.181488671020652
Heavy Crude Oil,-12.330170596882242,0.8063649061496518,0.08141104942382557,0.8261193796540278,15.515201714796259
Heavy Crude Oil,-9.161712358750398,0.7116280859308938,0.06134851451986485,0.8564636114178129,16.449183557446243
Heavy Crude Oil,-11.32727181870534,0.7841462307583543,0.05409904691805174,0.9046188395819963,11.870755745328392
Heavy Crude Oil,-11.78486014971376,0.8871524386087934,0.03744004316831611,0.8233740861585168,18.158875783389718
Heavy Crude Oil,-12.917639459256877,0.9135947845943823,0.09230011674010842,0.8919022591529336,15.87682539899329
Heavy Crude Oil,-13.325998285119661,0.8132497143495646,0.08092552925879537,0.8339753278297485,15.674964149452798
Heavy Crude Oil,-12.394961710316874,0.7842975171555293,0.03949195282929211,0.9795700183881403,16.753428372772234
Heavy Crude Oil,-10.553766173742032,0.7694555297558319,0.013540855524828989,0.9976458691244756,14.877804983988264
Heavy Crude Oil,-13.123199694030081,0.8416801574483115,0.15835603940016488,0.8988474721957267,17.55715033587875
Heavy Crude Oil,-10.375500092224698,0.6923618812597941,0.06631049471702619,0.9478768581639884,9.574774872379123
Heavy Crude Oil,-12.224183539747482,0.6569168798375329,0.07617230992832377,0.8850589955485398,14.283511244184984
Heavy Crude Oil,-12.828391878168913,0.6902856350371186,0.21459556334093433,0.9933731002080676,12.675868359487433
Heavy Crude Oil,-9.626824873044649,0.7600534509527147,0.10645937366658553,0.8968363020051542,13.680502717492068
Heavy Crude Oil,-10.52422148459078,0.8125886530576658,0.07617242883903794,0.8347705278099764,13.21280997256176
Heavy Crude Oil,-14.462070173403145,0.8012223548415169,0.04016672038578021,0.886721974374073,17.740203707220743
Heavy Crude Oil,-10.201050640617622,0.7967723105897383,0.09564576369284251,0.9939937274710504,16.041512240717424
Heavy Crude Oil,-12.491709689814785,0.6573981882879548,0.11969366090823717,0.9414661886291431,13.736696950972712
Heavy Crude Oil,-11.56319586729295,0.7636426705084971,0.09079838004004986,0.7756088971218834,14.55643719256773
Heavy Crude Oil,-10.545946046387918,0.7368597444433442,0.10262631841076582,0.862202464665404,15.720883352585545
Heavy Crude Oil,-12.324784796304261,0.7060758459317994,0.1666275733832564,0.9464466006766108,13.79018647214365
Heavy Crude Oil,-11.253317535873334,0.8537412002820381,0.13211506175055882,0.8152872052002461,17.013213082065256
Heavy Crude Oil,-12.854548444388596,0.7642172066558733,0.23189408761301,0.9150936690360506,14.227355049105649
Heavy Crude Oil,-15.307941559133859,0.9389764133946356,0.03273951645956987,0.8498280548250249,14.337295401824301
Heavy Crude Oil,-9.875382312449561,0.877323998666576,0.09210812450798701,0.9154146031819411,13.799228614257789
Heavy Crude Oil,-11.790519465651974,0.8073336744778137,0.14843849478406765,0.9483589061219475,15.98795476441129
Heavy Crude Oil,-12.543521336319154,0.8741822294390127,0.09540157668984768,0.8459042815643434,14.193424416178123
Heavy Crude Oil,-11.873209524323514,0.8910215783664746,0.09082359139214236,0.8395400644380198,15.11348336659364
Heavy Crude Oil,-11.829815939915171,0.8185837628902753,0.14599357579772151,0.950946162004495,13.811578255236666
Heavy Crude Oil,-12.924215187073415,0.6959801289044527,0.13494078351402383,0.9724410054168858,14.369836144182154
Heavy Crude Oil,-12.36214584708749,0.9466782556898977,0.1252778926607504,0.9218117852400528,12.618166988052547
Heavy Crude Oil,-10.981907896080871,0.7070863659490242,0.0432989907032521,0.8826614211616645,13.82841455310262
Heavy Crude Oil,-12.332399541577558,0.6559018365475081,0.14794081532338363,0.9563843147258215,11.105315051718371
Heavy Crude Oil,-10.532313291500175,0.7189471370178374,0.1428487768491393,0.8965776753666792,15.057551128161997
Heavy Crude Oil,-12.277646474131828,0.9212129204233487,0.03802059937374859,0.9303920169367504,17.2026603297791
Heavy Crude Oil,-10.925489879189383,1.0324698914323418,0.07355266186376506,0.9478652411296766,14.78781872931716
Heavy Crude Oil,-10.149890885470995,0.799231100427863,0.08060621090687653,0.9653036101935815,14.01687612196214
Heavy Crude Oil,-14.119088638350833,0.7483153116826172,0.13095164732942663,0.9696019375793546,15.222258750593024
Heavy Crude Oil,-10.022704399148962,0.6641825078522408,0.07783682675910486,0.8855712441422949,14.77088114505496
Heavy Crude Oil,-11.873858417624705,0.8690910957392193,0.07775965809147549,0.9069514343476563,14.909754219351896
Heavy Crude Oil,-13.388834855836725,0.7886333310918565,0.09281702350514409,0.8917459717498477,15.063518913162902
Heavy Crude Oil,-11.886489689079921,0.756770482089267,0.16363573669856324,0.8415259685398492,13.558059783060207
Heavy Crude Oil,-7.830054563664666,0.6962008645010771,0.03231226626451207,0.9367238372500609,10.845760292452251
Heavy Crude Oil,-12.352910864958659,1.014582492507649,0.022753203892329977,0.8009017757130643,12.001637596084603
Heavy Crude Oil,-10.652460647479522,0.9124776719985813,0.07437056015107456,0.9341606202000535,17.780510655023978
Heavy Crude Oil,-9.318980378355262,0.7753664718820152,0.001,0.8589560538795157,14.146391610129484
Heavy Crude Oil,-12.388408194867585,0.7812140598991281,0.15594472989653346,0.9637214213343791,14.656652692150434
Heavy Crude Oil,-10.352272685922273,0.835766136663109,0.10322529864312859,0.9453272078554982,15.144504096475831
Heavy Crude Oil,-8.913283234353356,0.6561588833205442,0.07424145504539911,0.8936740551523025,15.878905380915981
Heavy Crude Oil,-10.098059269345367,0.7975601432763844,0.028888517524689652,0.9421256948227502,16.50991753228393
Heavy Crude Oil,-14.912787989069109,0.7996195866329201,0.020492908465985105,0.8667674451248969,13.1943821460744
Heavy Crude Oil,-10.786102952637021,0.8116830174172184,0.03572044996219862,0.9440032981478671,12.13238835214317
Heavy Crude Oil,-11.504829314293584,0.7185989330708444,0.081716145873474,0.9252135374019193,16.042898798119058
Heavy Crude Oil,-9.99454638966606,0.7917746300328548,0.11532254314816706,0.8781131338797837,15.363979765245595
Heavy Crude Oil,-11.340770927987233,0.7901690152545624,0.009812475795375187,0.9165735448165447,15.729122954710913
Heavy Crude Oil,-13.020260214521926,0.6715612963927486,0.17379395752519827,0.9245722755447201,14.541837938156581
Heavy Crude Oil,-13.70554932472123,0.7178185171578655,0.1651295198393116,0.9068830970434023,13.898825865998587
Heavy Crude Oil,-11.235466153163015,0.7185601812553677,0.17504215151401892,0.9676400267448363,14.066851857594447
Heavy Crude Oil,-12.94300537054629,0.5381866801307721,0.0259209614224316,0.8330265112521122,15.270380681974773
Heavy Crude Oil,-12.489350556662039,0.6654664512584759,0.08594179787677214,0.9252668573823675,16.055678699831173
Heavy Crude Oil,-14.849505421288322,0.7871736519516169,0.030832961151419494,0.9450864348570137,16.568292832706998
Heavy Crude Oil,-13.347040839486688,0.7233954797599601,0.07693664747508465,0.7873603302634331,15.671936346881154
Heavy Crude Oil,-12.409266819510195,0.897017508256786,0.04507953910187237,0.8690438525875034,11.98694948392177
Heavy Crude Oil,-13.50643584524138,0.6818018003931782,0.1497986839423223,0.8650869075624305,15.248351369489226
Heavy Crude Oil,-12.571145105792706,0.6730534733987188,0.09158497884141786,0.9299551665931798,12.584481214913295
Heavy Crude Oil,-10.786330813902932,0.7150279078522304,0.07585080369635797,0.9265341561505024,13.673127685561024
Heavy Crude Oil,-11.943637710996201,0.7685309171211908,0.10646840033519094,0.7809630447238252,11.340636369583834
Heavy Crude Oil,-11.076049490929742,0.9037181405649051,0.05447566482342394,0.8877985823914433,15.589438505804603
Heavy Crude Oil,-10.960173597511943,0.5972322728329151,0.055697987651081145,0.8833710310075062,16.4062803944721
Heavy Crude Oil,-8.252354274417758,0.7771994273190282,0.029651126894800563,0.9201134038600649,17.64199157908142
Heavy Crude Oil,-11.837978818530749,0.7093351454845708,0.14789969707400097,0.9331772809249218,12.947838311608752
Heavy Crude Oil,-11.427861573698488,0.8997265567658873,0.15909450212794468,0.8966775512345272,14.283841107641361
Heavy Crude Oil,-10.159089266878105,0.6789839497019114,0.12192896454605028,0.8314986686317786,17.130752544519204
Heavy Crude Oil,-12.387068273416743,0.926858323564747,0.12457063781777636,0.8388389884969035,17.84925546415449
Heavy Crude Oil,-9.673132100358405,0.8882286492599216,0.06192060674818901,0.8846993022821296,15.29085443481152
Heavy Crude Oil,-13.05556559899715,0.9692346572463205,0.10721632358630184,0.7648325976446322,15.67871162551244
Heavy Crude Oil,-12.52223609522597,0.7925073443881553,0.08156903171071501,0.9403523208303344,17.23937555710676
Heavy Crude Oil,-11.57542025661202,0.7660688812861841,0.09793313975954149,0.9009799808288814,13.395139920270326
Heavy Crude Oil,-11.131607027143147,0.8460042323860467,0.1770220619888337,0.9627674890144238,13.628650164819739
Heavy Crude Oil,-10.769552438236554,0.7049046616905529,0.1347966050470425,0.8741692900619946,12.953493553248832
Heavy Crude Oil,-11.579931985953893,0.532543287184586,0.0124512212797386,0.8911254058112859,15.164883533269684
Heavy Crude Oil,-12.553978155237283,0.6420563701282401,0.059105407893074724,0.9195604663618697,16.163563541256725
Heavy Crude Oil,-12.024334676393911,0.9156833781036989,0.11986985117296171,0.8626272173020894,14.438995893176765
Heavy Crude Oil,-14.104299235811782,0.7891861009608584,0.15560503096106693,0.9342645042355484,17.804018651838245
Heavy Crude Oil,-12.45432786569849,0.9346099794514258,0.09033478867760152,0.9735792541284948,14.956286505115752
Heavy Crude Oil,-10.939152939293585,0.9475112364309856,0.09032861857093973,0.9109194493772087,17.577726850412603
Heavy Crude Oil,-12.199504745895096,0.667910771749384,0.2071503527292455,0.8765117767831432,15.317512101875085
Heavy Crude Oil,-10.26598999582331,0.7391506096268798,0.049606604338893495,0.9126868648387417,11.413847204175221
Heavy Crude Oil,-12.431859115301881,0.8245038664315406,0.0865024051587418,0.8228274528407127,18.188355912408024
Heavy Crude Oil,-11.844692769076238,0.9431152117761742,0.08699818749097776,0.8559994009154618,15.53836184051032
Heavy Crude Oil,-12.32368068949233,0.6822238542008643,0.1734892129393748,0.8688864888553002,11.319467230408865
Heavy Crude Oil,-10.007750919064001,0.7495701984187377,0.06960880536921879,0.8117306206485013,18.481882973193983
Heavy Crude Oil,-13.93422088081453,0.8058449480705651,0.14563101612702203,0.9210858466501549,14.880691376015617
Heavy Crude Oil,-14.552498787431125,0.7190275164232717,0.1093900169021261,0.8606412965006502,15.406718919997536
Heavy Crude Oil,-10.977384886777287,0.8962502885800102,0.038691032109365836,1.0,16.53495868910826
Heavy Crude Oil,-12.002571230503596,0.9089536583076641,0.2182703885999987,0.8280639949471565,14.549474715017293
Heavy Crude Oil,-15.567647489809993,0.8192651532648025,0.11826971209625704,0.8980418942278621,13.69093285800338
Heavy Crude Oil,-15.074271774282488,0.8373533683411769,0.17277172419576625,0.8704490772133284,15.88011985804629
Heavy Crude Oil,-14.352216470130076,0.8457213063692515,0.08033088511276715,0.8618791024698543,13.479272717567738
Heavy Crude Oil,-12.590417373049515,0.8382433315692536,0.034391839940224114,0.8801442334216074,14.917056444001705
Heavy Crude Oil,-13.64855883679779,0.9796665201675018,0.057325225996932926,0.8665281543183255,13.043384100355004
Heavy Crude Oil,-9.302279869292823,0.8552905228599482,0.05317039968781789,0.9553115779429985,15.401397388577756
Heavy Crude Oil,-11.614119868332747,0.7655522791247548,0.06252920065215134,0.9168883049527301,13.90982554000882
Heavy Crude Oil,-9.274866555637344,0.6730708894756896,0.17680783864274727,0.89443405756011,15.598171468042212
Heavy Crude Oil,-10.750263350055848,0.7369750704995565,0.14321241923493183,0.7646228072309412,13.560020933556121
Heavy Crude Oil,-13.386094211011597,0.6746493987628239,0.08925225809605244,0.9192874984090847,16.40531999699861
Heavy Crude Oil,-11.638684864199389,0.7334306535106453,0.11845082189125836,0.9062142847425425,16.872112335872032
Heavy Crude Oil,-10.834594945602724,0.803047641392063,0.05513734969193716,0.8673524922083959,13.900421280723933
Heavy Crude Oil,-12.472899500874384,0.8268050427589754,0.13575871950640292,0.8974440653492312,15.032249575800945
Heavy Crude Oil,-11.785040542499994,0.748409468686766,0.0537303871178522,0.8122281051344645,13.609701283846256
Heavy Crude Oil,-11.29028182009832,0.7297088561960433,0.08810964812870302,0.9233215643706159,16.04137899284534
Heavy Crude Oil,-13.61929927824906,0.8997059356453642,0.15636750446777428,0.843507507139072,13.352326260717692
Heavy Crude Oil,-10.213363975280712,0.7853146478744699,0.001,0.8300159247633657,14.501260749655037
Heavy Crude Oil,-13.744563975426903,0.7586576229363559,0.10161981068417894,0.9731127302017365,14.419092167544422
Heavy Crude Oil,-10.391187300640862,0.9428760162036771,0.17171548346760382,0.9142377296692784,11.073421704322051
Heavy Crude Oil,-11.308762701894201,0.9048399887813542,0.09594664472822916,0.9872291935037625,16.719667122934915
Heavy Crude Oil,-11.147589934270824,0.9086380711205838,0.11666849256304392,0.7753594750302324,14.001722097059268
Heavy Crude Oil,-10.20424795912822,0.7192408659901705,0.08882637473815305,0.8477581843048464,18.56784519040354
Heavy Crude Oil,-9.477761313872977,0.7116131104859271,0.10736490001945422,0.8659752976117976,16.229889278062757
Heavy Crude Oil,-11.235475384136507,0.8811705571613266,0.11659592238539437,1.0,12.944152469978523
Heavy Crude Oil,-14.565905031654772,0.7606909799298539,0.02160058672198664,0.8253768864997004,12.997370691604067
Heavy Crude Oil,-13.383283358147441,0.704538189804994,0.12591094752227058,0.8746905469457332,14.640970850255039
Heavy Crude Oil,-10.658650838248597,0.7233677475218574,0.0867727050647639,0.9182879993046458,11.116864398759557
Heavy Crude Oil,-15.577358263425873,0.8346117328797723,0.12460071402834494,1.0,15.31618975173362
Heavy Crude Oil,-10.770390424112858,0.7804527356414026,0.11486136107925432,0.9833628420874767,10.752014363748728
Heavy Crude Oil,-11.37957561364248,1.0135586730077366,0.11410171096046713,0.9825286481616424,13.741575700941116
Heavy Crude Oil,-12.04807124124557,0.8033524702388588,0.001,0.84159110860749,12.806249841232027
Heavy Crude Oil,-10.766900882951209,0.8872153105684055,0.11620182213532668,0.9412051448427853,14.671701174556452
Heavy Crude Oil,-10.197102495690686,0.8008788442632072,0.10289320237133782,0.8867203683368795,16.368900955272856
Heavy Crude Oil,-12.63179822491937,0.8976431377198069,0.04339254296419967,0.8450541872635903,16.374853510253008
Heavy Crude Oil,-12.132816321874518,0.7546108583846872,0.144502886623773,0.8696369292956958,14.59959749139926
Heavy Crude Oil,-9.90115807489326,0.9539142345810651,0.17861991051351636,0.8858937111533045,17.46140580996894
Heavy Crude Oil,-13.423429241653016,0.709309712527794,0.001,0.9836434100949265,13.272040301847843
Heavy Crude Oil,-12.18979886962059,0.7089675658071717,0.13475826241650704,0.881218316964133,12.390366219134101
Heavy Crude Oil,-11.33750615372091,0.6566269975189772,0.05812971373422544,0.794655544268696,12.152083775604787
Heavy Crude Oil,-11.732206245419283,0.6035463961897076,0.025942713768914216,0.8998815541933596,13.912786207813895
Heavy Crude Oil,-9.011945046061037,0.9833896546024375,0.05660387686244232,0.9278568809201742,16.498565113758904
Heavy Crude Oil,-12.896218287036605,0.6504458463501797,0.09938507753459712,0.8913577162592945,14.128471006058762
Heavy Crude Oil,-11.336524697753273,0.7249270392994401,0.04240012262104285,0.9054541485174916,15.771940185137751
Heavy Crude Oil,-13.76496741585008,0.8928090610991082,0.011475943111196096,0.8710943270642179,14.483982927604782
Heavy Crude Oil,-12.954335568977895,0.7434939526448808,0.19355372411540572,0.8574557955480551,19.882443444943828
Heavy Crude Oil,-11.344309830403422,0.8092055137311992,0.1238120176693833,1.0,13.012813992137104
Heavy Crude Oil,-13.680626878404585,0.7245133803428079,0.10160715734822805,0.8137114437593713,15.044678478637216
Heavy Crude Oil,-9.459679299879491,0.8151407390624777,0.08536572705123617,0.8690919775658187,16.79702340910313
Heavy Crude Oil,-13.238749159857072,0.9846395920599248,0.19666798738571786,0.9128375399330894,14.97696982384671
Heavy Crude Oil,-10.454010287637661,0.9094798502227326,0.059700413447029234,0.873672243343165,12.35530513063341
Heavy Crude Oil,-11.386402592498914,0.8666627883456891,0.032503718106936356,0.8772400547591921,12.3054921648373
Heavy Crude Oil,-13.348199715365757,0.85510170602263,0.06332589666608603,0.8849587021983851,11.745376544105369
Heavy Crude Oil,-11.719514685413003,0.7955726680155352,0.06355203749834189,0.8905492851158763,15.360589761006889
Heavy Crude Oil,-13.222302223364016,0.6523737455998221,0.19027872163434079,0.8683363647644864,14.806479793626222
Heavy Crude Oil,-10.48374039746953,1.1529055187570485,0.037775677505556715,0.9224913606863255,13.584895429411787
Heavy Crude Oil,-12.808185456865067,0.7279787978993211,0.04371725160997075,0.897935431910767,12.05099462590353
Heavy Crude Oil,-10.579788650232194,0.8055002936033375,0.12112174864507201,0.8766905694026889,14.265592131576504
Heavy Crude Oil,-11.568654142249008,0.6835949367594175,0.08210047827933321,0.8570193243060773,13.21886237881797
Heavy Crude Oil,-15.164757360938463,0.933932658948,0.06567306234231156,0.9581688027581775,17.137584642788585
Heavy Crude Oil,-13.928999559774741,0.6911588764327155,0.2280251479677842,0.9875462970963572,14.936962973343793
Heavy Crude Oil,-11.613940340373976,0.7369153597052812,0.121617635710017,0.8641409049638764,10.93529247140323
Heavy Crude Oil,-13.982333679766576,0.8021092747850588,0.04344663822487062,0.8966361267543232,12.850677921134274
Heavy Crude Oil,-13.17353088375299,0.8853165306413192,0.11237402738200523,0.8995167789343327,16.7579279461413
Heavy Crude Oil,-11.27908710997898,0.9446563291251368,0.077007036884243,0.8785182510736246,12.39778146721731
Heavy Crude Oil,-12.64347107605863,0.8964769894302446,0.1649993686131067,0.9480152584043334,11.411616266901127
Heavy Crude Oil,-10.375282181008899,0.616148137672793,0.14490586620611737,0.8816107736714472,16.40506662786771
Heavy Crude Oil,-13.998672521841849,0.9171167632706148,0.026751262694755553,0.8665772544573411,13.00381074446193
Heavy Crude Oil,-14.631427279233748,0.8094527567588469,0.19030445589184808,1.0,15.194311574172495
Heavy Crude Oil,-10.324978087398716,0.8232094637928538,0.12494415973841064,0.8828925674436381,15.390153850845204
Heavy Crude Oil,-11.193781943090357,0.7421540271123669,0.09612528500535061,0.8970784940501256,16.65280663466105
Heavy Crude Oil,-13.59904825744152,0.7948457791392349,0.1956002734526349,0.9582030076292969,17.69835809777741
Heavy Crude Oil,-11.963352239732949,0.8320997563686023,0.15011180833514629,0.9780127764765466,11.096794174234226
Heavy Crude Oil,-13.97316196057477,0.9309444101402649,0.08615553221155983,0.8664139605370962,12.491678026008792
Heavy Crude Oil,-12.832525052316164,0.6597630716576176,0.20455471363662386,0.8988781974009713,14.884098916474565
Heavy Crude Oil,-11.117884987248253,0.896234516926657,0.14729440782773198,0.9536810971953786,13.738308898418287
Heavy Crude Oil,-12.446800207435292,0.8769031655442276,0.073630546918019,0.8997446683986388,15.797527528849628
Heavy Crude Oil,-10.822222376534436,0.6222319037629799,0.13573728249444725,0.8883137971074138,16.41491542172876
Heavy Crude Oil,-10.834602461467757,0.9607915061119158,0.16767268238106017,0.9673285831305148,17.887340638332475
Heavy Crude Oil,-11.562931522776081,0.803218508703684,0.14364085415891673,0.9366040475716512,14.381867526523479
Heavy Crude Oil,-11.392764886787598,0.7964903533215406,0.0573033545769972,0.9645230370688175,15.110398485060179
Heavy Crude Oil,-8.926937613451724,0.6374507729800167,0.0721610613578317,0.9016319418345436,17.27476219525783
Heavy Crude Oil,-11.400795941096723,0.8310472754180752,0.043636810372292646,0.8421529301385264,15.64500932057981
Heavy Crude Oil,-14.046158990727537,0.7468122249710671,0.1250458664542929,0.8508837863861612,18.21071192472361
Heavy Crude Oil,-10.164095483643164,0.64285800016617,0.053381437840900645,0.7857111377752525,13.434817274903734
Heavy Crude Oil,-10.8504172851414,0.7586105057725143,0.12303986218079838,0.8238832840859128,16.59595050916381
Heavy Crude Oil,-12.832663841892526,0.8012169682282906,0.09535627493034737,0.8364225739553858,12.693831336520436
Heavy Crude Oil,-10.548308296494861,0.8398992157501696,0.15250245207767135,0.9162329117751259,15.285981269618432
Heavy Crude Oil,-14.58901592800015,0.7729633303238831,0.0986307839798128,0.9976553599136287,16.373913264197355
Heavy Crude Oil,-9.695908227435707,0.8597537705894729,0.06443483865252604,0.9058562108074926,15.472447292528466
Heavy Crude Oil,-13.408733354656022,0.761561262340708,0.08971165031614141,0.9802809916282559,10.838518949218043
Heavy Crude Oil,-10.191272368925935,0.7063204765040617,0.031396040636519296,0.9589971065019233,16.463796138468762
Heavy Crude Oil,-10.118221946428216,0.8800701947545577,0.2029922500868701,0.9279361918472243,14.687045247753684
Heavy Crude Oil,-11.485610434017985,0.9243469128345964,0.06103123373699415,0.867405570873431,14.382079970804185
Heavy Crude Oil,-15.156874198147998,0.8138078408417547,0.005693564802448714,0.902652965646631,16.7305795122705
Heavy Crude Oil,-12.715314690965753,0.9677115870186871,0.026974955029075612,0.9595630340815916,16.350274112813842
Heavy Crude Oil,-14.574049872466032,1.0710794299040534,0.0968127357248017,0.8561257988922184,12.185825610431966
Heavy Crude Oil,-12.330027041489512,0.787259312761004,0.10513227642698322,0.885110192188802,16.266450620230188
Heavy Crude Oil,-12.581444748994869,0.606503588275953,0.09253192521751795,0.7816261173313361,15.70754126178278
Heavy Crude Oil,-13.468950345423954,0.8163360354915801,0.16570374907623023,0.8525625652366,17.122512517024237
Heavy Crude Oil,-12.65008435002923,0.9753194802065586,0.08174236934008934,0.8579753507246655,16.374476900790576
Heavy Crude Oil,-12.653684594435454,0.7158550485870991,0.07610800746481045,0.8977696733908499,17.684360262489708
Heavy Crude Oil,-14.901131618189366,0.8023080658950421,0.13124517973270217,0.9096724287495899,17.61973033886707
Heavy Crude Oil,-12.111517994637786,0.7815448557814055,0.12961647735066717,0.9049656907475675,14.219182523439057
Heavy Crude Oil,-11.225783940620431,0.7347471706783355,0.06944114239903366,0.8736002989117193,17.706138320332816
Heavy Crude Oil,-16.83152453397857,0.8395598834762943,0.10171359071001111,0.815956477038094,15.619453558272005
Heavy Crude Oil,-11.286372012252702,0.8589639231357401,0.001,0.9683194705927219,13.524526590630318
Heavy Crude Oil,-10.970148379870237,0.8741073780682287,0.05616514571903536,0.9330229976175776,14.229013518175284
Heavy Crude Oil,-15.107065769007237,0.9167741925527779,0.061247751849188015,0.8572753268630973,14.193868263926555
Heavy Crude Oil,-11.591644912008919,0.7942729589177898,0.12740334623535854,0.8330255316735671,13.51522725913853
Heavy Crude Oil,-12.1739956084823,0.9897887292658706,0.0943093730793121,0.9542611131830816,15.077110337568636
Heavy Crude Oil,-12.725487956156353,0.775327557588556,0.09157901439855595,0.930182286948037,17.74922253515311
Heavy Crude Oil,-11.460478728470518,0.9187077678741756,0.051760513118515726,0.8792684745592985,13.551394931584666
Heavy Crude Oil,-11.52833311368772,0.7641041614820587,0.13648864685170978,0.8534499144183779,15.086061946642563
Heavy Crude Oil,-10.969713133481616,0.593469722495939,0.2060815653665102,0.8858424057560063,10.949920172647655
Heavy Crude Oil,-11.762859152134821,0.8033443467973151,0.09590528102137535,0.9495595556463333,16.494889942854112
Heavy Crude Oil,-11.553185713464233,0.8450155633946648,0.09478207752809568,0.9887745424620025,12.041607963284466
Heavy Crude Oil,-11.790522488676155,0.8065024631188781,0.14066402030322966,0.8578073061287551,11.512654795206927
Heavy Crude Oil,-11.76476547585271,0.8281230492218604,0.17447997047238245,0.8364818976837457,17.30938753343344
Heavy Crude Oil,-8.448878453959317,0.7622235112477523,0.035452889025338795,0.8796512816813314,15.028009934742762
Heavy Crude Oil,-11.154318187489627,0.7408605270161953,0.17775992670736712,0.844273384249597,11.5215896956544
Heavy Crude Oil,-10.339934363569023,0.5725378968793801,0.0897935115563642,1.0,14.975912894080137
Heavy Crude Oil,-13.681151476044374,0.7942602536213207,0.09745996056902333,0.9080324970176559,16.32452596431924
Heavy Crude Oil,-13.55866675255161,0.9687548055236794,0.1122557142186309,0.9363397023200902,13.743701200488715
Heavy Crude Oil,-10.0704267945067,0.7742947591186936,0.11387762567467659,0.8533446961406446,13.006136747195747
Heavy Crude Oil,-10.967692040320676,0.7556393169792615,0.05730884562478115,0.8678408328986486,16.39790614343484
Heavy Crude Oil,-12.943556791805417,0.7882345068397837,0.10075138751435486,0.804132555699485,12.057747189252964
Heavy Crude Oil,-11.495583166128656,0.7262970638847304,0.15283624556402092,0.9483403552125272,16.438337332710873
Heavy Crude Oil,-9.270342319031103,0.7916910672256817,0.13244409629519197,0.8707799511701985,19.904739825737447
Heavy Crude Oil,-9.024549521345971,0.8011880434517792,0.11932931149525962,0.9679648799682403,14.705720990371786
Heavy Crude Oil,-12.984936106199557,0.8873989751006883,0.1039219623041835,0.909149722482263,13.33145731386407
Heavy Crude Oil,-14.576508222545094,0.8236142409879101,0.14524810207471,0.8887096625461979,17.872859039117735
Heavy Crude Oil,-13.055874488123317,0.694529554503408,0.09663848464019344,0.8958703712324355,16.539937462670444
Heavy Crude Oil,-13.162444236095977,0.9368094236814899,0.1983458481254127,0.8980427986515829,17.499420840368636
Heavy Crude Oil,-13.58474560593789,0.9075221541181916,0.15236382042797314,0.9431718640094939,14.968873822259413
Heavy Crude Oil,-16.431373411863046,0.735827285634787,0.0687041991157699,0.8510872530969762,15.244486009094132
Heavy Crude Oil,-12.628445168281852,0.7175387990234978,0.04705999258760901,0.8642243507257386,17.242998423699856
Heavy Crude Oil,-12.991537581941241,0.7485061293566728,0.07716511924883769,0.916949675690471,15.912498977057066
Heavy Crude Oil,-16.566984808864742,0.9021635213827609,0.1718184017121877,0.8474906731319165,13.055403510530331
Heavy Crude Oil,-12.675380081667408,0.7243995980543395,0.11119634369733032,0.8026737356820568,12.76414478392652
Heavy Crude Oil,-9.691204199737639,0.7071780032651983,0.16217141390514625,0.9177669097795069,11.381464570823484
Heavy Crude Oil,-11.047006207175691,0.7882332697807147,0.07722664718751299,0.9122478546586003,15.949266971133584
Heavy Crude Oil,-10.93861226703807,0.9178252847548003,0.12040679563891782,0.8312182955606819,14.052709084697618
Heavy Crude Oil,-7.585427497097068,0.8724491060381728,0.21846436504057487,0.9697717041099593,15.483604143111497
Heavy Crude Oil,-11.547889395328324,0.7963419960123155,0.013109769207675027,0.9009023626234113,17.421349105084396
Heavy Crude Oil,-12.899459992231806,0.841195299906181,0.14257955229465988,0.8545159780343763,14.097394271312671
Heavy Crude Oil,-13.526867235715738,0.7177834393310594,0.03561973581734692,0.8549775769310987,17.838911361595677
Heavy Crude Oil,-13.373215543635439,0.8126459219060691,0.0748565623164522,0.958943296851847,17.62232459320723
Heavy Crude Oil,-10.70389502679158,0.8306134553102755,0.08844702315795508,0.8404062647904376,18.887057762244396
Heavy Crude Oil,-13.13950952662883,0.8663646347032842,0.15297827863116986,0.8722359751547335,17.076025054631923
Heavy Crude Oil,-10.853680194991718,0.9727963835381765,0.07653267667866445,0.8357067991360143,13.989020489110978
Heavy Crude Oil,-11.686719686198503,0.8058212727085057,0.08032810518627248,0.8045401270511379,15.940965992258214
Heavy Crude Oil,-9.0414832813767,0.8464251238123004,0.13045677595267569,0.9286222653077552,15.7940933397648
Heavy Crude Oil,-10.602501049697858,0.8395373681185666,0.08436614151733621,0.8602005544995623,14.50205268943865
Heavy Crude Oil,-11.528805755324,0.7683917038877027,0.11571693415657153,0.9219575066850209,16.666358862540363
Heavy Crude Oil,-10.07580754674153,0.8078007418478858,0.034611171742616964,0.8827447951590405,15.088125134813199
Heavy Crude Oil,-14.753653134265637,0.9388664520102482,0.10711889562552332,0.9190676417290142,17.73105292505253
Heavy Crude Oil,-12.94521424521352,0.8574041930884031,0.09450679384490322,0.890795656649204,13.455615224391241
Heavy Crude Oil,-9.50159517947021,0.7624499959924429,0.1349732123447851,0.8062496306264032,17.359977059379574
Heavy Crude Oil,-10.421683266064413,0.8097434110297304,0.08865287669310379,0.9200000002806783,19.57758132176058
Heavy Crude Oil,-14.644855048355227,0.8782027387574128,0.05441913489230488,0.8990040801850134,14.504239761842674
Heavy Crude Oil,-12.642477386696633,0.7989534870947271,0.04329144273611048,0.9514590218063984,11.4117129776028
Heavy Crude Oil,-11.190353230757488,0.767346414746543,0.04145375530962732,0.9101191685299348,11.886097826587044
Heavy Crude Oil,-11.940429267420548,0.6577123092188446,0.12306360421589156,0.8537821333184813,14.098011965941382
Heavy Crude Oil,-11.559075918085258,0.7227457888157764,0.09710180001658487,0.8243084749377574,16.26175120719231
Heavy Crude Oil,-9.352629291673843,1.0792208867909963,0.10455840733332196,0.9394102070398593,11.438748654185021
Heavy Crude Oil,-9.745898510541618,0.8776228504724106,0.07580332775243835,0.9618590400144504,14.491047846709318
Heavy Crude Oil,-12.687037774521835,0.8475334925427491,0.046832275008484074,0.9510812382199975,12.888020376146313
Heavy Crude Oil,-13.575082184734779,0.7090310211591666,0.1379750018758061,0.8691612319240146,12.304008431265663
Heavy Crude Oil,-12.908519999903698,0.7967957629319513,0.040951375816780725,0.8424159445482828,19.22259266819917
Heavy Crude Oil,-13.29084810572083,0.7676957631226994,0.08163814996003571,0.878932159611478,16.242693479938204
Heavy Crude Oil,-10.577785574291926,0.7694045568468408,0.038176085670382554,0.9637220113924452,14.809317817606635
Heavy Crude Oil,-9.404517277714247,0.5754414102434837,0.10977016106416602,0.9959303166938104,14.293471729123684
Heavy Crude Oil,-12.338240135001953,0.8295511691590339,0.07206020905575214,0.8843964033973634,14.324369811617194
Heavy Crude Oil,-12.94113110163956,0.922885655020056,0.12305390161482176,0.9125314116051652,16.617142013780235
Heavy Crude Oil,-12.3965337498052,0.72257961816471,0.06986878476927214,0.9000891520552304,12.881576583254196
Heavy Crude Oil,-12.750391524880014,0.7483883358128566,0.2062278114914507,0.7613092530033042,14.640760557188733
Light Crude Oil,-6.929167448622275,0.5121844464132453,0.3753417473421093,0.7099826315099768,10.99899992817528
Light Crude Oil,-11.690299121410696,0.5205455687036303,0.22243933953976086,0.6199664593834696,11.251519116031332
Light Crude Oil,-6.906166312051808,0.7404837542253974,0.3217207937528401,0.6535232776088272,10.234160373823183
Light Crude Oil,-8.437751806144718,0.6782905600065144,0.2752659612974843,0.4621003959246775,13.005074507723286
Light Crude Oil,-7.817520346259941,0.3414154359614152,0.31764841836629526,0.7451226016136099,11.890339046986591
Light Crude Oil,-9.948925102902425,0.6015937223563557,0.2596620254031317,0.5514813837300068,8.92578827149548
Light Crude Oil,-7.486980576000828,0.5616663976471118,0.30879735471291686,0.6559725363149196,11.20650237869531
Light Crude Oil,-10.290883978129933,0.4568544355440115,0.08799127848798254,0.6263936346531486,11.53359372547336
Light Crude Oil,-8.268143943371497,0.49600735366266363,0.3794923113875559,0.8349135105113429,13.587255140736152
Light Crude Oil,-8.435388183145731,0.5011862679180784,0.20192119915864407,0.7739944051379316,14.519621073332294
Light Crude Oil,-8.589472752419498,0.6917259148426123,0.1474428291938916,0.5845836615220458,13.282802261622393
Light Crude Oil,-8.682851747816098,0.6313782176571807,0.298452835927326,0.6132024577471668,11.679610136692435
Light Crude Oil,-10.83922076510848,0.38714093269029654,0.397244399791801,0.787278741446961,12.544506427209114
Light Crude Oil,-11.065293025152563,0.46415964244871116,0.1775000111339949,0.8176533253787766,11.124416799656098
Light Crude Oil,-10.302897252937859,0.5029796165121424,0.2359845543165388,0.8483743910203706,10.897783653698713
Light Crude Oil,-10.679073911069558,0.2847086484242484,0.29692134975865847,0.6438069886142073,9.85664309023241
Light Crude Oil,-7.572928246493058,0.5667245147429242,0.297178212106277,0.8364326244170867,12.99380405009792
Light Crude Oil,-9.98742708182212,0.3960779836009234,0.3817981544453861,0.7396366956467351,12.254621651955993
Light Crude Oil,-10.015797363442688,0.5607947567005754,0.22445011168660506,0.6898013345406322,14.17041621958047
Light Crude Oil,-9.793001082972175,0.3427010742927139,0.19474528081298895,0.7994298826687622,12.382096706070314
Light Crude Oil,-9.154652854426505,0.44909061946884304,0.348535990755319,0.6150895149009776,12.458498352963893
Light Crude Oil,-9.877505482575549,0.4102340614724946,0.23625125651749881,0.6624592553516038,11.926755246099445
Light Crude Oil,-8.717453045866662,0.13116347085715557,0.2192349442253235,0.6608430022643961,14.257593057912494
Light Crude Oil,-10.296003130058558,0.5162796618099913,0.44950303097358374,0.5687031470052727,12.590962838796603
Light Crude Oil,-9.962726200721425,0.44953662577107656,0.21968891660466852,0.6268142691584113,16.08286822185974
Light Crude Oil,-7.986652953514001,0.610173786178621,0.3491993486836496,0.5393743211598041,12.592436955484962
Light Crude Oil,-7.712484462591184,0.41466005259608885,0.39653266671611265,0.7704336209854078,14.778060067220505
Light Crude Oil,-9.501339615016343,0.3902389017724273,0.26383718906274545,0.8435570993163622,9.257391178737056
Light Crude Oil,-11.482050858517239,0.5089395278931613,0.2557410707225844,0.7007727893175684,13.417967656853797
Light Crude Oil,-9.663083215342622,0.3126994169069379,0.5044481557199945,0.6002771712561223,10.411444316981854
Light Crude Oil,-7.6755359835328845,0.4615510878958482,0.2936610147965189,0.7482790124060318,13.625374654664993
Light Crude Oil,-9.400152831818126,0.6519952005914299,0.08642001512651942,0.7759787236953076,10.740708662973514
Light Crude Oil,-7.35327442007041,0.5142044478830545,0.23270946679905982,0.7662841093021632,13.339782520810878
Light Crude Oil,-8.229727052569634,0.39703037603669394,0.2515982876377915,0.6995927162878565,11.938110521024909
Light Crude Oil,-8.100305429473982,0.29850987674933915,0.3334327054553503,0.6710018645563359,10.742249075424072
Light Crude Oil,-9.890984133323519,0.47854623354820364,0.001,0.629871042920845,10.68627776303056
Light Crude Oil,-8.360660148812851,0.41944733174894794,0.278488619982951,0.8542276627661302,13.491527279723135
Light Crude Oil,-7.917274320067857,0.4500127569589148,0.35430322792896524,0.6766102199546405,11.705860183984592
Light Crude Oil,-8.50837758750414,0.4403006411579068,0.44930031044432034,0.6839869860402062,12.927540849389498
Light Crude Oil,-7.253279424891242,0.6031653774575175,0.15910808973094753,0.7444895895009884,13.27607909169097
Light Crude Oil,-7.929764373407101,0.38867051658853685,0.23429647629826758,0.7994558235741621,10.857359443976032
Light Crude Oil,-9.359635267997177,0.657587580950197,0.29522007496152103,0.6273225862166156,10.683573964705642
Light Crude Oil,-8.600736804497775,0.36668519915227915,0.27526640361035815,0.7333230534990022,13.948724730821501
Light Crude Oil,-8.198942303556006,0.4285934882017821,0.4178419317563721,0.6700484962452522,10.146445466925886
Light Crude Oil,-9.206449631118566,0.6438169201145701,0.3165240050064925,0.7012521864329786,14.455817467054281
Light Crude Oil,-10.717625816465313,0.3714400885947228,0.13841535290331677,0.7372648186480054,12.249739690672687
Light Crude Oil,-7.148716359264268,0.524347507713677,0.25958428405206974,0.7001794872878107,12.176561127691437
Light Crude Oil,-11.0061135279938,0.7710331644334893,0.35198710181019116,0.7210008308022589,12.92274597641787
Light Crude Oil,-8.148706823296074,0.48594465144975685,0.23687588637592993,0.7599450686321704,12.578566260797178
Light Crude Oil,-9.97186811890729,0.6419035611367264,0.32933520363229835,0.772981936226763,14.087881331519878
Light Crude Oil,-8.973733414602199,0.5316952006984116,0.3810027238506116,0.6275138916199947,12.081077494269001
Light Crude Oil,-8.849341696018621,0.4043941448316606,0.5317636788673878,0.5592706556507597,10.052844144469264
Light Crude Oil,-7.422928109155705,0.5713266250796543,0.1974035182519222,0.7607289015101693,14.201775667495964
Light Crude Oil,-9.036315669116384,0.7598822900074582,0.12759381891319643,0.7693823453859102,13.749792504331504
Light Crude Oil,-7.930387318073704,0.47956442733543514,0.27095585179888504,0.7444145171087257,13.223631729978104
Light Crude Oil,-8.277031876461164,0.6040057890793389,0.19811300429332646,0.6772229020876365,10.589976101814369
Light Crude Oil,-9.46333533130337,0.6015220891814306,0.31079839207252286,0.9606859163149769,12.290109550784575
Light Crude Oil,-8.928369743304316,0.5106182919440216,0.23621913071400638,0.6942163387622405,13.69168204066747
Light Crude Oil,-8.863235198246674,0.4206540270116529,0.20749153795213646,0.6549798108334156,12.11079515161632
Light Crude Oil,-7.567696157428486,0.3659511358633563,0.26801737221112437,0.7144310019435078,9.249441348555848
Light Crude Oil,-10.000317939559688,0.43201114602638135,0.22040296261495015,0.7191889545021647,11.759160585747304
Light Crude Oil,-9.666343323121243,0.5427962626552635,0.47230747176462495,0.8639256516741751,9.115842341906495
Light Crude Oil,-8.307513379397832,0.48219767099361616,0.3155155342865356,0.660171696645745,12.176382944830804
Light Crude Oil,-8.818311124713578,0.44210482426510767,0.2103632452174819,0.6551304317380515,12.351388896685148
Light Crude Oil,-8.281204389978884,0.5853348977340147,0.2505809976933087,0.7283844567302736,13.443753887929947
Light Crude Oil,-7.6012861258270465,0.4941167145868478,0.2779068275060388,0.7191124233836391,10.275438790653892
Light Crude Oil,-9.23233141324261,0.574458639847313,0.3641947129443701,0.6729732395636111,12.32657730163075
Light Crude Oil,-9.989580408348825,0.5703492148225024,0.29221785638635267,0.6724048548303861,11.45741424585992
Light Crude Oil,-9.07547264027983,0.4552122355068041,0.3658143036002563,0.6604716451983819,14.389446144041072
Light Crude Oil,-7.241747395822343,0.4108456510145495,0.30697042694292803,0.6349343378663804,11.510028655217083
Light Crude Oil,-6.597087038826244,0.46924285828842005,0.33602260370774284,0.7541321294008277,10.499055941275138
Light Crude Oil,-10.026114569291046,0.3793977628591881,0.21140292661022228,0.4149969890682817,12.816873601190442
Light Crude Oil,-6.534967390492716,0.5147820739036527,0.15837311406593924,0.6357223617100052,11.311684732462504
Light Crude Oil,-10.22110173265605,0.5860182638395157,0.38102600443753337,0.584454820618234,13.087621566671263
Light Crude Oil,-7.167824803707282,0.690255820522956,0.5865212023085963,0.6098007350556802,16.236330639592804
Light Crude Oil,-9.425047666210546,0.4407534544619486,0.3327072374877845,0.6417938665906987,12.59856621096979
Light Crude Oil,-10.584092625284763,0.47612473979365655,0.42855822343616795,0.6942938708568843,12.212393680109825
Light Crude Oil,-8.429689674339226,0.617066162931766,0.13447752878105668,0.7584524051837435,11.597791291137355
Light Crude Oil,-8.800034525625794,0.6059950169762376,0.18058133485881556,0.598735555855691,9.096855060429291
Light Crude Oil,-9.658990730116532,0.6330432344378817,0.28794128115265305,0.5659875104345213,11.27148188313743
Light Crude Oil,-10.785434044188747,0.3874813898268838,0.33888189102637134,0.5826126673693971,13.668951457804953
Light Crude Oil,-9.085344348996403,0.5085594703944525,0.2721627032392106,0.7772847838543723,13.174739831665516
Light Crude Oil,-8.597934777705394,0.5564789105907648,0.27879103300795743,0.7542203006909048,11.49318333678929
Light Crude Oil,-8.997322053405117,0.47253562506337027,0.2542781460680804,0.631088820227821,12.701535155788328
Light Crude Oil,-7.427272904623844,0.6171101971669559,0.17434346640545645,0.8289203051406873,11.522762247573107
Light Crude Oil,-8.27912038182529,0.4093784667952789,0.3141979913874005,0.7313723182896906,9.77309281212052
Light Crude Oil,-8.270079400386972,0.6345935007838315,0.2825352054318372,0.8360168130828012,11.715459759821389
Light Crude Oil,-7.980498562744059,0.27814300340489,0.5418777779313464,0.8495458245242956,11.573061743619482
Light Crude Oil,-11.36650683197258,0.528802836830549,0.1556074452926243,0.7444853537557488,12.617348578746423
Light Crude Oil,-10.129683802802429,0.6120967023614378,0.3805574702806173,0.7975823337288563,12.013286555503344
Light Crude Oil,-10.698628880296448,0.5977872272211138,0.27296286008642084,0.561021985680733,14.028059048961488
Light Crude Oil,-6.480710975396989,0.4958751871020797,0.5159121154603292,0.7091314728611349,11.429316143750473
Light Crude Oil,-9.756550145022572,0.6637082407992743,0.22198561186122281,0.7735269309974987,11.161254247411188
Light Crude Oil,-9.552368115089235,0.6030249693969567,0.2619963153710646,0.6595204620579707,13.699207045762211
Light Crude Oil,-7.0831232481340525,0.5644689803284233,0.23452302243760506,0.648939150070242,12.119872895610056
Light Crude Oil,-8.614883925689211,0.4012134089860228,0.37230379395798635,0.7085513329639599,9.426437522042805
Light Crude Oil,-10.114711778952877,0.44958713263483363,0.2927142311158945,0.8889278795503995,12.357256959209442
Light Crude Oil,-10.00892626787835,0.5220630804307164,0.2647912252546119,0.7324758239533542,12.870851530553423
Light Crude Oil,-7.548923223331275,0.49757135043299744,0.46389605275998336,0.7908022662536192,10.938840682781718
Light Crude Oil,-6.348173201101844,0.5326994513270098,0.21648754960277644,0.8652913051230421,15.116666377797667
Light Crude Oil,-9.039630316463473,0.44963497396244034,0.2827625042546338,0.77147317275177,13.91678498254577
Light Crude Oil,-8.315415202963711,0.510172320847177,0.44980117703044276,0.6687163526948477,13.54637900755036
Light Crude Oil,-9.345675358021534,0.5431022958010893,0.28864374352095484,0.6944147817347188,11.433920223806686
Light Crude Oil,-7.386175162583167,0.4267073961891465,0.22597677474512914,0.9120993565845109,13.466771346981497
Light Crude Oil,-11.862136438431644,0.44347412607895964,0.11880106624379456,0.6049309306584745,7.29222800064894
Light Crude Oil,-9.16438749323273,0.3858058180838688,0.30599052567964385,0.5374878741117475,12.12436777975806
Light Crude Oil,-9.497899533744393,0.6501952965188595,0.4411356861745625,0.7785345603010283,11.510079329008182
Light Crude Oil,-6.6175435256876485,0.3446964722160179,0.15964413704363373,0.6916216900110935,15.381057163381678
Light Crude Oil,-9.242806688244105,0.4816754756790718,0.15580896438881905,0.7945929585270378,13.429764381494032
Light Crude Oil,-8.053109758320108,0.43707793271526374,0.2293293231626994,0.570687774959503,12.125808752641401
Light Crude Oil,-10.296488795134202,0.38225834947507115,0.2576309283089324,0.6510843824815783,11.193032206767068
Light Crude Oil,-8.440266483791687,0.5079047802150279,0.27118439694888824,0.7183012928311482,10.512709438343052
Light Crude Oil,-8.873665651308386,0.5150602492844634,0.1496953140642519,0.7995693754370362,10.677849442159507
Light Crude Oil,-8.891628240952278,0.616441174053527,0.3925676757713869,0.7034333388568835,11.456251495676897
Light Crude Oil,-7.862985709709319,0.567469497780862,0.23816349799558698,0.6205106352998309,8.891467227456003
Light Crude Oil,-8.815161789979696,0.49173022549816015,0.41361913746425416,0.7359055093480367,14.001343791259035
Light Crude Oil,-9.836837073499405,0.6138150330967618,0.24710836208953446,0.7777596061792271,9.81186241120396
Light Crude Oil,-8.717837640760575,0.301531205855409,0.2732862514058245,0.7440353993877913,11.218547173153356
Light Crude Oil,-10.26052515450716,0.5846118469295933,0.2896537210153076,0.6510429352969328,12.062843881731414
Light Crude Oil,-5.835997029665294,0.6153502849781544,0.416257366818784,0.7435546318992363,12.24972790886572
Light Crude Oil,-11.8752987459965,0.4321019653536868,0.2519425586797525,0.5125107935952466,10.26387631467685
Light Crude Oil,-11.37700376510716,0.49616761643026275,0.3818765970848816,0.8106774518624328,12.622176693118861
Light Crude Oil,-10.156075609438282,0.30679348414800406,0.12431313005984979,0.5731017422745501,10.666710452946488
Light Crude Oil,-9.191698197589904,0.39858357818730317,0.3338975893668261,0.6767726497200527,12.015818567611538
Light Crude Oil,-7.631699336794554,0.38197682657996296,0.3418704578292368,0.6986026771523927,11.499770578545457
Light Crude Oil,-7.937692414960848,0.5879014154557007,0.20535092040115718,0.6817839416142075,12.421817523876097
Light Crude Oil,-9.3276080976271,0.5585021332287798,0.32811920179102755,0.8832561240356012,9.704581296105319
Light Crude Oil,-9.146923187696878,0.4091497488487809,0.3604107455439044,0.5382828109954455,12.51946906533733
Light Crude Oil,-9.756058117618009,0.4265838133878986,0.15535017964593126,0.6534924053798994,13.626750795436388
Light Crude Oil,-9.030226420235376,0.5627680417874474,0.4664641821966275,0.7263755584822575,11.16180064190649
Light Crude Oil,-8.439297341780652,0.4455703853685708,0.24955773167028303,0.5480107200381015,13.389386236626589
Light Crude Oil,-9.463203090779327,0.5182098245815862,0.19640380713933603,0.7435947629715473,10.857088142797375
Light Crude Oil,-9.17005046604219,0.5877826031239126,0.3790759312232529,0.6977969927483059,9.347803450939923
Light Crude Oil,-5.40862731592723,0.6745858970273136,0.37226748248882985,0.6246796218409029,11.829611757447053
Light Crude Oil,-9.65210451573182,0.6263855939096388,0.3262502890851834,0.6215836141640166,11.293867351312826
Light Crude Oil,-7.654574228916115,0.6600097846820479,0.45283315634862453,0.7757032065053977,11.621062696796045
Light Crude Oil,-12.889816590394945,0.5297160023808222,0.29981712411559,0.7139982096321354,12.08084602054981
Light Crude Oil,-10.591514594338989,0.5557408556851186,0.36322163140318503,0.7682338782059659,13.41986550536008
Light Crude Oil,-8.275138026094051,0.4589970588461089,0.29291631520839095,0.7091124867253377,12.161549173659928
Light Crude Oil,-7.802138812833924,0.564366875302249,0.5077343439569953,0.9206468979884672,12.119474373920887
Light Crude Oil,-13.603986658151243,0.6236832466127267,0.24596236610129454,0.6198516078168993,11.40233208751595
Light Crude Oil,-9.535971656177528,0.5612269810105392,0.14405642208737743,0.5922279254208398,12.514737831296125
Light Crude Oil,-8.252467163504031,0.5641541644936012,0.22129637210667008,0.602173435073376,11.240047749318121
Light Crude Oil,-8.71215269725833,0.648547736927255,0.09525628142292494,0.6779271243041634,10.000982338462194
Light Crude Oil,-10.982691212824188,0.5966956645344816,0.3544624574499338,0.7449433515947261,13.38153875959649
Light Crude Oil,-9.575662676119363,0.45673624836664717,0.5185730616722575,0.6753428945740425,13.102698169581137
Light Crude Oil,-8.992342150844022,0.31517414699215845,0.09553709961987315,0.6421015780060094,13.584151877504983
Light Crude Oil,-8.054050012036795,0.5914077164224034,0.20129538210636846,0.8615872490122313,10.552660049720423
Light Crude Oil,-8.744610721596038,0.4989647710092263,0.28261261796854137,0.8338592138295606,10.942334219751059
Light Crude Oil,-10.619526306854313,0.5019995486206419,0.2600173265713473,1.0,13.014761214659963
Light Crude Oil,-9.491208690262349,0.39438884308129135,0.11197115894312151,0.5974780914262566,12.172412657638697
Light Crude Oil,-7.2872056180862765,0.6121689142387919,0.3229094831646379,0.6676832334297514,12.403218534618231
Light Crude Oil,-9.62236559698149,0.6718363995763875,0.281080981872492,0.6913662141753273,8.676266362468997
Light Crude Oil,-9.234521815827316,0.5836484137964941,0.19322774229614548,0.6249279665507187,13.189066526600497
Light Crude Oil,-10.771988668221663,0.6057801007541919,0.24678561098268978,0.6611431779508796,10.31418239231161
Light Crude Oil,-8.54634448748654,0.745987198502938,0.37814972394606317,0.6135714738059463,13.703430878237214
Light Crude Oil,-9.3800154551211,0.637448498142756,0.3806676402164363,0.4056858434528266,10.493880550567459
Light Crude Oil,-7.8667377325975325,0.5151657272145017,0.19762440522921493,0.6366410484506186,9.14064506986593
Light Crude Oil,-9.106047945031674,0.7210689726015765,0.3804933390732326,0.9190417001188423,13.32359563468497
Light Crude Oil,-7.76702478797677,0.6974078687745023,0.33772632593422264,0.681277267849312,13.548986274933018
Light Crude Oil,-7.255391715453738,0.4520035357287791,0.22784309176599707,0.713885603243088,13.247248300397493
Light Crude Oil,-8.042290741606125,0.3575832399812401,0.49116060670633216,0.6358835070603149,11.60240250466713
Light Crude Oil,-10.083185231985384,0.7698328835937088,0.3242070670287967,0.6149024919318434,13.295885324943669
Light Crude Oil,-8.07703706482796,0.4812272976420116,0.3840606712783383,0.6174708039169136,11.26062258757612
Light Crude Oil,-11.412259985479276,0.3676048915780437,0.48076308056706857,0.8641428627722314,12.098682972973444
Light Crude Oil,-7.004482263372195,0.4839925513391695,0.27565896974320914,0.7056510648465556,11.812617607014651
Light Crude Oil,-9.258235588272216,0.6143398107149552,0.3150135653956203,0.7712481764433804,13.547070787915997
Light Crude Oil,-8.534177045214319,0.40297286740917615,0.16471341110359614,0.7148780634807305,11.743115542762599
Light Crude Oil,-8.895130285295854,0.49839459607514136,0.5583573660166568,0.5669773744358662,9.015080595268312
Light Crude Oil,-8.601147799776468,0.46235774454118045,0.3316067869729951,0.7583883022284,13.926157042768347
Light Crude Oil,-10.808670984460726,0.4443282102142837,0.34287612588807637,0.7770463595687226,15.290174325432579
Light Crude Oil,-7.853155234663359,0.4943211404113723,0.21095642470573386,0.6435710147280981,11.11094576556434
Light Crude Oil,-8.213719645783486,0.525699744558583,0.1676350429157821,0.6564098530909567,13.31632133017713
Light Crude Oil,-8.57800517403113,0.556864461601277,0.3382921710057263,0.8626430734608859,12.354064595736554
Light Crude Oil,-9.463227357444838,0.4084244958866439,0.3249609458209712,0.4559295985224915,11.723566497250932
Light Crude Oil,-9.247007831905613,0.3635529146382719,0.2071734161344004,0.7809657530148241,12.346067623612443
Light Crude Oil,-8.877853999551206,0.5306347533932023,0.30926275879489235,0.8242862562858314,12.185143772555474
Light Crude Oil,-10.7498557365825,0.663012996487441,0.3370340267328846,0.6410746269204932,10.119897422557472
Light Crude Oil,-8.524902934850346,0.4882827995025624,0.45741467860324087,0.6654092719333171,10.7439288154763
Light Crude Oil,-7.925044538116886,0.5925281892716832,0.3168651367610195,0.7676357047674908,11.943469318886644
Light Crude Oil,-8.719361878788904,0.6164990882563923,0.3625318334021503,0.6830725561667375,14.028543818889226
Light Crude Oil,-11.837826447349816,0.7052073311421935,0.12940409051092644,0.6372907175227703,11.938623697207396
Light Crude Oil,-9.175776804873793,0.6006411040026555,0.19421633813897654,0.7260766817483063,11.13268185267037
Light Crude Oil,-8.6458308247951,0.49352277402021233,0.30929356526829777,0.6450075167535654,11.234904074855876
Light Crude Oil,-8.655272983167087,0.5943715505756044,0.2401720665802152,0.613123245542709,12.920190248507755
Light Crude Oil,-9.039004671669227,0.5830498133985952,0.20942027866288523,0.5220561074576568,11.200493877260499
Light Crude Oil,-9.91962313111802,0.49212115999197,0.23631547857296104,0.7741016951336449,11.567774606366225
Light Crude Oil,-8.81943060147132,0.5157634558440944,0.3194955092412187,0.6975870889545026,12.765901035615471
Light Crude Oil,-9.954786160590968,0.6399417926653883,0.27634626166314646,0.5688450862101317,12.28211003548766
Light Crude Oil,-10.021416578936982,0.5665334534508875,0.5209605576042378,0.621342790844215,12.498558499835978
Light Crude Oil,-11.106606706445554,0.5453905229441347,0.21142862002003102,0.6375165381565517,10.348070265240258
Light Crude Oil,-8.121418528734317,0.6007304357473262,0.3023385214658508,0.6135573294664279,14.384284554155794
Light Crude Oil,-9.900492153305587,0.2837967700072561,0.34583890099570685,0.5895225326358483,13.482913190248762
Light Crude Oil,-9.457365236008103,0.5603713240544196,0.4401500346552158,0.5791141135379277,11.151094303661392
Light Crude Oil,-9.090805287188475,0.6537551319034344,0.23416172820595543,0.6405496304050993,12.717210863333712
Light Crude Oil,-9.692674470852685,0.5152525882897616,0.1448462579031873,0.9214329942556596,9.978436154535895
Light Crude Oil,-9.38610324478825,0.49675189641579054,0.4912688134356796,0.567515421906726,14.975556203218126
Light Crude Oil,-8.091387814677573,0.5417095324423247,0.2015366312982044,0.7571141242038073,10.9147700663703
Light Crude Oil,-7.480006496161906,0.4028937970892267,0.2886841505543916,0.6444726911986828,10.518715556359508
Light Crude Oil,-8.110416219710503,0.5535458747409634,0.4209010198900997,0.5220124891791832,13.596256053511565
Light Crude Oil,-5.993461313571728,0.4548358910823053,0.489514861210897,0.6736838727940173,9.94138539365804
Light Crude Oil,-9.366758930888155,0.6048203967675276,0.21618235176684683,0.6399661340993512,12.890309148439787
Light Crude Oil,-8.996327859913713,0.5584622952486741,0.3237829540758336,0.7479625319551573,11.351548221285688
Light Crude Oil,-8.72192286956353,0.40726269943040666,0.42884336225033887,0.6365725283182686,13.693271231324085
Light Crude Oil,-9.280328353179438,0.5201999010757321,0.2505035449109299,0.5984004568831971,9.382859418592048
Light Crude Oil,-10.26638899031095,0.4676091146784078,0.32118791788288836,0.8010379313283263,11.331363810304726
Light Crude Oil,-10.058352917120608,0.3557285213997287,0.3480063617904104,0.8383194515329343,13.899495401934432
Light Crude Oil,-8.148080702223314,0.5638543317267599,0.4697623779709341,0.7332081461416811,12.969194514036257
Light Crude Oil,-9.3849406342224,0.36379566291452425,0.23161510995004236,0.6990840961465344,12.091178058751954
Light Crude Oil,-6.688456974173528,0.5081277167591068,0.4178843444025644,0.6564922758423684,11.532486171352149
Light Crude Oil,-10.594809164668138,0.4257671987123428,0.3526981391363753,0.7007560180394132,13.41440792984585
Light Crude Oil,-8.78249526198594,0.4647546268362258,0.5148296863786959,0.6906096431286952,13.744501454557955
Light Crude Oil,-9.481451047853612,0.5709599479383567,0.3928015659151687,0.720849197057558,8.468275615955097
Light Crude Oil,-8.978097046972664,0.6230460047759976,0.352748083302773,0.7445838875229246,9.41661459906372
Light Crude Oil,-9.86454608481007,0.5411357631151439,0.3410383276786892,0.8214666780132902,11.782699867280858
Light Crude Oil,-8.513011095991423,0.5016374241931294,0.2013057263498443,0.4744208668905252,12.646514538195115
Light Crude Oil,-8.791263349904627,0.4381824957899831,0.13808269434841353,0.7629739514408738,11.601119888706672
Light Crude Oil,-8.331750333158226,0.6864048530411758,0.0858569119680295,0.6300399191297635,11.68593658003213
Light Crude Oil,-7.254208591024019,0.3363596980793515,0.49358610256806046,0.713585590156629,11.855999007399213
Light Crude Oil,-9.237671715862687,0.45637369678199713,0.40481167592691547,0.593147924591756,12.51812127246578
Light Crude Oil,-9.461017998848371,0.4237866551485902,0.5585975175683896,0.741905073475346,12.919898316991716
Light Crude Oil,-7.634667863197605,0.35786500546814526,0.47522919091220317,0.44910428215049236,10.846850384942218
Light Crude Oil,-9.550838007814681,0.5581723364970506,0.32187182661414876,0.6833185259301606,11.982003983058414
Light Crude Oil,-10.173627628227083,0.3502767605515827,0.372651162233606,0.7693706112536185,14.376741562735589
Light Crude Oil,-9.94802051617825,0.5692815210300922,0.27162932716352683,0.8190474985193482,13.532944165017213
Light Crude Oil,-8.746548720930653,0.46604698433340136,0.39609321786082613,0.7646904523256565,10.973339396870726
Light Crude Oil,-10.593358408175318,0.4711467099318204,0.45154138153482093,0.8146487158733038,10.331508795494129
Light Crude Oil,-10.401308899079906,0.6274683849679487,0.18643640952421708,0.7509295323642008,11.075893176995514
Light Crude Oil,-7.059546090573981,0.4229575200862121,0.4143361530205828,0.7184858654060364,12.37829228135143
Light Crude Oil,-11.364370297621681,0.2797086646794281,0.2779434059732686,0.7246906063416612,10.312203258393415
Light Crude Oil,-10.30643209257161,0.5561472629826133,0.35628544804571305,0.6862258939612073,13.170302581779113
Light Crude Oil,-10.409042754864176,0.4644065082913029,0.46478776057836735,0.7068322129939818,12.1894687718805
Light Crude Oil,-6.232864096838712,0.3600657834151229,0.379643036664211,0.8663986279808099,11.51271311025218
Light Crude Oil,-7.968443055774185,0.4017980502789095,0.23132676044326483,0.7384966416047634,13.197850009665885
Light Crude Oil,-7.654876185112505,0.6569628586939493,0.2932553441444818,0.8193611755172587,11.486542734826276
Light Crude Oil,-7.917490426094079,0.5207488797852182,0.3445677907081924,0.7423507874022037,9.592942485303281
Light Crude Oil,-10.348946230632928,0.5102541439817523,0.13127209203588314,0.7831211103199756,13.307333949432213
Light Crude Oil,-8.607395336546652,0.3878865987242078,0.43801389388685147,0.9037210639718357,12.22061524116896
Light Crude Oil,-8.387357545858517,0.5201738654796044,0.35303691889987987,0.6880441243373604,11.948153640234295
Light Crude Oil,-7.913138879403162,0.7345624161896441,0.1599928765598261,0.6896187515597033,10.229309272151877
Light Crude Oil,-7.0895701217087,0.44122620306801014,0.15567992062142058,0.7638186998848573,14.616466672114667
Light Crude Oil,-8.203682557727085,0.5204797877281917,0.3409140922775994,0.8414840662825555,10.688701094978775
Light Crude Oil,-9.134216524903575,0.45473098514904664,0.18321346927082896,0.6671624740583197,13.661581643973673
Light Crude Oil,-8.32007742192873,0.5644310500108201,0.3146475611653318,0.7523323782728588,10.799114486477842
Light Crude Oil,-9.371411863112675,0.5192004236968677,0.32775158588818903,0.7320187854921872,11.792497076975433
Light Crude Oil,-9.452908081356396,0.8157771283044298,0.3906787272932399,0.7413147475952622,11.65018725269041
Light Crude Oil,-9.541462592332651,0.4869199406273044,0.3292828843586683,0.5119564455936918,9.645915606937974
Light Crude Oil,-9.764258866726749,0.5207139436778568,0.2760726852848148,0.8478121226099484,9.776404819506347
Light Crude Oil,-9.901614563524044,0.6520091740991101,0.3131119324675147,0.7884842582801158,15.076870414904196
Light Crude Oil,-9.832565301482187,0.4900685662207968,0.2727573099069128,0.5045406995516724,11.534404794366047
Light Crude Oil,-7.942725375143201,0.5540589541812241,0.361908316938801,0.66244910193605,11.015854145991538
Light Crude Oil,-7.476893193721655,0.450268285364233,0.3294082038793214,0.7163334680677538,14.192575524385678
Light Crude Oil,-7.834305170793169,0.37047413793328793,0.18124468332249596,0.7578909818069134,11.90349352893125
Light Crude Oil,-9.546206140744516,0.6015627883994471,0.3187459382088911,0.7052457386889444,13.169742961132574
Light Crude Oil,-9.450130793932278,0.6568518985472555,0.22119523767669919,0.7656929066342087,14.150749257989768
Light Crude Oil,-10.65275458712652,0.46566648241475506,0.4142207392885558,0.8157244547731025,11.74275659941764
Light Crude Oil,-9.881605312412232,0.5955935822330762,0.41835491025816046,0.5835336651487605,10.19412952655043
Light Crude Oil,-8.72969198161968,0.5629360633428891,0.2700930914769945,0.7679293819982349,10.934795089743927
Light Crude Oil,-11.537632318888482,0.4576098927667404,0.3063232146513101,0.6724160040103543,10.262095104510772
Light Crude Oil,-11.178778771054581,0.44859111956321024,0.38976557716497434,0.8256197439413682,13.781570076207682
Light Crude Oil,-9.979091442178264,0.3846293676369636,0.34966346149798955,0.7635100011597925,12.600254407800746
Light Crude Oil,-11.416875929085316,0.41331154151165334,0.29703112097140216,0.7487218194630427,13.150961043903731
Light Crude Oil,-8.826895773261551,0.5330783806538236,0.3084865458361104,0.7685619374218483,12.469298477236366
Light Crude Oil,-8.921114807943255,0.47316312008626193,0.3081291425042481,0.7484591378839275,12.401213083347091
Light Crude Oil,-8.543008297985695,0.6342721861351185,0.32651639227465873,0.6351001479526842,13.325410178991254
Light Crude Oil,-10.6394380052027,0.39185866192607127,0.3335847264720069,0.7516396667786578,10.132423164744008
Light Crude Oil,-9.4593809771841,0.4393916167780341,0.2513323677118403,0.7943597776272946,13.05975819532088
Light Crude Oil,-9.022946615824448,0.4454038072885072,0.1650350329779859,0.8420184938781948,12.888170850427377
Light Crude Oil,-9.84800292488777,0.5719599497624892,0.2929776379425374,0.6712890495137657,12.652817292434403
Light Crude Oil,-9.88979789989527,0.465624348048989,0.3121461064199546,0.6500548807114787,13.003627815401286
Light Crude Oil,-6.757120195586087,0.4245701867392857,0.13348747036959555,0.49982598325237376,11.774297787757527
Light Crude Oil,-9.79579750815142,0.520786050106708,0.31325976720261006,0.5396783153385903,9.27767425577789
Light Crude Oil,-8.644880111584685,0.5135428834719957,0.2574182001633449,0.5342856414867695,12.707086894147487
Light Crude Oil,-7.473720545491268,0.5277982440218922,0.21525261094349352,0.7044552165571151,9.950828878599472
Light Crude Oil,-7.730447143393449,0.5081844334529538,0.12318430882467679,0.6699325639556317,12.694952265351347
Light Crude Oil,-9.399657145170627,0.4724104278559826,0.1775597792952728,0.7566540987081656,11.027296199971294
Light Crude Oil,-11.587734452406039,0.46287426293296063,0.3981149715570353,0.6613070553400052,14.60697747768528
Light Crude Oil,-8.48523846174178,0.5338758162280366,0.2871601734082391,0.6931713792235709,11.604864547320744
Light Crude Oil,-9.362723270499032,0.5530867162067149,0.20641687702094344,0.592410617127574,10.315207423686934
Light Crude Oil,-6.5452145427874155,0.553034290167058,0.3304492201680145,0.5942485329706568,12.935013451012242
Light Crude Oil,-9.139885615743994,0.521416894113175,0.20233796841364438,0.7160268857417577,11.364249692690276
Light Crude Oil,-9.918733388436225,0.5734106335807249,0.14622921914699974,0.756477626431415,13.026729200329495
Light Crude Oil,-10.055572410661489,0.41796715388675326,0.27769743187335977,0.728203621046222,11.770717512278662
Light Crude Oil,-8.479725047769746,0.6762979652537399,0.2492283230850286,0.5284820029296579,13.23888537454598
Light Crude Oil,-6.9800225088869645,0.5392768363051125,0.19122513246463319,0.6876107636764799,10.322214773682552
Light Crude Oil,-8.228573407244463,0.36487095973015654,0.26998712131718,0.5995662173706093,12.190237027702443
Light Crude Oil,-9.439610012565309,0.5176762103250264,0.30223505549663654,0.6013340972275889,12.940315595293534
Light Crude Oil,-9.058518782211738,0.40114709921340996,0.5240926556205793,0.7476430166717124,11.770109169901042
Light Crude Oil,-7.301754567957812,0.6841815609386607,0.2854650577686115,0.7347397486434761,10.517995772995588
Light Crude Oil,-9.176631300921613,0.480093744624013,0.3184827033621654,0.733276047863701,12.83974267324209
Light Crude Oil,-8.714828812440048,0.3789257373370835,0.20615328942589148,0.6453592380536326,11.576639112115156
Light Crude Oil,-7.739070851433463,0.38370610131470867,0.26425849518293,0.795300949821405,11.550183788255081
Light Crude Oil,-8.447501220188611,0.4860457957072096,0.3256783257324723,0.6771527456190459,13.000598209092532
Light Crude Oil,-10.854067688887723,0.4636687991611455,0.3296572676694308,0.7533695248006193,14.239428934130741
Light Crude Oil,-9.469229600238691,0.6479481761860872,0.23409761733403292,0.8328646411544643,13.226200690047559
Light Crude Oil,-10.096150295558667,0.5307039237251822,0.2948764164467808,0.7625584593675,11.665092617350036
Light Crude Oil,-9.368695470794078,0.6369094582762851,0.2901279105544327,0.7826422324191766,11.6619727724337
Light Crude Oil,-7.000004088926972,0.43216653706645064,0.23858564687528153,0.8524517181115903,11.332580413657121
Light Crude Oil,-7.078710832602729,0.5891840579594813,0.28453502934391667,0.5186706527982841,11.971022543592246
Light Crude Oil,-8.87804393575989,0.6167217733304373,0.4588447176240112,0.6315012820856252,13.201772645982274
Light Crude Oil,-8.081517412783981,0.6073412702410446,0.3498689912135544,0.505750230903823,11.76686635120836
Light Crude Oil,-10.386849089900299,0.4797394227081926,0.3980004236133894,0.7305150835874972,13.72213629959615
Light Crude Oil,-8.589895295143753,0.3701674060331097,0.04791529934272651,0.714880876167959,11.679110300473251
Light Crude Oil,-10.172334887258259,0.3299372750348622,0.22652567865272907,0.6805508515135223,12.998816735559585
Light Crude Oil,-8.773642702118424,0.6608067247172729,0.19643959439546055,0.7881058892057433,12.070948114693092
Light Crude Oil,-8.166397051057698,0.45634851367344564,0.407168037389059,0.7295224758345242,10.980832522623375
Light Crude Oil,-9.014428834695826,0.4760444141062901,0.3489178350637794,0.5820223250625491,11.955972446826458
Light Crude Oil,-8.525631296820803,0.5033023307193033,0.4346941244388996,0.7774022774071052,11.98877880488888
Light Crude Oil,-8.739973083002793,0.5295665551482,0.3403299604166824,0.5174342004335392,11.54771055634598
Light Crude Oil,-10.781326881832111,0.6278280947459487,0.2939150479997072,0.6806659050320377,13.345195998049853
Light Crude Oil,-8.493210243060151,0.3871365485620793,0.2929094637472631,0.6664833026773614,9.383200667090918
Light Crude Oil,-9.828331479884646,0.48164596779835345,0.2885049068508157,0.5517768576322691,13.727498374571214
Light Crude Oil,-9.122523670669727,0.5037553076660563,0.34006416383398363,0.6211923746096328,12.684533959699044
Light Crude Oil,-9.44048957522182,0.4103414459352808,0.3573447493355399,0.8491673858801807,13.087244060228748
Light Crude Oil,-7.8924269218314835,0.4479369393437701,0.14023802708315433,0.8490137522099841,15.08177233410714
Light Crude Oil,-7.148631871476382,0.46642140610202504,0.18453656612711555,0.5934317302180433,9.474401148578927
Light Crude Oil,-9.128854342092055,0.6605677958082454,0.2858337368127757,0.7302322900348274,14.063395446456314
Light Crude Oil,-9.48491437419888,0.7035531456719595,0.4992094407497453,0.6868888661319517,11.133698603971181
Light Crude Oil,-8.163314344331624,0.4652475057481142,0.18434447829326636,0.828123865352298,13.82467108091562
Light Crude Oil,-8.813386075483727,0.3737135246271822,0.17704737487826136,0.7107229288419152,11.250193448242452
Light Crude Oil,-9.409311518569929,0.6021963155060003,0.37331793174225575,0.8378142680497612,10.514065164934113
Light Crude Oil,-9.411829882424055,0.5758981695460113,0.3448078341012892,0.8532380382587621,12.630805058856104
Light Crude Oil,-6.782269075073337,0.554001780172314,0.40621674475886604,0.6676485053215543,12.021430817825983
Light Crude Oil,-7.90686671539263,0.6612978170593055,0.3729236949310753,0.691682822806538,14.066002544292513
Light Crude Oil,-11.630374387535857,0.3577765498493126,0.3681634223668389,0.7014108356253125,12.908270476686248
Light Crude Oil,-8.922710973081669,0.5570945694603873,0.21855971790068093,0.7570486086079691,13.491621792311376
Light Crude Oil,-7.535339275282521,0.70135542946487,0.3244098443502386,0.7273911086847178,9.715241303739228
Light Crude Oil,-9.63769368136611,0.48069179259933875,0.4050319552276355,0.638899887591037,13.194510029623249
Light Crude Oil,-9.001946060356056,0.4822831884885238,0.32488939691332563,0.6608843627747157,11.356444127861002
Light Crude Oil,-11.045743086948137,0.47520457926721105,0.25200318538512734,0.648401901065092,12.62530959388506
Light Crude Oil,-8.209641656651389,0.5232194504642328,0.39954151904494745,0.7575561925830365,11.557415715291537
Light Crude Oil,-9.555427542857256,0.5312822236766847,0.3573767109901901,0.8397844307031498,13.786759567410144
Light Crude Oil,-9.649767607808602,0.48979937198727386,0.367101780491777,0.8067997778058972,13.408454203057188
Light Crude Oil,-9.076653399397616,0.37459773475714836,0.20010636237544085,0.7272633514319414,12.513338369136518
Light Crude Oil,-10.318415248121262,0.5044569610889271,0.3631224356971783,0.5848773342492856,13.657495802706622
Light Crude Oil,-9.453037378271791,0.6257613112576651,0.24665475542240994,0.597337451711582,11.312794515237421
Light Crude Oil,-9.114177747692784,0.4611520093228519,0.27839985784268867,0.733396514967619,11.7432309453054
Light Crude Oil,-9.07933487274241,0.32907736007974037,0.33916980160104726,0.6910796702308332,14.415439470724307
Light Crude Oil,-10.127478200704749,0.3191704671500486,0.36180684939300417,0.7346527018312999,10.487350469203282
Light Crude Oil,-10.83569874600491,0.653739673068429,0.4414110390606782,0.451254324129387,11.312665456115248
Light Crude Oil,-7.002969534259321,0.4523937442222133,0.2509387765973347,0.6717240672370631,10.318654539347762
Light Crude Oil,-11.045730893073653,0.6052547310734748,0.11570630937523241,0.7247271452108756,13.329869239136475
Light Crude Oil,-10.74147155868139,0.40757315974049285,0.421317918839159,0.753289172022704,11.074071439681669
Light Crude Oil,-7.557301195966595,0.6206535723454303,0.3269052693015707,0.6099839772126336,11.379826944792306
Light Crude Oil,-8.656335907253531,0.4811405170852512,0.39389571782348515,0.5470225919890663,9.758604706400641
Light Crude Oil,-8.78295466622108,0.4508455586193095,0.2372951385302259,0.5231943280825603,12.029318767197273
Light Crude Oil,-9.06330612960092,0.5653478981951741,0.3068906133120972,0.6867395921759503,13.765500955185505
Light Crude Oil,-10.57496076413826,0.5536389218847576,0.13288528352046508,0.6161638119999192,10.18101430106503
Light Crude Oil,-8.061668957457698,0.4934589766404606,0.2986496755407023,0.5893267012270549,11.550459756100667
Light Crude Oil,-9.916158363970935,0.5383455014854216,0.20089088646683861,0.8329794365205075,9.486629325563857
Light Crude Oil,-9.967823798947874,0.6677200509966096,0.25648612520379654,0.5685121335595588,12.328607343806503
Light Crude Oil,-9.570470690657451,0.41641297443816944,0.19041291892012827,0.9768373605625943,11.622672149723796
Light Crude Oil,-11.310680832399452,0.6493709759005534,0.36110709051105705,0.6233533568980212,10.600321366970787
Light Crude Oil,-8.191832644610123,0.4753081672510545,0.10740221815548985,0.8787239964604668,11.349014306676064
Light Crude Oil,-7.205313916221089,0.6278434957965715,0.19989904555171856,0.8033189864363147,11.022836175204478
Light Crude Oil,-11.24004070416473,0.45754018339778574,0.3397637501776279,0.6537263352003662,11.539427488612349
Light Crude Oil,-7.627720746085664,0.5106493980290092,0.21567016887150472,0.7702030323667326,12.296513350431368
Light Crude Oil,-12.02592576175445,0.5428352913771449,0.33918287077161013,0.702012112958086,13.337550871604362
Light Crude Oil,-9.806872301191802,0.5336499788820901,0.1433040628832647,0.7407090383398831,14.929589543309845
Light Crude Oil,-10.193827622961049,0.4240197868012225,0.2289984557108448,0.7129998225801595,10.405445590719422
Light Crude Oil,-8.494503145570825,0.5846839945469166,0.35343472134537846,0.5231584574361927,13.49275149773791
Light Crude Oil,-7.8751591028955845,0.5830161372346304,0.3372842248655825,0.7220189314205132,13.548584097189595
Light Crude Oil,-6.691783814875855,0.404695953663515,0.40781253957947716,0.6913782901992547,11.8054904219571
Light Crude Oil,-10.843836828458446,0.4715210590484605,0.20027350420315845,0.6536145570494054,10.352720424332775
Light Crude Oil,-9.538690064775608,0.4593889642976597,0.30967549184388005,0.5385250137708668,9.831722778382016
Light Crude Oil,-8.565702875123367,0.4202561882929901,0.4074529790229931,0.7225269722015046,12.91014322530961
Light Crude Oil,-7.307169215494926,0.4690289188193427,0.2425513294583724,0.7871702585598813,12.764270345894529
Light Crude Oil,-9.224796371785562,0.6391457966955942,0.2787755690160069,0.7032773637555781,12.031833976251388
Light Crude Oil,-10.121512673878165,0.5077585389486391,0.4396760177398491,0.7444968315376176,12.046595139598397
Light Crude Oil,-9.194120737398803,0.5330867028406351,0.3749766628489185,0.7609238830889753,11.502202707267031
Light Crude Oil,-8.610262087067863,0.5479939741148279,0.19928050124730215,0.7168230541183694,8.758044170546457
Light Crude Oil,-8.420959548214578,0.5660343054562682,0.37475461257864595,0.6604953147830432,12.463570252536051
Light Crude Oil,-7.2912553853506,0.6413769648291259,0.2970827300773439,0.7139319630729559,13.66636671710165
Light Crude Oil,-10.80096241831461,0.4676924257322975,0.4335570455536757,0.7975200541684766,12.553895666474856
Light Crude Oil,-10.806998886396745,0.4950089766958838,0.24100846037500667,0.7331038902817213,10.785979972807679
Light Crude Oil,-10.230868073969528,0.2935134722316358,0.42218046849767016,0.6600229488556942,12.235718675553802
Light Crude Oil,-9.002685739769017,0.39325660670395,0.17409350885518063,0.5994684874002764,10.91524734175591
Light Crude Oil,-8.560072503583434,0.42042823364793885,0.47464906315946215,0.8027151035893151,13.212539324498563
Light Crude Oil,-9.14359068296778,0.6514280735720483,0.27819943688788756,0.6968738585845754,12.254961809623904
Light Crude Oil,-8.157812351347987,0.5636908079002986,0.2524874721555397,0.6467006280574046,12.959854435728127
Light Crude Oil,-8.141716099330521,0.46066488751771273,0.14128119303215458,0.6792683903991755,12.935288698238788
Light Crude Oil,-6.833499784296263,0.3802042037659338,0.2573428747169426,0.6610596438474623,14.033708009147253
Light Crude Oil,-9.04192980055036,0.40926734406277343,0.3558695282921819,0.6595361479959053,10.16341908996307
Light Crude Oil,-10.071327968731381,0.6734041954422619,0.33842092216494624,0.7107760055452542,11.62515939628193
Light Crude Oil,-8.64942138945744,0.5280235946002494,0.3292168828207326,0.7114845090277753,13.303197507458323
Light Crude Oil,-8.972274784799122,0.40220611644473614,0.23875771090991316,0.5020981306510287,15.040225674063588
Light Crude Oil,-7.964694489656776,0.4169929504870763,0.27181551506029,0.6363123525793566,14.313820817061176
Light Crude Oil,-10.703852597125115,0.5114476058818779,0.2891472157435152,0.7826838630709114,11.843986158412957
Light Crude Oil,-11.109850651986521,0.4748882165357559,0.20278377820566748,0.707957954655656,14.15126555478049
Light Crude Oil,-11.087310293078733,0.41997772646000964,0.24473070462165028,0.6618368904586789,13.110188496157866
Light Crude Oil,-9.208253301073665,0.5415802725720446,0.23742269562682236,0.7229924345417937,13.166696446316573
Light Crude Oil,-9.878759459684506,0.5781358119806514,0.3052372768727568,0.8045460240482252,11.69787014988454
Light Crude Oil,-8.542506413805482,0.495939376832147,0.29037877379594207,0.725893042822569,12.805211203837356
Light Crude Oil,-10.499477894308805,0.6433633608817878,0.11403369594502014,0.6315187890261104,11.858596393852649
Light Crude Oil,-8.505172837096863,0.6576172527741379,0.11417085117748924,0.6492305871610289,8.809749768301103
Light Crude Oil,-8.962053631307702,0.5271683584500031,0.45907957421712525,0.7120634760893454,13.566037694163569
Light Crude Oil,-8.299395502153128,0.45647518029948314,0.15910392532079606,0.727500229829181,9.761846974281955
Light Crude Oil,-7.445751512796427,0.4837937897963176,0.41951774115114165,0.65197855658676,12.403276179601487
Light Crude Oil,-8.748781371198373,0.4954955881989076,0.2567340486603408,0.739245601847052,10.610755104775187
Light Crude Oil,-10.45132239475087,0.6242826893326827,0.37271679888921005,0.7065891608602239,14.497713573815671
Light Crude Oil,-9.321318622469814,0.632270321998898,0.3175574084925822,0.597524924992361,14.772060287656275
Light Crude Oil,-7.811146984051097,0.48789789689904356,0.3727171259533949,0.6596296566002092,13.243723552589312
Light Crude Oil,-11.869294278340751,0.3980198666305406,0.39792597442869626,0.675034446178108,12.311313442333113
Light Crude Oil,-10.616142794538522,0.6847866995702103,0.41905296437176764,0.679931478162467,11.392956214705011
Light Crude Oil,-7.7644747662963685,0.6982470450168927,0.3953760255811354,0.9171802667396601,10.616473006407123
Light Crude Oil,-9.98326419659855,0.3811058881946651,0.34417606496494796,0.7175603549804369,11.772073314792022
Light Crude Oil,-8.028889646252042,0.6232328605214664,0.14743375907131578,0.6403027972098884,13.23021539118459
Light Crude Oil,-9.561286420630298,0.4201793923641846,0.4018537427650395,0.571049993027602,11.547630288313343
Light Crude Oil,-8.60562716903423,0.44261800860898814,0.37831556560131746,0.6431123024802631,14.11292924016888
Light Crude Oil,-9.150895556994927,0.5671270136705353,0.3746023952982816,0.6372459997255927,8.919770177016167
Light Crude Oil,-8.567093094403399,0.5072288347124869,0.35558260275751274,0.6773472527617161,11.354358451798927
Light Crude Oil,-6.589832386821961,0.35276459384892217,0.37339504783642385,0.6425398141816608,11.496332073389366
Light Crude Oil,-9.380523399088759,0.41965657258287425,0.35712242102362396,0.8390643595949957,12.705020491869993
Light Crude Oil,-8.875941604545487,0.40135595009007535,0.3516825265824451,0.9156349631729298,11.428958064307361
Light Crude Oil,-9.451180295222239,0.44389108690190027,0.25105857655055797,0.4254700446327615,12.60755307878357
Light Crude Oil,-10.014662611625537,0.33897368812081996,0.3753189949732549,0.5917982214958063,11.491996419174363
Light Crude Oil,-7.240269130573704,0.35907842019754865,0.14674017654022375,0.7269306189562338,13.724231046015552
Light Crude Oil,-10.889210061278355,0.5407689736837177,0.3580999539961692,0.4940839516307679,13.19775200686083
Light Crude Oil,-7.948072944189385,0.4688214426743975,0.42523463622980084,0.8136455574324845,12.154676888575807
Light Crude Oil,-9.54173446838992,0.4027172107417043,0.29624364906338085,0.7569758919704178,11.513734708439038
Light Crude Oil,-11.637001206314435,0.6268713894576571,0.3190223221844894,0.6620375503323166,13.285737582634933
Light Crude Oil,-7.1704336842206935,0.21980884305121082,0.34342636499220713,0.5573350789189653,12.748665760198412
Light Crude Oil,-8.846487357150504,0.563572652644055,0.25007523855053443,0.5126759888180847,11.324447713114997
Light Crude Oil,-8.51178283783226,0.6015392328675223,0.18281686995274746,0.8027060426873017,11.028191565530218
Light Crude Oil,-8.565060142086569,0.44901060471343673,0.31821706277121015,0.7891877634570275,10.159478884067196
Light Crude Oil,-9.815887076096198,0.5184962587342087,0.5401583661030352,0.6136810287833171,15.060200828995379
Light Crude Oil,-6.594692035589795,0.4902688849298409,0.27018474738000997,0.6307934801335308,11.897696204500996
Light Crude Oil,-10.68806331907147,0.49237609826794027,0.4496880273850856,0.6388914937523282,11.638913544016424
Light Crude Oil,-11.04136856912069,0.5374062088131043,0.32644816849513736,0.706370235976577,11.674759424666785
Light Crude Oil,-9.351309502526945,0.5501900233700672,0.29711833984113767,0.7314971871555331,12.322474226181821
Light Crude Oil,-7.651887255485086,0.5676994097375054,0.31928618431501904,0.851842203065218,12.630402793584842
Light Crude Oil,-7.434044773451498,0.5606942608386638,0.11580809210684569,0.8304834763319329,12.202764362014003
Light Crude Oil,-9.062345725080933,0.5281348347489577,0.26550168380429323,0.7227028860388944,11.112185900485361
Light Crude Oil,-7.470873289518756,0.48864118863789496,0.2617416157277566,0.6075074184280725,12.403163683722962
Light Crude Oil,-8.77547147984989,0.5388424613677506,0.1972748112494871,0.5398818801188426,12.93838695375984
Light Crude Oil,-7.218429765748191,0.3973646377610104,0.4589441283561698,0.7283911058736381,11.989405643173756
Light Crude Oil,-9.477058435854934,0.3615481980575003,0.39877285159245995,0.6224393638562397,10.8302899863936
Light Crude Oil,-7.8096884281356544,0.31170165533282734,0.1476402189331833,0.6981865756491917,12.439926643507278
Light Crude Oil,-8.418318422437292,0.4698201506603747,0.5530369668641689,0.6772107441234165,11.653820771845917
Light Crude Oil,-9.956384002576653,0.5123906816521071,0.36149612320467744,0.8203578054533459,9.766073603339674
Light Crude Oil,-9.295194406026841,0.5446703610809144,0.35870575345945355,0.7006548657804539,12.813635954298153
Light Crude Oil,-9.97075667151096,0.6557905432318357,0.3992628102979429,0.5655072212934827,10.387345427824867
Light Crude Oil,-10.256306100128288,0.5677969970896528,0.17152722335825327,0.6668975665791919,12.68205659462516
Light Crude Oil,-9.079399121455722,0.5258887515712706,0.19341972886512415,0.7594854373397244,11.080182161286006
Light Crude Oil,-9.38954360927753,0.5237731727905987,0.31030782215308483,0.7023980019015592,10.874059767034867
Light Crude Oil,-9.35945929343903,0.5002183590837036,0.1624914766832915,0.653746703368662,12.58151981854927
Light Crude Oil,-10.53292392461441,0.615658165159424,0.4269613262599843,0.5754849424039914,14.036429449575209
Light Crude Oil,-9.172297906454562,0.5418514559157055,0.2503348947871753,0.7923044827226762,12.609141028273001
Light Crude Oil,-9.976983907917123,0.38347980000347115,0.1539697564790777,0.7187941776432756,12.858707117669603
Light Crude Oil,-8.21884118546467,0.4882018905392622,0.1843003544335636,0.6317925201976217,13.72852295844289
Light Crude Oil,-9.581554277520098,0.5143417630681476,0.19243495164251123,0.7336583045459034,11.313473157481383
Light Crude Oil,-7.743944743469084,0.5773557706206813,0.25042940534251,0.6873335972652336,11.173325639939057
Light Crude Oil,-10.703319835854012,0.41425575704527834,0.319821732772082,0.7325259498229582,12.222821855388958
Light Crude Oil,-9.362079664750363,0.5933066605720986,0.30635419045609374,0.7703253828095947,9.339337301696222
Light Crude Oil,-13.706880301942011,0.528378802783808,0.15752343462785104,0.6787548297286944,11.546854438463091
Light Crude Oil,-7.095119277101356,0.5399996552943607,0.31658590267986725,0.7836991154633673,12.552746380258558
Light Crude Oil,-9.549212391586119,0.607147593025456,0.18902498721117256,0.7323247187533561,9.678645308795533
Light Crude Oil,-8.755267370980805,0.5192989641772929,0.4676454961914662,0.5435026106558221,11.098669236219282
Light Crude Oil,-8.012781088111028,0.5335317256397307,0.3180305051337503,0.604386429704146,11.113772477862856
Light Crude Oil,-7.5059507901320925,0.4948490806246072,0.3375359696144473,0.6884811671223521,10.225371727125353
Light Crude Oil,-7.879427488710004,0.5503232384532496,0.5305636837367189,0.5984418620349454,13.233859381800722
Light Crude Oil,-10.573852759244401,0.5157346567673078,0.39765065890631646,0.4927864883903513,11.692601288637588
Light Crude Oil,-9.675851680851144,0.42980427017048783,0.3385212652259354,0.8120685706422595,11.800081927156267
Light Crude Oil,-8.753416286927976,0.5114308753059248,0.3001803506356414,0.5910657362287893,13.66266690258434
Light Crude Oil,-8.645765558209396,0.5394881490002578,0.21934903709744177,0.6540779602010759,11.735798703433833
Light Crude Oil,-10.840949632138623,0.33119656748023213,0.2399252069361432,0.752252076644239,11.02029391510509
Light Crude Oil,-10.222566237108856,0.418531434676233,0.25446575768546875,0.6646141037179896,15.248282178309836
Light Crude Oil,-7.7344552458152185,0.6024774112281728,0.41685803642733815,0.600117913066595,10.166453077519142
Light Crude Oil,-10.328244349840867,0.6334506133337838,0.2452808211117509,0.5748643817760712,11.353505699670281
Light Crude Oil,-9.286326638057552,0.5268413273694562,0.3250951020712043,0.6171819436126491,13.028484588770567
Light Crude Oil,-9.767032240500189,0.4843723663294957,0.36867740705033547,0.6358178596055658,11.145972864628293
Light Crude Oil,-8.289998340368243,0.41422668233949805,0.2615207976395929,0.7555742178042892,15.081138662153963
Light Crude Oil,-8.273514594284704,0.5472639762990011,0.35308015836727297,0.592680972593295,12.173395108019863
Light Crude Oil,-9.035719786003682,0.5321584540372756,0.3116508052475871,0.7379699677417112,11.532799207651198
Light Crude Oil,-8.929669299153849,0.3772171433943008,0.2680092721997086,0.8390833548176643,12.478212509442384
Light Crude Oil,-9.025105244859692,0.6896123276254347,0.16391650216989206,0.589054444455378,14.56906711691441
Light Crude Oil,-8.944846876741279,0.4757416963710206,0.18007956749043566,0.7447696266395012,12.816689804291194
Light Crude Oil,-10.313393233001875,0.48597244144495716,0.2664484167966934,0.7255977146418771,10.321124636669035
Light Crude Oil,-7.497663054584211,0.5915823781597604,0.2636824441267184,0.6783581288361629,11.795366774583576
Light Crude Oil,-9.933970263607804,0.45565705817649643,0.27297296323253906,0.8612868370707127,13.419927462495655
Light Crude Oil,-7.878414351196052,0.536992561300439,0.18826729910687653,0.695850889542262,13.45573268942007
Light Crude Oil,-10.509917555240746,0.5636553206873265,0.5322609225262767,0.8061816645989731,14.12104370334298
Light Crude Oil,-8.737993499469408,0.596793194876499,0.22821467856459643,0.7795863812341226,12.981582201091145
Light Crude Oil,-8.652106591154805,0.6316007419718498,0.24612151621526113,0.6812942483526337,12.143193062037444
Light Crude Oil,-10.235533165307281,0.5226931943800248,0.12810695870461528,0.8046954534428209,12.06995604984895
Light Crude Oil,-9.625071484684517,0.4165626387704878,0.27654209703808125,0.7688259710772413,12.82160846810634
Light Crude Oil,-9.846645536734153,0.4153960327372366,0.36568987063196473,0.627765259538497,12.089864661119256
Light Crude Oil,-8.851494428970868,0.5312062131726738,0.38582704301818715,0.5737037063132677,9.13326101210927
Light Crude Oil,-9.680936737474022,0.6801528407832186,0.5022174100087379,0.8831177135565887,11.710527948358965
Light Crude Oil,-11.138538098381794,0.2656960898348159,0.23859618384505887,0.6801926369850639,13.950938101583938
Light Crude Oil,-7.958633448549065,0.522740507899162,0.21101552290588582,0.6039220441755109,12.381191530607152
Light Crude Oil,-8.163538825392328,0.5391881262245585,0.1965402040393345,0.7650667628792086,12.638866450652117
Light Crude Oil,-10.284799687428213,0.42156790296997443,0.36884959745615664,0.6765492464854108,14.383720952454686
Light Crude Oil,-8.398644868722508,0.45133688118107307,0.2989794399609067,0.7063383392637718,10.907414530137435
Light Crude Oil,-10.095105837813152,0.57013898938095,0.38452732970420955,0.7603781469552958,14.272977141485702
Light Crude Oil,-9.650127883213923,0.667427076607113,0.2099078881445847,0.5987314436631507,9.360061676776125
Light Crude Oil,-9.53495437659218,0.44962776631705464,0.352593728025465,0.724389094162045,10.210539943471295
Light Crude Oil,-9.47127148611098,0.46285379789123143,0.12240177530381072,0.601905327298663,10.843779554078866
Light Crude Oil,-7.2796499762148645,0.5191450715957353,0.36621687539474995,0.5501364502850787,13.791321724520987
Light Crude Oil,-7.438677524371089,0.30016550328553737,0.22946832760841515,0.749576557301551,12.966582680307273
Light Crude Oil,-9.814193676584667,0.4694500536946347,0.2402618938954857,0.7110418046946119,13.79576779719287
Light Crude Oil,-9.925250588569446,0.6000820497768414,0.22183279276531123,0.6152372787503115,13.22789192751482
Light Crude Oil,-7.89367634639086,0.5851409936762655,0.16842025917818587,0.6534049021927949,13.234482888004981
Light Crude Oil,-8.950149791323327,0.39263071538025357,0.34583179391254415,0.628519274100853,14.691787272588318
Light Crude Oil,-7.146190245098089,0.5604097426355568,0.43610067047697737,0.706479135012338,13.148156241562523
Light Crude Oil,-7.22673564563751,0.5245498681794313,0.2744812828485716,0.5295378041822884,11.875299711417759
Light Crude Oil,-8.011892178525226,0.5945633427567629,0.35043650657184094,0.645870090503776,9.034767646578615
Light Crude Oil,-9.594258117605682,0.46956551289460485,0.26870710328099856,0.7618556356977924,14.97851461652226
Light Crude Oil,-8.851764957790689,0.4783268210843538,0.2740778186995907,0.7124384766907714,10.757559359477401
Light Crude Oil,-8.855761729504733,0.54508123363318,0.3209686063574488,0.7457541934004781,12.650621414022803
Light Crude Oil,-11.126276018695732,0.5636870158395403,0.23289851543375462,0.5904160836996042,10.343322258217505
Light Crude Oil,-8.479750067432965,0.4777425072775147,0.13180312160145893,0.7478037815192283,9.840587803801759
Light Crude Oil,-8.832214369778146,0.5238498925673054,0.38855770816950447,0.8781684786466851,9.952985511149187
Light Crude Oil,-9.062968627275659,0.4723664704955783,0.34337496859609623,0.7215668770933619,11.47118063589507
Light Crude Oil,-9.529082626333027,0.3883549144815952,0.39878615824065095,0.7459204181599529,13.376652296692706
Light Crude Oil,-9.372475363770617,0.43431645313055695,0.1921684933370772,0.735891758374066,10.440310163207648
Light Crude Oil,-6.78160431724014,0.36923574189065594,0.3273660119212502,0.8566854707213786,12.898634638895713
Light Crude Oil,-8.789191545009865,0.40315163530381043,0.1618230811432296,0.7770050108917586,14.25922086116242
Light Crude Oil,-9.526619988573806,0.3860938492383649,0.054183056945098125,0.6019235156337461,11.82951473625144
Light Crude Oil,-7.081052110995919,0.5673133692232969,0.3305085404706753,0.6599880338698868,11.125251424116065
Light Crude Oil,-7.313222882990444,0.520073854075839,0.08973993080789777,0.6326460352102756,10.71267595234256
Light Crude Oil,-9.655516811012959,0.5562910660285085,0.2892555118205751,0.6923134592996337,13.970209741987855
Light Crude Oil,-9.835753307744026,0.686419952588735,0.23286924086289137,0.7089198196612571,11.578194606895849
Light Crude Oil,-8.851897039798846,0.5444591995073129,0.34338352400888766,0.624688266937942,10.315627983828644
Light Crude Oil,-5.996193850913147,0.45160156603994467,0.36992124386719866,0.5392358689476803,11.580580920142985
Light Crude Oil,-9.152639260778932,0.5472815069927832,0.02775458590080608,0.716614061307833,10.275387816948161
Light Crude Oil,-8.61078514656609,0.3963670803161837,0.21445173040744184,0.6726372389606732,10.421505795595207
Light Crude Oil,-9.570641336082426,0.38066242314566845,0.11668295483012722,0.8017957052429359,10.055926960764108
Light Crude Oil,-9.214417065129581,0.5752891081493785,0.23850558974839567,0.6174834100254462,12.339357133001132
Light Crude Oil,-7.658479412727417,0.3830684734913531,0.2849852167982561,0.5267505405032672,11.410198494476715
Light Crude Oil,-8.95895437855431,0.41453753582449343,0.25430081661747683,0.559177323169255,12.11561791707224
Light Crude Oil,-7.733166901340221,0.3902856130229536,0.2377328233447617,0.7502546246454181,13.818136078984104
Light Crude Oil,-10.791827774650718,0.48312152625840504,0.3283130822319525,0.6897943609371151,8.28481189968437
Light Crude Oil,-8.398691988829473,0.6519336351090644,0.31166617511695033,0.5968893946705737,11.230309130453575
Light Crude Oil,-6.876104318813288,0.5909962540860558,0.36400266183843294,0.7356412583534375,11.008294331713541
Light Crude Oil,-9.240685416786922,0.4922077264321484,0.35495743160644444,0.8508918894266903,13.677507205189691
Light Crude Oil,-10.703261226955249,0.5223994968901049,0.37367633451678967,0.7618860330144634,11.05614935491887
Light Crude Oil,-5.5030689410779665,0.3722915437668881,0.191681155333395,0.7233595081261576,15.17520458244578
Light Crude Oil,-10.003433820845006,0.47341716343530077,0.4077293673015693,0.6982137845112266,11.498094218204557
Light Crude Oil,-8.321240517735935,0.5272517990229593,0.4030438785636791,0.8291468889065363,12.460504590008043
Light Crude Oil,-8.649920729546029,0.5214110982286133,0.34891305566492875,0.7055170637871464,11.999087276516565
Light Crude Oil,-7.56404745500731,0.6516116180355043,0.1492447055366579,0.7010021151740569,10.966958349832147
Light Crude Oil,-9.373165759783287,0.5402516209735322,0.36694383715424683,0.6887873556388655,9.129989497915796
Light Crude Oil,-10.158054696691416,0.5896499670200166,0.025957357796506847,0.8187427151682,12.781844985966812
Light Crude Oil,-7.420588702163974,0.480143081311904,0.09385945759770949,0.7430362641506497,13.911979686057512
Light Crude Oil,-7.890333833383895,0.43373085165119646,0.3086761075462647,0.6467163731220076,10.771100303715942
Light Crude Oil,-7.853533714584179,0.3802467688734838,0.21061835694183872,0.5895974366527614,9.76462871505143
Light Crude Oil,-8.824302849788875,0.6161503048481975,0.2815123243754734,0.5494252199435833,13.259916809613042
Light Crude Oil,-6.977157895158034,0.4353757675853405,0.25214457332822815,0.7515660630083394,14.432810621677577
Light Crude Oil,-9.62380097487027,0.3667550219001795,0.36314186062724063,0.7799068073142299,12.00919717565284
Light Crude Oil,-9.66975991158894,0.5994378730992046,0.3528036004547964,0.6231564483096507,12.073642096958507
Light Crude Oil,-10.622049038429576,0.568589045643792,0.2737766430617144,0.6564289167615263,11.950688272271348
Light Crude Oil,-8.951630760803702,0.5894930061565561,0.3591090531325221,0.6843590721207197,13.145502224578493
Light Crude Oil,-8.519115295570064,0.4573400363713963,0.2875281841763514,0.6851777111156879,12.757892014761303
Light Crude Oil,-9.44042713766597,0.46095908135783664,0.4968757309433959,0.7939735481747103,10.859099003362292
Light Crude Oil,-8.314870807269362,0.5118350065655177,0.33915511752600935,0.7137341324565104,13.784463968227854
Light Crude Oil,-8.585255586418265,0.49379113017857124,0.40421905769830174,0.7233285041087871,12.182217868993586
Light Crude Oil,-8.623172877016662,0.49063909766336333,0.3009226992995469,0.6413305411238127,10.873249170564183
Light Crude Oil,-10.198284463778927,0.3608016713202924,0.21202826386154433,0.6825732965533073,12.154676373668455
Light Crude Oil,-9.325555875777168,0.2644296509872642,0.45745863577623425,0.8086480122890382,12.668639776825692
Light Crude Oil,-6.711011192936079,0.40226358825162895,0.4887625120626005,0.6034785923249452,12.358106887937035
Light Crude Oil,-10.528604790161046,0.5014694095544366,0.33861664979983885,0.6845309668865445,13.070816166135206
Light Crude Oil,-8.881182660615291,0.44775852716224906,0.24331866821976605,0.7810913772615696,11.01938695528955
Light Crude Oil,-7.901516435418076,0.6222711792831931,0.13312861376538696,0.8132926387301034,15.090634047667049
Light Crude Oil,-8.697595486557686,0.5599084185294823,0.40370053243691584,0.6724517684820978,12.273420335306804
Light Crude Oil,-10.57703943554773,0.513863502853045,0.34981119956445417,0.7516163022926469,13.59813708539637
Light Crude Oil,-9.929762613762636,0.44673932433265034,0.4895507345991355,0.684967162623629,12.300050680968493
Light Crude Oil,-9.080412050070265,0.41783191736949776,0.46235292108918064,0.6472298588079394,10.309071714439606
Light Crude Oil,-9.540888332763302,0.29982939982744666,0.2348712535016818,0.6031871402147673,12.926142946390987
Light Crude Oil,-9.808097087471847,0.5887803935578848,0.43984839930693215,0.7781175336287599,11.676917566709886
Light Crude Oil,-8.830662603953288,0.34750150598559404,0.286622062747876,0.6139561531933166,13.041489571723949
Light Crude Oil,-5.912697132906631,0.549982163597381,0.10088598510453332,0.6638769807085626,12.183736388061682
Light Crude Oil,-8.895171089687684,0.4269186874391247,0.32452917426369354,0.5757499163080612,10.5826369159724
Light Crude Oil,-8.225042830075546,0.3984336769120174,0.3538211605492257,0.5630536225343942,14.647238825687603
Light Crude Oil,-9.929123906884866,0.4776333428196556,0.3330613261090406,0.6434650047498905,12.215108941606957
Light Crude Oil,-8.30957193057585,0.5960613232503486,0.3791497435972957,0.6828189536197325,11.780052338934597
Light Crude Oil,-6.181069730369961,0.5949889068249292,0.20781763436797862,0.7099988163765552,11.49728529183271
Light Crude Oil,-9.162401080707731,0.3770504842291912,0.2588076765614047,0.8811555773193913,12.868614451313254
Light Crude Oil,-11.989393689781751,0.6216723492497946,0.4089629522909161,0.6640714695693583,13.075895315674822
Light Crude Oil,-10.031279052980642,0.45297442837336427,0.4498546360669854,0.6728269960130291,9.195402507067513
Light Crude Oil,-9.075963867337604,0.49214116070856434,0.41983685693734596,0.701433642217576,11.36762653283956
Light Crude Oil,-7.745932625722553,0.512079023250111,0.22499773184342828,0.8154997560541617,12.2904926467752
Light Crude Oil,-8.996488839984675,0.5177908391411654,0.19293316285834028,0.6472346223821662,12.005373902749175
Light Crude Oil,-9.233596434029614,0.6272428382816595,0.32174058527270033,0.7854903922636403,12.014093031863775
Light Crude Oil,-7.732453819504652,0.5397527756573154,0.30134204853884644,0.6986716911040975,10.568342060563555
Light Crude Oil,-8.391701135836428,0.4959795265463621,0.2498008039818795,0.8106461770812071,10.124675961157799
Light Crude Oil,-9.50699507451892,0.6027718748779534,0.3315522940920253,0.6952141072347242,12.37650531472522
Light Crude Oil,-8.78470299474139,0.3483337453714079,0.2650738114652038,0.8616521654513748,11.011013797834249
Light Crude Oil,-9.3819612169252,0.44583792366908126,0.29129847766818623,0.6416877168675701,12.73011225323709
Light Crude Oil,-8.76322390525168,0.5773547615107019,0.19490588338110393,0.6659659517117097,11.661416052581798
Light Crude Oil,-8.453223707893686,0.42067788027929653,0.3915653804258344,0.8186415590517608,10.516691478546624
Light Crude Oil,-9.589047473872279,0.4468068491707908,0.5632386204677499,0.6570099894792113,14.516438163234202
Light Crude Oil,-10.519958394127931,0.4010349033835637,0.2313395468151799,0.6154310688553477,11.598151898762252
Light Crude Oil,-9.850533843265797,0.4180658407265426,0.41584719964733274,0.8223793622513165,13.423944747562974
Light Crude Oil,-8.371201253298807,0.5092743065779552,0.2502969309334091,0.6046842495244907,12.544493555149032
Light Crude Oil,-10.408356471056157,0.40060790708246063,0.415291325620481,0.8900649041722086,12.58994270724972
Light Crude Oil,-7.672251417246427,0.47541516825560165,0.16623258139123157,0.7612171618618584,12.853933984905096
Light Crude Oil,-8.913997735343708,0.47576245418948887,0.3962210578581098,0.6014266966572525,10.839329131664012
Light Crude Oil,-10.209727808112513,0.5084972962635828,0.19121069878907412,0.6315757819484756,10.941366656659204
Light Crude Oil,-9.31272999880075,0.3512625553596023,0.3087204992037267,0.8247303650664677,12.203237058475143
Light Crude Oil,-7.150414626238415,0.6333998185876926,0.37777350472478544,0.7074685842636885,12.033750582368159
Light Crude Oil,-8.083440273164088,0.46083293904959677,0.1117479248532536,0.749200405410296,10.303397055097543
Light Crude Oil,-10.154569473828461,0.5000223947995788,0.290487512244653,0.5587924393684369,12.24823734619971
Light Crude Oil,-7.840632406966742,0.3871658429734217,0.4272483330848759,0.5439829174870056,15.17598621655643
Light Crude Oil,-9.49351251658018,0.5145616996826892,0.11079664275143297,0.6937863933530691,12.342723266577288
Light Crude Oil,-9.103394524919393,0.44369189229476264,0.2053435481472185,0.813052661953731,12.046210702496925
Light Crude Oil,-7.151097148179873,0.4473517645205077,0.2565205306627783,0.7815594244596162,9.565537556994654
Light Crude Oil,-10.456156032183507,0.6097484971353163,0.1828066070776805,0.5180948984697452,14.802790782109636
Light Crude Oil,-10.672581177449047,0.518411939832817,0.3069085192724271,0.4189371683381916,11.599024465248286
Light Crude Oil,-8.461904100625068,0.535430938151886,0.39035206838035014,0.6612508685094566,13.068756663138242
Light Crude Oil,-9.827194881696085,0.3589532583587225,0.17022716243187672,0.5537889544804585,13.514378951836791
Light Crude Oil,-10.817488210870268,0.5274038840649303,0.27340758059275666,0.6897351426549369,14.045410942799549
Light Crude Oil,-9.526112840658328,0.5611601561549683,0.3037563351381112,0.6847981094367301,15.449953686579711
Light Crude Oil,-10.729610094858444,0.6289131835437445,0.3656406565489972,0.6520475005368216,14.443977776162418
Light Crude Oil,-11.217732134866244,0.44782333427009285,0.17915177957309236,0.741208346487146,10.330403848219234
Light Crude Oil,-8.480323263910417,0.4813563584178446,0.25206460573439154,0.7388647246033311,11.597067564092903
Light Crude Oil,-10.306361811670847,0.7801372989634979,0.2512832816970855,0.47823909198479847,10.736851965417918
Light Crude Oil,-10.520732026047277,0.5826145616040516,0.3321652659591586,0.7398712801790344,11.444966301244133
Light Crude Oil,-9.335220296468306,0.46290688963923315,0.29188068158645303,0.7835333435364835,12.50411311875802
Light Crude Oil,-8.39986460445496,0.5499558908249202,0.38844424373817377,0.7288150041540254,12.538272109018378
Light Crude Oil,-7.573432510568212,0.4334954081996888,0.21442574200484926,0.5814078400813144,12.274371845430384
Light Crude Oil,-11.224478689462948,0.5462154096059677,0.28908069054994473,0.8134639699821057,10.992124034302513
Light Crude Oil,-9.243981942501009,0.6122203333293369,0.43831356467781524,0.6319847634248179,12.27267184888074
Light Crude Oil,-8.646697226779143,0.5373653405621148,0.2737424340684378,0.8281383398123634,9.165444774567682
Light Crude Oil,-9.505356281761301,0.5447930732772946,0.3457224811949344,0.8352759030614763,13.797338089801931
Light Crude Oil,-9.342649950368669,0.6299871243530605,0.2285958256222545,0.7930887382791837,14.71578371763149
Light Crude Oil,-7.542067071774037,0.5105770383524123,0.2668221228227878,0.5471408703740713,12.465809456871305
Light Crude Oil,-10.338260673565102,0.4206865336386063,0.18092541992633282,0.6539607667343345,11.958045878269527
Light Crude Oil,-8.671662502601153,0.4399493364586037,0.4069283706395183,0.6791794742010033,10.818416350101721
Light Crude Oil,-8.728449279307876,0.6963552833543816,0.33351605665351175,0.6637144372626392,9.708807965821943
Light Crude Oil,-9.263294785166485,0.5234928125088115,0.261241910874443,0.5334615361759,10.72415191574485
Light Crude Oil,-7.254553846934691,0.6434001003730461,0.2113360830795402,0.7672756787199422,10.23214082284474
Light Crude Oil,-7.3148204616060575,0.5245235847894236,0.3949641498616534,0.528490665281746,13.016455652887332
Light Crude Oil,-9.009208876421404,0.5851929070790842,0.39148677980978497,0.7065784689474749,11.098755541356129
Light Crude Oil,-8.064364581384607,0.4939845500594872,0.21272150464723574,0.6079847768542314,9.784253375531428
Light Crude Oil,-9.612349391475675,0.6102692046074378,0.3177829799705434,0.6470232294076959,13.207283907270119
Light Crude Oil,-9.998971946068066,0.5095350274332778,0.28203696272744844,0.7779130625588352,9.634157443620749
Light Crude Oil,-10.020237294977587,0.3361754340905466,0.274040327819073,0.821142750363243,11.241829185519709
Light Crude Oil,-9.61282072583478,0.5871724424184136,0.40685495584553,0.691142893273121,13.027072281074839
Light Crude Oil,-10.292345449053535,0.6377974333925414,0.5148706293937051,0.7521215791188725,8.873502567985799
Light Crude Oil,-9.66987631487734,0.5612825321669321,0.2578517002833637,0.8272198554250098,12.882235896653798
Light Crude Oil,-9.847770600918956,0.5032264810771253,0.21061667793609098,0.6817415121587558,11.168110139351173
Light Crude Oil,-7.590285839720354,0.7116012056830996,0.1568811666764248,0.5076783713790247,11.632241367222921
Light Crude Oil,-10.82209883859442,0.5046211603670917,0.3748936113805927,0.8494141897266825,12.302091838072922
Light Crude Oil,-9.231786269819494,0.30216150834269156,0.30261851491857983,0.7071287260549461,12.958435221319117
Light Crude Oil,-9.85018572183491,0.45649473997641404,0.15219977446958155,0.4708707193115934,10.337254363804826
Light Crude Oil,-10.88439097710362,0.5336712295420611,0.24818659433331422,0.646176286992521,10.523380430737182
Light Crude Oil,-12.87907851901492,0.650831074874755,0.19997294772232116,0.6587579930150093,9.817661752066034
Light Crude Oil,-7.833683587871239,0.5143428937037324,0.21736347147341314,0.6607770388655976,14.517269883187305
Light Crude Oil,-9.087563318257533,0.48182664623840943,0.20586185138607344,0.5105418849527696,11.759941989630983
Light Crude Oil,-8.609417865210458,0.609958446432767,0.07515034655003443,0.5874903672976971,11.128888364165325
Light Crude Oil,-9.004177018287843,0.4854966308471577,0.287831131431273,0.7408096058569944,10.645060333831337
Light Crude Oil,-7.879030269319567,0.5433452441699481,0.26801677358719206,0.8600907991888915,14.33462405335765
Light Crude Oil,-7.88052557376743,0.19814432294322074,0.45789450927179753,0.7794758522471934,15.009612956569406
Light Crude Oil,-7.515042489919754,0.6578342677497285,0.3878654850180379,0.8348693198645512,14.99118561110166
Light Crude Oil,-8.740134313946154,0.342776945592187,0.26925390999848575,0.7389945599383436,12.112331376557337
Light Crude Oil,-10.495874359391312,0.3368932374805021,0.22588373313651705,0.7807739555984151,14.370509656234454
Light Crude Oil,-7.9001188634667585,0.6057427287114137,0.2919184426836442,0.5257917542294036,11.317169128675943
Light Crude Oil,-9.310517294246855,0.45029475131643176,0.3054694865374626,0.744141975989295,13.279522782365246
Light Crude Oil,-9.3337438372396,0.30962405943554067,0.2517122280708865,0.7043710396991983,13.834211883200112
Light Crude Oil,-9.681369410620926,0.5512543628399402,0.3290087899635432,0.7043900533123388,13.395799978986886
Light Crude Oil,-9.793009436103096,0.44248135503564834,0.2988099176905772,0.63598534949063,12.762018436581899
Light Crude Oil,-9.855830765239359,0.5226304207745134,0.28998272312132434,0.7214925964776705,11.310387907405442
Light Crude Oil,-9.406905953432192,0.509600926799705,0.3202074506161313,0.6995798084608843,14.558043534769626
Light Crude Oil,-10.18888430248954,0.49357962050472864,0.14263709778830153,0.7372081478667386,10.32713019543478
Light Crude Oil,-9.33397230705189,0.4627935674668674,0.32808911266011714,0.6447209082454819,11.107041453459026
Light Crude Oil,-7.276972243096923,0.5284566790474526,0.24389491479777317,0.6749166328188768,14.468032428406117
Light Crude Oil,-9.282197853901316,0.4310723376847612,0.23150038498736072,0.6450873519010422,11.108253416359917
Light Crude Oil,-10.535577418019091,0.38757999030530216,0.217067962563863,0.7591571018453097,11.42814406909069
Light Crude Oil,-9.248594026912848,0.6270088025254897,0.4295007149938418,0.6717875056862265,11.053704733974886
Light Crude Oil,-10.037316376408246,0.5692775769708238,0.2795292766477712,0.6613505109677209,10.779503137293672
Light Crude Oil,-9.923599690813667,0.5320058191493244,0.16845617341127378,0.7994868693787939,11.199233034277622
Light Crude Oil,-9.179563133102151,0.36630220418594456,0.2987634061757635,0.667167905730944,11.9248791017153
Light Crude Oil,-7.233949321965731,0.517769804579024,0.2205340815854196,0.6288680089453431,12.892696778870652
Light Crude Oil,-7.441568050807891,0.528191802075105,0.36887127445547696,0.7609737723336705,14.128596620036282
Light Crude Oil,-11.339508207271239,0.5667218939304528,0.39837360439035635,0.5661276293864426,10.671497723990376
Light Crude Oil,-10.020939298353785,0.42712098036226165,0.25182829490644737,0.7242602813054941,13.298511976751055
Light Crude Oil,-7.702419650677756,0.41621769388322183,0.2155297001297017,0.8315821840016222,12.970115903127967
Light Crude Oil,-8.900562189757204,0.5473336675554967,0.2970196218148559,0.7524584683047614,11.49589995524139
Light Crude Oil,-8.677434078672922,0.3489453949630504,0.23122157051745687,0.6322988823209656,11.438414950189628
Light Crude Oil,-10.111815905735698,0.4466456374176918,0.14855859376018793,0.75487004763949,11.876229721632908
Light Crude Oil,-11.04624912933122,0.41651700894533267,0.3336601427562167,0.645697805361421,10.954587809792855
Light Crude Oil,-9.089511212409692,0.5343597535178216,0.15636475429608393,0.7550128481217879,10.799560077588936
Light Crude Oil,-9.02151356189976,0.49645798593084906,0.24729338817602256,0.5976340253869286,11.571470177861604
Light Crude Oil,-7.049603629109766,0.3638324969536369,0.46923130191048756,0.6740278828923467,12.053057125632959
Light Crude Oil,-10.304052973661673,0.4228730583322519,0.24970903499619806,0.5954305029122088,11.686623063943692
Light Crude Oil,-9.488419070168126,0.6850781142435733,0.18340258143195387,0.7102690516748587,12.371769422852736
Light Crude Oil,-10.284384658382205,0.5686827495452839,0.2601672987118372,0.4507610348416932,12.989774418156848
Light Crude Oil,-10.340329060922837,0.3952225053860901,0.3687902082892398,0.665283851758155,13.376658225827251
Light Crude Oil,-7.547800685561618,0.43550715396777023,0.37932624959550304,0.6244539198607117,15.349673875698265
Light Crude Oil,-9.831548405437458,0.6026087440960004,0.3843790025881575,0.7316087822108933,10.994185257874975
Light Crude Oil,-9.181676990329692,0.2846411887055448,0.322442003838225,0.7349615331028385,12.200249128592057
Light Crude Oil,-12.56796740555107,0.3734363554910189,0.22519090171513373,0.7291658933189046,12.434008358464476
Light Crude Oil,-9.204268550365414,0.5635245536603957,0.19737576246971,0.7610235005693996,12.712113157259836
Light Crude Oil,-8.546934320594508,0.4817959568914344,0.4830743824831262,0.7493195688489879,10.547496205119662
Light Crude Oil,-8.702033429116819,0.5752483377074219,0.24118914010756903,0.8089272246931098,12.573050558574016
Light Crude Oil,-11.810974005198416,0.5299671977337926,0.25939708455872845,0.7537179814541736,13.416322260377722
Light Crude Oil,-8.765805543429819,0.6665252233944695,0.2821293115436504,0.7624817823053874,13.207413860456022
Light Crude Oil,-9.11681516267128,0.5778774307977782,0.24053270128378312,0.6577431580978781,10.031266964495531
Light Crude Oil,-8.710309060355943,0.5325251675854344,0.41792631585792295,0.7791140004355883,11.57280666502885
Light Crude Oil,-10.413815624801133,0.5432850402519974,0.4110753172414642,0.7755184973803942,13.626716287285932
Light Crude Oil,-9.25426743743789,0.45333810318243545,0.22630986477682008,0.6944103533386404,11.882113806046771
Light Crude Oil,-8.751986845753061,0.48707025429644923,0.28663722702732286,0.6223305947027855,13.412428520327236
Light Crude Oil,-8.908178325307546,0.4825556065714718,0.22525707467507952,0.5668086889608913,13.961946288824016
Light Crude Oil,-8.334433550241831,0.33760821574300326,0.3763142300709657,0.7922481170233109,12.186564183451395
Light Crude Oil,-7.08226692509789,0.5216719642122883,0.15831764720508099,0.7365169001048321,12.367345952569094
Light Crude Oil,-9.723956218533786,0.5573558836877425,0.1332334733809138,0.7990566827442789,10.682817444591821
Light Crude Oil,-10.181935350140439,0.4886175227692523,0.34329729280436355,0.7163924063593429,10.886011251341433
Light Crude Oil,-9.607307149430266,0.3866957652622538,0.277532009837013,0.8075021214510909,11.993605593534186
Light Crude Oil,-7.968702894288656,0.6455401337726192,0.24119814809630327,0.6813426746944635,15.256789291593742
Light Crude Oil,-7.266787905624065,0.33275954741876473,0.33871483160609067,0.7000559992339696,13.239679666288144
Light Crude Oil,-9.893974520982066,0.4160391627959328,0.23239292847063903,0.6428071453801567,13.222986250213522
Light Crude Oil,-10.417441407778655,0.4377386100040681,0.12109876094985583,0.8007117823412373,13.90654514914671
Light Crude Oil,-9.392488117036544,0.4702050635186777,0.3453221902282897,0.8474482007378256,12.612916121345876
Light Crude Oil,-9.837050330970138,0.3381177428013559,0.1884873737336512,0.7073219450312465,11.01700871519881
Light Crude Oil,-8.76603875281109,0.4447075983763766,0.19418535687055882,0.5822968368546928,14.343531764059845
Light Crude Oil,-7.9332147009796286,0.6730517951827958,0.3539950900755103,0.657000859138516,13.985011383734907
Light Crude Oil,-9.039681601634122,0.5220841770290353,0.2957175620924481,0.4053095780715985,14.40710251844228
Light Crude Oil,-8.410795264850696,0.532982306086851,0.29382239377294395,0.716342782038613,11.104081596230628
Light Crude Oil,-8.260104777231275,0.36929016556008676,0.3186068432470547,0.7561573470571105,11.701996299265646
Light Crude Oil,-8.55495864903477,0.40086656077657495,0.20341732291040357,0.7236717121026393,13.017824481931578
Light Crude Oil,-11.249838786602053,0.5522020635110767,0.24567984996236628,0.6807193912692587,9.990723114652445
Light Crude Oil,-10.02194068822405,0.5966125325530311,0.3032863373980213,0.6617221598290441,11.825267471053447
Light Crude Oil,-8.412945810402839,0.5440494496163337,0.2924972999603199,0.8092959110896668,13.45569395536
Light Crude Oil,-8.503953565043526,0.505461178291007,0.3657321095119539,0.7314267421801183,13.591200107708922
Light Crude Oil,-7.920526347914031,0.3981746098582271,0.19140368292582935,0.6298750455595923,13.464208035100382
Light Crude Oil,-10.891570796125494,0.5394757389107994,0.3362543091092961,0.8162648058686193,12.270508035995832
Light Crude Oil,-10.611851268700681,0.4040645039351877,0.1818004478102175,0.6462056033666859,11.72564764886411
Light Crude Oil,-10.398529831465268,0.6470661990652289,0.16747186280475587,0.834610342386248,13.77774454715901
Light Crude Oil,-7.922036940373157,0.430623339250325,0.33424508791769014,0.5722628866449382,13.366360552550624
Light Crude Oil,-9.088781737843522,0.45906797854133147,0.17762551533437307,0.4522493881370983,10.442188714446367
Light Crude Oil,-7.664642165264512,0.4597166571525196,0.28306711428849524,0.7655554358288452,14.708503317174397
Light Crude Oil,-7.409994414065234,0.40276649961838124,0.10574294285625933,0.9359614259100103,15.403487417489181
Light Crude Oil,-8.773855684284861,0.37295117544181783,0.39632265338939393,0.6892016313987389,11.830528315340084
Light Crude Oil,-7.926649388273845,0.5334374746873298,0.18141850889850547,0.6675258064918026,12.991729392992019
Light Crude Oil,-8.387697333113978,0.5262016574358476,0.39334229544758637,0.6638283012182735,12.268004662828607
Light Crude Oil,-13.05069492021312,0.4550349806157186,0.3763902908575644,0.6609605532882857,11.300658912424332
Light Crude Oil,-10.249743542129782,0.6003365892729146,0.3548463273540571,0.7825414597823085,9.410679057063165
Light Crude Oil,-9.19254005191876,0.47198889922499937,0.27194282934014474,0.6383972456282043,11.480843592329977
Light Crude Oil,-7.980426260752018,0.3087148646652171,0.47772947680304534,0.7483841125026461,11.93650215650968
Light Crude Oil,-7.911799024352489,0.3548165254831565,0.23352990948489857,0.6878924567609446,14.048340555648267
Light Crude Oil,-9.055795897351869,0.5450054671185146,0.2410421004063872,0.7486842068967491,14.515859389461685
Light Crude Oil,-7.805367969991063,0.4918544012222121,0.36754908472654696,0.7577516954607212,12.759881507545913
Light Crude Oil,-7.66565596696751,0.6104477703837466,0.28728414031251154,0.7641879061477769,11.425357618260309
Light Crude Oil,-10.107686875578693,0.47305062442960133,0.2923721848260417,0.5338419010822008,13.29049883912508
Light Crude Oil,-12.320790507122878,0.7714816939486322,0.4501879133796319,0.6738991275827686,12.01413954084566
Light Crude Oil,-8.636433751695261,0.4410839612011058,0.31926191475869364,0.6856000022298339,11.858590924153551
Light Crude Oil,-8.782246723823233,0.36864722016460055,0.3039569724133648,0.7163447746617477,12.19327443203387
Light Crude Oil,-9.258996906523386,0.6137857775969372,0.2646347445118449,0.722732590682319,13.945946300888318
Light Crude Oil,-9.095251368024375,0.5214463267467552,0.29036153636851025,0.8237369793563599,11.613413157620558
Light Crude Oil,-7.459974507254153,0.4896412105352935,0.2140540276551983,0.7679373170574121,11.542998249366516
Light Crude Oil,-8.255398921081005,0.2270595615076266,0.30052052618949465,0.6540394701242519,10.405111970203082
Light Crude Oil,-9.66388920220776,0.44262968557073484,0.29520142051494186,0.5632673538715044,12.47441067038957
Light Crude Oil,-7.360542257753054,0.5280928496947827,0.3808988609229009,0.8094562454613795,13.854734268276266
Light Crude Oil,-6.755833568614434,0.45007980017240695,0.22815160148388833,0.7783465648324734,13.0623993294861
Light Crude Oil,-8.069189640461174,0.6889282454250252,0.3011369908798494,0.7426156559646184,10.529417622774787
Light Crude Oil,-6.437614651228851,0.4663455078790889,0.269178407183917,0.6653250108991757,11.032656212033492
Light Crude Oil,-9.875324458617179,0.44762957171104745,0.1634204071949055,0.6214682079736761,14.92344466717143
Light Crude Oil,-8.117213827630358,0.5925904176727718,0.4177208787416915,0.883413456436239,9.342866172834235
Light Crude Oil,-10.475859738343848,0.4196276339105315,0.25302702035104024,0.669943060941475,11.329533670790939
Light Crude Oil,-8.736829304241535,0.5035295390745216,0.22771652048217503,0.482445122301243,10.510696941931952
Light Crude Oil,-9.65908638397509,0.47529205631922805,0.1870332540689463,0.6509193533503579,10.30351891727162
Light Crude Oil,-9.150983221857999,0.39269086716373847,0.21510953436295352,0.569131586901086,11.769748956645325
Light Crude Oil,-10.039737323942878,0.5906784266675429,0.3405850266692899,0.6930148131816356,10.803771753984318
Light Crude Oil,-8.543375633620437,0.5690700889348638,0.314268841220163,0.860370185546693,12.689455977112225
Light Crude Oil,-7.903671338918359,0.5133565415535978,0.36756644532569765,0.6203218767330825,11.31240245518081
Light Crude Oil,-8.580763735821144,0.5342099481557382,0.35076118229432474,0.8100392892278728,9.862543242276882
Light Crude Oil,-10.169343057132355,0.5229572641074253,0.22756363681965391,1.0,12.773579428755204
Light Crude Oil,-9.09399701871619,0.4484530726916141,0.2519837716806955,0.7030140661315177,12.167972898931886
Light Crude Oil,-9.548038973632215,0.47268477534800984,0.43442845752345965,0.8384504962651034,12.378050969902315
Light Crude Oil,-10.609511672684086,0.5538503156639043,0.4554282441611026,0.8369781101962378,13.1016387792145
Light Crude Oil,-7.293092453657014,0.5053384272479021,0.3628102969833705,0.6319224433674819,12.438398184233568
Light Crude Oil,-7.404558907235371,0.4410576588513109,0.21385565705357135,0.7097488939023696,11.660006694414001
Light Crude Oil,-8.221022734715495,0.45467404740529577,0.4718439615602714,0.5710323902038944,13.880602179329601
Light Crude Oil,-9.917819073969724,0.32040172654159765,0.3237875156348867,0.6745392013986116,10.335585948145454
Light Crude Oil,-11.017652270058317,0.4991639212728543,0.39758368916238174,0.7584953493086444,12.085059973258899
Light Crude Oil,-8.425382912138717,0.4972785867622143,0.15702757569696288,0.5579106014776556,11.695247206522982
Light Crude Oil,-9.19278394363929,0.5850982678506765,0.3757304223774747,0.7605133015758949,11.579575930384228
Light Crude Oil,-10.656782604132168,0.5412071137066023,0.3525169313262168,0.46114685375223136,10.748492720126006
Light Crude Oil,-9.829265252872675,0.5118350201123436,0.2196639567234306,0.6961865431175359,11.68419758947051
Light Crude Oil,-9.190979365845273,0.4283605706299254,0.2361014945933322,0.5919732940219307,12.570101160860748
Light Crude Oil,-8.314676845690357,0.4229382049874661,0.45206400960170445,0.6685398552557951,14.295278435694842
Light Crude Oil,-9.770552608597924,0.2973422223400564,0.34021978249123513,0.7248545105118986,12.051590692961375
Light Crude Oil,-9.770678974132787,0.4965427774514181,0.24887405421304726,0.6697650433668249,13.262448383647612
Light Crude Oil,-8.778939324563888,0.5609951387331977,0.276813149337421,0.6657982654195225,10.269776203667035
Light Crude Oil,-9.444043935081837,0.1678885444410861,0.2409778033694365,0.691812582280916,12.845510481405235
Light Crude Oil,-9.322413453029949,0.5347673542245,0.08202113386097543,0.694316314779305,9.480745810629895
Light Crude Oil,-10.4499642187912,0.4812834452136139,0.4276263987873554,0.7371206763470058,12.027346495705675
Light Crude Oil,-9.023436467360522,0.4286371106795533,0.24560165866273162,0.7427376045470797,9.921959222333259
Light Crude Oil,-8.288335139660374,0.4611492932881147,0.3825557074869565,0.7961093457232084,9.490373981241389
Light Crude Oil,-9.697896915872661,0.4144472312059376,0.11872720349268569,0.5967466723790589,15.66188376789801
Light Crude Oil,-8.268588124545072,0.6917287968605754,0.38290984400183353,0.6258156838991524,11.427343204988935
Light Crude Oil,-8.293876583711631,0.5437506203473036,0.2422657984291666,0.5490006829420793,16.93164178108311
Light Crude Oil,-9.169379606811367,0.467426110681738,0.3113334463905302,0.6757271410688971,12.184093361558226
Light Crude Oil,-7.455663256660297,0.4875451520313576,0.18372895606722384,0.6838356205521389,11.303397327885135
Light Crude Oil,-7.291321275303779,0.617111906473757,0.31075250004307986,0.5721264145180743,10.161161604840082
Light Crude Oil,-8.981852086098536,0.5336322969321281,0.2625377180673945,0.6519830415792766,11.11080115023203
Light Crude Oil,-9.028072752292735,0.2617237647926935,0.189867337123029,0.637294915455265,13.811254792427881
Light Crude Oil,-9.976576370314715,0.5180468141831206,0.3226542750930996,0.8297916505660762,13.893866110446226
Light Crude Oil,-9.069003562553899,0.4524515258810557,0.23361668971743096,0.6758936777534219,11.3489499685146
Light Crude Oil,-8.335647108770122,0.5420309817485204,0.35918011911450154,0.8259283711436168,14.794303682100265
Light Crude Oil,-8.850403927910932,0.6099463771395653,0.26483398161657845,0.8185006983583015,13.592263735763767
Light Crude Oil,-7.78990083606841,0.5094069841191524,0.2331641836009111,0.5605471562134523,11.939944188718352
Light Crude Oil,-7.160384949300981,0.4690155098635927,0.37851265854600546,0.784395140051893,11.57447066860924
Light Crude Oil,-7.420386194976577,0.20913392555194962,0.1777249721261825,0.608436770364154,10.770427465698916
Light Crude Oil,-8.596484458576926,0.5290037803053902,0.3393990572175008,0.7596081494132486,10.574843146281527
Light Crude Oil,-10.461811280168783,0.5396319682007863,0.23697679263535606,0.5429524954632029,13.457016426812222
Light Crude Oil,-7.325877712197243,0.6557160889698659,0.318700772147472,0.7625932095972903,14.054802335042867
Light Crude Oil,-9.769698948028122,0.6110677684054092,0.32753962341432086,0.7913711652342591,12.279139531313902
Light Crude Oil,-7.444491948302398,0.5223523762541536,0.15160209405325822,0.8451926632314721,10.578703888541831
Light Crude Oil,-7.496330147707303,0.4909757118559678,0.4176010985197707,0.8134768614866764,12.645214461473056
Light Crude Oil,-8.389757618847444,0.5422628617192566,0.0986175243718922,0.7118330218898202,10.325903735892158
Light Crude Oil,-8.794575427505205,0.38570574536167845,0.18150480587739248,0.8604934501753901,13.604171082186285
Light Crude Oil,-9.004971101932986,0.5184768650249024,0.2752083974256991,0.7569876375979522,10.985918450176793
Light Crude Oil,-7.807511684558452,0.47469131589858893,0.2580153004168771,0.7021713018484842,11.113279755111584
Light Crude Oil,-8.60558118060422,0.44626374106866,0.3468523602818836,0.8216006538911476,10.92101746978774
Light Crude Oil,-9.156690548754206,0.5461330713035422,0.25641426450185933,0.7464320560826665,12.83309829097761
Light Crude Oil,-7.700085868446835,0.4394009953915088,0.20572247597695253,0.6692422610436256,10.548371490679349
Light Crude Oil,-8.322602155143004,0.3838248699823589,0.5333016418252688,0.829592786157375,12.018863654400471
Light Crude Oil,-7.959126608402429,0.3363198135689208,0.5523373331399558,0.640978538779951,11.819253879150962
Light Crude Oil,-11.227119944626123,0.5486287304740894,0.18936558429228909,0.7101655761566029,11.183588350613192
Light Crude Oil,-10.293292721916412,0.4195638498237383,0.3225788034085521,0.5718509027131174,10.876782493464635
Light Crude Oil,-8.204071942482626,0.7602479874874314,0.34775888195530047,0.6082738357822712,11.449328744891533
Light Crude Oil,-8.962093192616907,0.4650575049364293,0.3903058166736933,0.7217473483014224,13.361778577364806
Light Crude Oil,-9.377332548357154,0.6325500219721256,0.2833514415718454,0.6028810130862008,15.265980571563333
Light Crude Oil,-11.18997329635334,0.42612612746950723,0.23729721481696053,0.9508306273056563,14.710288326219768
Light Crude Oil,-7.207286227629363,0.4669341337623668,0.5426178003841775,0.7368352003840971,13.465895055454684
Light Crude Oil,-8.784365542672552,0.49505334286767483,0.27482213260736205,0.6790360006580838,12.912737473017119
Light Crude Oil,-8.559360241469534,0.4968528629796316,0.45095239926988545,0.4033246931259269,12.764830871881793
Light Crude Oil,-8.138713552009225,0.6146962868255169,0.29351285589466386,0.7207920067383957,13.478922574972081
Light Crude Oil,-7.210600314863784,0.4699464014821232,0.32669757831275603,0.8678573964348757,8.813959386181724
Light Crude Oil,-9.828015119777502,0.6465835978602963,0.4092537833608303,0.7522445210926694,11.32710469033632
Light Crude Oil,-10.058182198782504,0.4408784380757626,0.4548008220818692,0.6371557310844653,12.152134446359486
Light Crude Oil,-9.904449173834095,0.5842774030099027,0.24612737196535586,0.6902406109845586,9.474926800435762
Light Crude Oil,-10.936041883445927,0.5007673193321507,0.1674842844802238,0.9105086639334502,8.907715331831625
Light Crude Oil,-9.960210358396925,0.5016700867267551,0.26348670622042153,0.5895854543336081,10.563108240757098
Light Crude Oil,-10.188784892999086,0.4713278305179937,0.4951929089517424,0.7077937296558209,13.774350734081287
Light Crude Oil,-8.39162838500623,0.611386239798222,0.020003569740641432,0.669554197885177,13.96070313472607
Light Crude Oil,-9.6860829872992,0.6762473164869612,0.44838901537677617,0.6530869283872537,11.245254721430465
Light Crude Oil,-10.216327010825362,0.43704057681362024,0.17674109358310847,0.7428811180433005,9.81593025998035
Light Crude Oil,-8.275520380571734,0.5628078696900248,0.13387955948160774,0.8549818606328339,12.770413941622833
Light Crude Oil,-8.100362374266158,0.4241334798457228,0.36223791184731186,0.8126393449722065,11.852087401492984
Light Crude Oil,-6.5976930489019665,0.5044064634912938,0.41407858004524745,0.7293008807258654,12.878282299285301
Light Crude Oil,-11.005598721161727,0.5371053738215363,0.22650248987427338,0.6153601694222312,14.616154776698968
Light Crude Oil,-9.256524297674819,0.39966981690245035,0.2640868371891125,0.5699549771078086,14.150826702294404
Light Crude Oil,-9.834816892999818,0.5529299933943669,0.4356106714210325,0.649984731878527,12.798033648409179
Light Crude Oil,-10.236103265885315,0.7445769569113684,0.3936380134616622,0.6807393561239193,10.840749403666555
Light Crude Oil,-9.136795863407551,0.4660016277648481,0.49529445539995065,0.5774465277785097,12.202202134935305
Light Crude Oil,-9.022005679960452,0.48825896996551305,0.2891383345061658,0.6883929189879516,13.309599099498149
Light Crude Oil,-8.269218664209077,0.5418911611372786,0.001,0.7299794874163164,9.516540959744876
Light Crude Oil,-8.22441580423701,0.6474497367570514,0.2073760887411449,0.6738219277657292,11.100966442420505
Light Crude Oil,-7.5174818690918395,0.5095027885272073,0.47283293805663335,0.7413754202947387,12.36367527095373
Light Crude Oil,-8.918151860876597,0.5817992099257336,0.12623138017546565,0.708534395552051,11.894930334408052
Light Crude Oil,-8.12949740741068,0.48122983941259634,0.19612655658373299,0.7007350674919699,10.375739206697485
Light Crude Oil,-11.310314655104982,0.5727122481485493,0.35790615726946706,0.7467090943993574,13.954392632918717
Light Crude Oil,-9.79803826836471,0.35688858572287446,0.29299702231919555,0.6652499700294089,10.736556424844897
Light Crude Oil,-9.095818984185355,0.43883948537954154,0.11639947166431686,0.6558823309206239,10.295437249944214
Light Crude Oil,-8.722022314066892,0.4343965241759345,0.41116314741410515,0.8603866067267866,13.019072059517859
Light Crude Oil,-10.861231418379983,0.650519599887904,0.4575720450373765,0.7018790511307941,13.984389240503297
Light Crude Oil,-9.662010165656014,0.31337540651504103,0.22397155613784062,0.8729300866044756,9.763380114582791
Light Crude Oil,-9.000574461682207,0.5034143893340213,0.24870257560321882,0.6556478400162884,12.108373701354305
Light Crude Oil,-9.674594810321672,0.3577941502832069,0.3215031942943456,0.8073366582444972,13.304358777980132
Light Crude Oil,-9.971682560867773,0.37487720846223244,0.2715812117845221,0.8567791509795664,12.968397118439318
Light Crude Oil,-8.15524238784692,0.5889856951785495,0.3420766562518586,0.7120608547613578,12.993460344971952
Light Crude Oil,-9.655399325061623,0.3585536988633679,0.3722996934624323,0.8237738105749225,10.322652090965953
Light Crude Oil,-8.01369422110092,0.668076571338819,0.29977537982428787,0.6181997815258253,12.184528010290133
Light Crude Oil,-9.660640761840842,0.43832698900435985,0.34331840672715425,0.5396270524970105,9.834106616261659
Light Crude Oil,-8.976850943551268,0.4977691461087569,0.3343554577039936,0.8875225388483388,12.156771054113731
Light Crude Oil,-8.282193419598247,0.4024467064385368,0.3767937663516537,0.6473609134889322,12.107131248871639
Light Crude Oil,-9.130618350082994,0.6032974234914031,0.16900234456250005,0.471676136538496,11.679850954368113
Light Crude Oil,-8.437762491713851,0.51522693758075,0.4232204237413911,0.7437372674179668,11.15422750221021
Light Crude Oil,-11.790504184967617,0.47626877658047817,0.4027959002257798,0.6607952217332885,12.042480395516646
Light Crude Oil,-8.49436769483195,0.3984707625750184,0.36232358966388173,0.8637121790001705,11.74077997215989
Light Crude Oil,-10.354877306198762,0.49333989729780264,0.07756158913911311,0.7336903263976615,12.678411566472867
Light Crude Oil,-6.989236447385325,0.4806005207433375,0.340848533814647,0.6138711897614099,11.465359319212382
Light Crude Oil,-10.830222523994637,0.48052103787167644,0.2694690846481435,0.7299199766088895,11.064604679501041
Light Crude Oil,-8.89998557882989,0.46666199443923345,0.26685006117004856,0.708036232596303,12.060784413475515
Light Crude Oil,-8.086591153138034,0.4879356965870165,0.2650114650876997,0.6819192554912773,10.92800382473851
Light Crude Oil,-9.431893312280005,0.7031158713073231,0.20873212393041327,0.672134366612069,11.418767005095464
Light Crude Oil,-9.296605934693279,0.4668760691121605,0.3279240101221,0.5289824898608205,13.555757208798006
Light Crude Oil,-8.240900640429363,0.3757128413936865,0.07309227270475983,0.6022927853858598,11.636000307859316
Light Crude Oil,-5.90364972157107,0.5543256964974274,0.11924103508185421,0.6310344495099055,11.920181345590525
Light Crude Oil,-8.695579734842283,0.3685251139689577,0.28650097720229384,0.6282360862389459,10.344362156096524
Light Crude Oil,-8.688485223961255,0.5773877173442822,0.3841041276961619,0.7574386351133876,11.253945700289606
Light Crude Oil,-8.142540286243793,0.5309054438104288,0.3133941882952013,0.6388306878298201,11.254685808987707
Light Crude Oil,-8.911335676650536,0.7439874466985502,0.33012424800913903,0.6388811497749713,10.751415832545836
Light Crude Oil,-9.590119935187444,0.7177293447549066,0.26007433540540376,0.7906870534610284,11.436107631792966
Light Crude Oil,-8.686578550464446,0.5791745274008723,0.24280971501900758,0.635888834584723,14.488304541682995
Light Crude Oil,-7.818488526125044,0.5790672318690728,0.37872762931229137,0.7459575488311065,15.026663719762597
Light Crude Oil,-8.947310037747412,0.5577262367200919,0.15490870714059873,0.6175039313408759,10.198771500247439
Light Crude Oil,-7.4711236997806205,0.244745984797925,0.2597689977247277,0.4006293397339376,10.753068156777164
Light Crude Oil,-9.589138739678239,0.6384871093794044,0.3396627939221457,0.6166858476671033,13.59894557959774
Light Crude Oil,-8.97860129456429,0.5037566858707252,0.1797328492228008,0.600998628609686,10.762354050081713
Light Crude Oil,-8.944246472214973,0.5077885726980674,0.45440926635240453,0.7385055167937834,7.9386514594918385
Light Crude Oil,-8.684829614553971,0.3549983643832467,0.20340290753884635,0.618783052827367,11.004992514731548
Light Crude Oil,-10.650179270448364,0.5203482003452288,0.15891977149090405,0.7356667607249846,15.355456615592445
Light Crude Oil,-10.595230870720876,0.4715489695660778,0.047654263748752985,0.6699064707029866,12.964075728947225
Light Crude Oil,-8.13523292237128,0.5077363730284097,0.3889263424758976,0.9546054535942792,14.568457031156399
Light Crude Oil,-9.627025115291564,0.35488960135332615,0.25938485834261965,0.6053017234382652,12.677021321796948
Light Crude Oil,-10.417432247315398,0.4927177567409658,0.38380140545363106,0.6899304127182823,10.580529265878305
Light Crude Oil,-7.5902231308971695,0.31210190552461725,0.26722049441225365,0.6958339976618665,12.023862987599447
Light Crude Oil,-8.783404732706302,0.5610439819809493,0.2964592560954649,0.6631941717856319,11.388615983010457
Light Crude Oil,-9.733818962446026,0.5787543324326865,0.23534715205234852,0.7846771109008244,12.028498623389806
Light Crude Oil,-9.625505768227356,0.5618407215744134,0.2272546075276882,0.7638184040728212,12.319089181787676
Light Crude Oil,-9.715589626910305,0.5528634815334559,0.35465897256886386,0.8157519605809957,13.449220518613943
Light Crude Oil,-8.41047117512846,0.38724090487912366,0.5448586988174057,0.559638378892819,13.423894761423464
Light Crude Oil,-8.482459419736442,0.38258576275188855,0.2875699061121501,0.692124711375536,13.958374073715785
Light Crude Oil,-9.855973080336254,0.4738054993575646,0.06639303949787367,0.8734762793123577,10.394297635469893
Light Crude Oil,-8.60770696291299,0.4898592170278136,0.290199903321666,0.7809861984870875,14.506893690455453
Light Crude Oil,-8.69820759606961,0.5655078017630526,0.33288915367270405,0.8017531423930626,11.30562543077051
Light Crude Oil,-7.709531334700303,0.6110499865647384,0.408253700868291,0.6339852132663524,11.747493548644213
Light Crude Oil,-8.712639613463478,0.3629157955170994,0.45949202080860146,0.6987723466497824,12.425891831407082
Light Crude Oil,-9.692405327672644,0.3673122440632977,0.23959701145252288,0.7219204187633588,13.01014321913054
Light Crude Oil,-8.805850151276736,0.534672401624195,0.2662973625318623,0.7496248566245428,14.224249299578862
Light Crude Oil,-8.154252669073216,0.580954188825294,0.32940163993066307,0.5496844930400397,10.433000204053135
Light Crude Oil,-8.454149039203388,0.4989060948039914,0.3439842886472828,0.8676423417844074,13.089053998844001
Light Crude Oil,-7.489336553108614,0.509468138947073,0.219278432251556,0.6942133840785658,10.792872279421292
Light Crude Oil,-7.130046051873062,0.5790391076535469,0.35205124966282797,0.8235943202228103,8.969915378215163
Light Crude Oil,-8.294234458388809,0.36893542156956266,0.29927443015343386,0.6688292407532785,12.992604918145421
Light Crude Oil,-8.726175253246854,0.6345117173611788,0.2398102839067386,0.7709114389633284,12.243334825348247
Light Crude Oil,-10.962348324085863,0.4081383541476967,0.28501219664778316,0.8112292449891727,12.695584586335672
Light Crude Oil,-10.401000988656858,0.485968377195284,0.5017806448793031,0.7111223334840857,11.509011637391406
Light Crude Oil,-8.409912431092536,0.576339307958197,0.25438316525199406,0.7502574774371437,11.506665754993787
Light Crude Oil,-8.136806877804673,0.5169693157971283,0.3481967827052892,0.6240816453832495,10.76807042389071
Light Crude Oil,-7.865403234408726,0.49206036186145063,0.32850347420993614,0.669360457291348,13.348090161020465
Light Crude Oil,-9.729371976035589,0.48643987600991173,0.37859928127031317,0.8172967699164265,11.214361063459975
Light Crude Oil,-6.648379221652941,0.5313241693693617,0.19570717381912622,0.7369052048589968,11.425501178274812
Light Crude Oil,-8.479117815380187,0.4957143752339662,0.30742736901901446,0.6088406623413853,13.48509184607454
Light Crude Oil,-10.387352840581238,0.3891235104595005,0.3367360349147487,0.8602844247177969,11.47111035440339
Light Crude Oil,-8.15883321275524,0.6073340176863545,0.3814684437294069,0.6688791710826318,10.363429924208889
Light Crude Oil,-11.649057078805626,0.47371595005376066,0.41780873685621744,0.5875834015238065,13.050314771278149
Light Crude Oil,-10.140183036062247,0.5106072576386839,0.37077916141550177,0.6340504563161572,12.255727021045372
Light Crude Oil,-9.498109604070395,0.5705148658938177,0.3235317168484637,0.7056507674429267,14.337524940212967
Light Crude Oil,-8.205232629158038,0.4309648133873711,0.2914136099202238,0.692410121492034,12.120479358937816
Light Crude Oil,-5.970588868071006,0.5370851892710997,0.09640974298952239,0.6457201028283034,9.101441868756288
Light Crude Oil,-9.395757908455007,0.30126897702735717,0.2128409528931572,0.5479278470365879,12.576240266951217
Light Crude Oil,-8.999352764845346,0.5302962307498731,0.28954486114314737,0.5605702249795582,12.770282053882102
Light Crude Oil,-6.693330527676657,0.5409212578606547,0.2574075400682434,0.5571932823894554,10.637899543860053
Light Crude Oil,-8.45635241211353,0.6073118026799375,0.3260866174721976,0.7799887289705982,13.061517366040864
Light Crude Oil,-8.392158730336899,0.4341526404738744,0.31739235119751524,0.6151622196117861,12.026143429437152
Light Crude Oil,-8.602963762719705,0.6678783807386854,0.16902680256323677,0.7481507630991305,14.221854887435391
Light Crude Oil,-8.089382680993443,0.5832945442825042,0.3587694901867812,0.8298334489775416,10.368782747831448
Light Crude Oil,-10.663111999164295,0.4993665859534744,0.08388378964282898,0.8230645804178011,13.831072793243163
Light Crude Oil,-9.52002066610143,0.46292294033394904,0.29276525248493285,0.7052020650439619,12.190760878791428
Light Crude Oil,-8.330121471746036,0.4827373646991522,0.3943193303477794,0.7445947777125302,11.089554831191046
Light Crude Oil,-7.397864798635083,0.3641743013877513,0.29078341891785237,0.7966917401075467,10.915390342631783
Light Crude Oil,-8.628533223879419,0.5543339596999048,0.21394761320187608,0.6927522280405964,11.765244254686184
Light Crude Oil,-9.662085422198752,0.7301674852050775,0.22368936465545242,0.8004930294067882,11.410798474678288
Light Crude Oil,-10.303963426662339,0.5102814243155069,0.36490933843875006,0.7920509575065678,14.343397665982604
Light Crude Oil,-5.465704452077881,0.5250514203755597,0.2336907826174612,0.745287432679489,11.600680574390262
Light Crude Oil,-7.888840644177324,0.3702835703634278,0.5368334542400437,0.7856048094775513,9.473993973305753
Light Crude Oil,-9.850834682777966,0.5816081044113939,0.4176344056171455,0.5727762372768036,13.069538775649423
Light Crude Oil,-11.336807847194308,0.4910664134528954,0.41120468421032064,0.6448484269897019,9.739616551292979
Light Crude Oil,-8.82454224434693,0.4395281133364522,0.36295583660658354,0.6114673567781939,10.84104466552035
Light Crude Oil,-11.425202785051493,0.5169944711051483,0.2839095061723401,0.5811615329259928,12.290698070650638
Light Crude Oil,-7.7675156392270335,0.478443205658105,0.32681669498219734,0.7273311249585164,10.193505259231559
Light Crude Oil,-6.532097015150885,0.4529150169877716,0.36561162018602705,0.7769215277229049,11.790607309326372
Light Crude Oil,-8.271845969928439,0.5245819221816389,0.15823602427725939,0.6667727298749911,11.081173646468907
Light Crude Oil,-9.554094049615353,0.3695996822163362,0.412643371674603,0.8601992654613413,13.467004463997613
Light Crude Oil,-7.475364931023429,0.46553651629918436,0.23637431650139634,0.6221412953188288,12.966097384435834
Light Crude Oil,-8.72752433622702,0.4922778288401574,0.4295148544195343,0.7404941353815343,10.742013543719123
Light Crude Oil,-9.817090594962833,0.5681993299254146,0.4041732852654597,0.755168023225597,14.845333121808121
Light Crude Oil,-7.037991401122297,0.5441035834850763,0.21614193405184975,0.5690012488268232,11.418927382477928
Light Crude Oil,-8.096143864300611,0.6826647079311938,0.34174470344108,0.8168722794231236,11.632038770718296
Light Crude Oil,-8.25267704972694,0.5823356829477172,0.10204057241474715,0.658656119762349,13.424550576416804
Light Crude Oil,-8.670637997236122,0.3803484951849067,0.05698776242726435,0.6634219254697993,11.892621460659182
Light Crude Oil,-10.060707539794015,0.5143084937027994,0.35063867472328947,0.7670687170726233,8.466121612601517
Light Crude Oil,-10.577142117369744,0.46953773516452646,0.3572173131037463,0.7489234013550035,12.707804921815013
Light Crude Oil,-9.460101530362719,0.4672366562690039,0.22716707315782592,0.7768194128105848,10.619266818390633
Light Crude Oil,-7.979956325772516,0.5207853238137646,0.29549555215448464,0.6343289600223533,9.966687208253811
Light Crude Oil,-9.777183307653655,0.46699931313751136,0.06309756884187483,0.6802644844665335,13.386536052039009
Light Crude Oil,-8.319338513479353,0.4503794124258493,0.30469362984152276,0.6443835430578,12.223141100003545
Light Crude Oil,-7.151870611507162,0.5968498802624876,0.35207943056927526,0.6507115087616281,13.124907589417258
Light Crude Oil,-11.024252341647664,0.47476465180091093,0.358371141982395,0.774042121404775,13.004826735323611
Light Crude Oil,-8.646203172948367,0.4804275020916117,0.35379759698264884,0.6047138959413699,10.732984105060126
Light Crude Oil,-8.925918388247643,0.5173197642708748,0.11743848214353533,0.7455146380949518,13.15909256687909
Light Crude Oil,-9.092742284959554,0.7374466283283992,0.23170648936848137,0.663891283661313,11.407399640809185
Light Crude Oil,-9.09142513354922,0.4671275187033709,0.1593189455395128,0.6453451703763524,11.853568956338886
Light Crude Oil,-7.525713501525604,0.7202243273372914,0.43354738978506546,0.6224620970327394,10.956285584060751
Light Crude Oil,-9.191194293011222,0.6784558888853586,0.28345759478181065,0.5672492509462569,11.248234294570448
Light Crude Oil,-8.091532797816699,0.5689940276896087,0.2799783333508344,0.7683414673560031,8.590241696179753
Light Crude Oil,-8.875404917960763,0.586068542136863,0.21671367248454645,0.6163661463503711,9.200327770854788
Light Crude Oil,-7.0921252862271675,0.42798460229784335,0.3241043277862112,0.7603917041483375,14.26810192371218
Light Crude Oil,-9.184677328782762,0.44605702062215813,0.31730676485705533,0.8284080276542286,11.744741202898824
Light Crude Oil,-10.145842897900891,0.3459242191684638,0.17787026153947746,0.7864391497406664,11.519063285539783
Light Crude Oil,-9.729025091904854,0.42840327768160574,0.3085045860200182,0.6760544906234416,11.59030178442112
Light Crude Oil,-7.380811286627113,0.6538016281861634,0.13899783270910032,0.7327592731142957,10.834706852067912
Light Crude Oil,-9.297901336633313,0.5309278385126694,0.278728008306908,0.7230459880627633,13.009455309047876
Light Crude Oil,-8.646507839351615,0.43531636958323766,0.2370800393029676,0.5560294703381964,10.719119553718922
Light Crude Oil,-6.6455179657217665,0.42079964259047553,0.180662118755618,0.7319927861844773,11.83445286106221
Light Crude Oil,-9.23471188421907,0.640904596641209,0.3549126675558365,0.6470007068296524,11.36328612361233
Light Crude Oil,-9.603103816686822,0.5874739621580257,0.2691852370546862,0.520684649754585,11.927520481898483
Light Crude Oil,-10.844431201353515,0.7184230601754902,0.2034332086152769,0.6838135234642269,12.387304102051706
Light Crude Oil,-9.346389792815076,0.47099695985338075,0.34218272861608773,0.8526215958796278,13.151263622725946
Light Crude Oil,-7.225783345711749,0.3953380891906498,0.33173626332553613,0.7155246052058278,12.526636937515102
Light Crude Oil,-7.348521635237313,0.4779210850207946,0.25944966334459124,0.7533980797418663,9.332695908651228
Light Crude Oil,-9.284222458946614,0.4865802310714547,0.20796413836930747,0.8057059011356577,10.406639523985074
Light Crude Oil,-9.163047658036556,0.5293157225322969,0.4353451561476118,0.6989443565119147,13.404230391192316
Light Crude Oil,-8.159285523267448,0.5123457556169142,0.19104865917265443,0.5565419139095651,12.15975810212878
Light Crude Oil,-9.651236248683137,0.5919261091681292,0.37458565180985776,0.681538900556295,10.263430614088096
Light Crude Oil,-8.387117340471272,0.39820505538648493,0.22415360770691348,0.6020584261784845,11.79224846709007
Light Crude Oil,-7.595769199115326,0.4994959129776471,0.2556781307572304,0.5474385069954756,12.828186877094764
Light Crude Oil,-9.936485527114353,0.5117517619158096,0.26457813840833594,0.7838177219599437,11.764145411957172
Light Crude Oil,-9.070711625427663,0.548574714745546,0.5106940182263185,0.7888446930358554,11.867090840477086
Light Crude Oil,-8.996162411261654,0.44751405396755656,0.20500042964803047,0.6447249212933678,10.841776554432085
Light Crude Oil,-8.215957939444937,0.3928805142131014,0.4333210561380044,0.7752046383618829,12.030752594051503
Light Crude Oil,-8.999617666241917,0.4442718690385447,0.3270084411347764,0.8088092463208588,10.94526530661628
Light Crude Oil,-10.840070506702476,0.5703218254856744,0.33243659742438003,0.587980119855882,10.899912943628824
Light Crude Oil,-10.030925128860169,0.42754677309657513,0.2676317245958812,0.6733452695719252,11.02380951739731
Light Crude Oil,-9.909796583399913,0.47712156560806185,0.31676915348595613,0.6683703463635154,13.738000535011953
Light Crude Oil,-8.390294742695056,0.3409154143141304,0.3523727765413853,0.7605543982585582,11.347897547813712
Light Crude Oil,-10.794237104763788,0.5008066759411136,0.2992291348517756,0.5878353763466805,9.823171175610097
Light Crude Oil,-9.105064255744127,0.47669228079491777,0.25827346346776064,0.6916589265253438,10.345835439269521
Light Crude Oil,-9.521784735439336,0.5533325030614348,0.2650029919648711,0.5328027528207447,11.290961583414642
Light Crude Oil,-10.284190156208233,0.5267136296461731,0.3318837403380425,0.5341225374913968,13.138519455873283
Light Crude Oil,-10.33462356153427,0.6559182290482352,0.2951223735499383,0.5753606501460837,10.287020893960978
Light Crude Oil,-8.582285649855185,0.46087001101016223,0.2903346090381859,0.8612780232697039,10.951133903656388
Light Crude Oil,-8.928044570765152,0.6419844487373053,0.32705134754664,0.5393397264641994,12.758083517598205
Light Crude Oil,-10.395603429340133,0.6406807528732965,0.2177132395002022,0.9969509507745664,14.201063982491517
Light Crude Oil,-9.955935083553575,0.5020013805001611,0.37536442816334636,0.7783660474226707,12.663504389964295
Light Crude Oil,-7.497409155640668,0.487703105336563,0.2633282331423967,0.6653136012075389,13.28755984795819
Light Crude Oil,-8.561782751636825,0.5291283665690256,0.37952342492571817,0.49489475921461445,12.465103235812725
Light Crude Oil,-8.737717333351542,0.6668808081300706,0.1471412017736333,0.8557186632376758,12.113113693386998
Light Crude Oil,-8.413212563207946,0.6675918787609376,0.3560761268005573,0.740036828946256,12.363436778703477
Light Crude Oil,-9.580173761993253,0.4971510875489607,0.22844872338772512,0.6955433100574517,8.496103954417356
Light Crude Oil,-8.485152518918941,0.48782627462163747,0.26637962633332357,0.7219758083940143,9.84965411555184
Light Crude Oil,-6.684876004054461,0.48972325385124005,0.285415556702781,0.6034603789867077,12.035919573673892
Light Crude Oil,-7.335648131672063,0.6035916209432034,0.3854437751140556,0.7546398951667271,11.462186208656085
Light Crude Oil,-10.740195800444042,0.4798961228133365,0.27641285354663225,0.8048794439671241,12.46408566368973
Light Crude Oil,-7.0652261665157425,0.6197488540038174,0.2543504390495904,0.5204870803380132,14.078362850912221
Light Crude Oil,-7.368737732123107,0.3633788409097774,0.45092400198275007,0.7382117170592517,12.24102824718848
Light Crude Oil,-7.062260094903207,0.6344685173230615,0.36513309519952036,0.7473217065811982,12.924591435795538
Light Crude Oil,-9.480068920659031,0.4944898550267679,0.20976828454054572,0.666696022426108,11.4500491819966
Light Crude Oil,-9.762366443545998,0.5136746502648463,0.2676019149299423,0.7502234720351973,9.566519080059352
Light Crude Oil,-9.13602575292876,0.5131551640177495,0.26893707601631195,0.6827607300190768,9.622130983905214
Light Crude Oil,-8.572227474396609,0.5647605982567071,0.3493537294203767,0.8038727059442182,12.302294408673752
Light Crude Oil,-8.425582583218876,0.5156090738456852,0.3687550719592494,0.5422770363867877,10.659628548032984
Light Crude Oil,-7.095720411560291,0.2539564177903795,0.2859822070174656,0.8172274959608068,11.860109001687354
Light Crude Oil,-9.486013285740837,0.51294216768153,0.26468798199975535,0.7030849492756939,10.974928445219806
Light Crude Oil,-7.669590696053131,0.6423264921065661,0.2866609677888377,0.5613510579308756,11.214235244529908
Light Crude Oil,-9.220786392123557,0.5505538876903208,0.19919867768293217,0.6230837681357849,12.766014206788212
Light Crude Oil,-7.873309401552531,0.4378405954829316,0.1666782946049004,1.0,13.17495635563307
Light Crude Oil,-9.320404514120439,0.586903127553084,0.28755433702855776,0.7867156889100186,12.239089796664333
Light Crude Oil,-8.890473722198912,0.4886418131769211,0.155261866653691,0.893809489939314,10.587699119598385
Light Crude Oil,-10.632028291572713,0.4787140117243633,0.2038528186489493,0.6948287209439729,13.031645772842653
Light Crude Oil,-7.805636519364932,0.5814730721621681,0.26943679452143193,0.7049591827661585,12.611818576346236
Light Crude Oil,-11.109344908730487,0.5570584700119859,0.15427007124161682,0.9040346598906489,11.393227373037456
Light Crude Oil,-9.221850212633509,0.4230292900762145,0.23700299681443102,0.9274093569143239,13.410554532934947
Light Crude Oil,-10.859042934177406,0.650421290068523,0.41932422751414317,0.6718787537711711,12.460045413044757
Light Crude Oil,-9.01793289530529,0.6972579904446933,0.22037098110079095,0.7146010609775726,11.357782003510794
Light Crude Oil,-10.719648485541425,0.7191638255054987,0.18184334208975875,0.7220129187487776,9.388949090429497
Light Crude Oil,-9.478884647091713,0.5421968821433457,0.2175266020497637,0.7586801850735655,11.596438362167877
Light Crude Oil,-7.607900985121664,0.6361760913340223,0.24132552392699883,0.7076732859392957,12.275181339708348
Light Crude Oil,-8.256780845478362,0.5014381996244266,0.31902109593428424,0.675659352520488,12.172859800458028
Light Crude Oil,-7.442471767757841,0.5646083241211854,0.3701255639443369,0.7723070324135578,11.769286833178446
Light Crude Oil,-8.617407547704564,0.39148263216642554,0.4268807656316957,0.4217039567656779,11.869277411496862
Light Crude Oil,-7.630924827419671,0.3636132066370658,0.3399779917616851,0.6319233553420973,11.446795102216697
Light Crude Oil,-7.864870847232675,0.5198056925885151,0.0965644132115637,0.6023574460268402,13.463003602333139
Light Crude Oil,-8.461268738168403,0.6748135572524284,0.4682647594013297,0.6657754869853207,15.754856707604233
Light Crude Oil,-8.970624396177707,0.4037331465590975,0.23663601340894225,0.4743274894710581,14.410528512373922
Light Crude Oil,-7.086285613147364,0.3984492561186679,0.2772115711618094,0.7095607544112578,10.559470421786829
Light Crude Oil,-11.106122437525395,0.47896423962230883,0.2678920570540753,0.6611588759011224,12.334074093901448
Light Crude Oil,-7.2845764097688095,0.4696907280308274,0.3170442998721363,0.7726870523744935,12.831214389769123
Light Crude Oil,-9.73730822933741,0.5096377123114035,0.35475398201690533,0.5871648662489222,13.895308516194762
Light Crude Oil,-7.282093313743067,0.4277219744555506,0.31936700183481687,0.7642278256671031,11.18157876550687
Light Crude Oil,-8.422063385174287,0.5163255626292166,0.1532081822361199,0.7459161315978557,10.349786375593446
Light Crude Oil,-7.872956578005543,0.4328788924866111,0.28387145663388547,0.8372278913446575,12.744572469793267
Light Crude Oil,-10.295368703489455,0.39850834292009163,0.24006972113762745,0.7394644083356665,12.537449722399153
Light Crude Oil,-10.011722765595444,0.38327905143856406,0.3281583405085834,0.6818139934209838,15.235823831171606
Light Crude Oil,-8.956075612124305,0.6814252827700275,0.18296164018956598,0.5426787060438293,10.319872301211698
Light Crude Oil,-7.5730442622558405,0.6756101589693534,0.22178205460473657,0.6539433970240442,10.246528634681251
Light Crude Oil,-11.173967816542065,0.571841169777663,0.3223020302962163,0.7010487982673875,9.89991519425493
Light Crude Oil,-7.0320519818056075,0.4496643261950527,0.35336264248164756,0.5545438594755275,11.714212215569944
Light Crude Oil,-8.6503506525137,0.5327075218053308,0.3154648543236625,0.7494522492048772,10.304219315950558
Light Crude Oil,-8.763152873472407,0.5113757683480278,0.32316726841950605,0.7072345217319181,10.090180839129903
Light Crude Oil,-10.581359702530769,0.27857318141154486,0.38175345098452973,0.7827657509735199,13.26532543683318
Light Crude Oil,-8.631852045046259,0.2866880782281889,0.19732895082147336,0.7170415417593111,12.203277004187694
Light Crude Oil,-9.267297855782425,0.5368917202908247,0.30116517076852456,0.7120770465551362,11.041402000751976
Light Crude Oil,-7.821586816654092,0.4569228391319616,0.16693509169793735,0.6229000987181271,11.47730071295703
Light Crude Oil,-7.8071966539573845,0.4957732001565207,0.2813851781034351,0.5751336575237372,13.178223884744364
Light Crude Oil,-9.782342584828063,0.4899972141058664,0.44801830768818646,0.7508763331049304,9.557618928427239
Light Crude Oil,-11.123412283622967,0.4935689549880754,0.17872593851251947,0.7648546747632997,12.063394597447468
Light Crude Oil,-8.801538277171364,0.4293256818357647,0.47413836552867056,0.9842593728010459,11.582122914364929
Light Crude Oil,-8.576352901901998,0.5097417343064313,0.27403131365589306,0.6167929532267202,10.372548018779284
Light Crude Oil,-10.36271671863063,0.5405240025549145,0.24803255217963646,0.4421707149859469,12.667287330897484
Light Crude Oil,-9.045913538956986,0.6346673001401146,0.3373122397091009,0.5521326403689703,8.655485038905029
Light Crude Oil,-9.863366861205526,0.43748925793063476,0.39431592010001665,0.6991129067710427,13.700532747147763
Light Crude Oil,-10.589799666843161,0.5965264384380448,0.3720989153430919,0.4981765888568803,13.983926761891158
Light Crude Oil,-8.887849809880377,0.5392044503868506,0.21351038875715772,0.8275247012921972,10.221221506141696
Light Crude Oil,-8.001489577951265,0.5820607475908671,0.20258325718277775,0.8983373599422574,12.347292720326278
Light Crude Oil,-8.21532886767477,0.3472879204664244,0.5117730003008565,0.577544305977491,13.537329649148894
Light Crude Oil,-10.193726061518035,0.43810111971523175,0.3788754043885447,0.8027552713675157,10.093073626328847
Light Crude Oil,-7.691433397131608,0.6044980495133194,0.20620465911551075,0.859864759359111,9.814713557627943
Light Crude Oil,-9.749727099333139,0.5479002624091989,0.21464337152973934,0.726381908567934,12.361614118204942
Light Crude Oil,-9.224489123907265,0.583240053859056,0.27716392073423607,0.7231541068813805,13.719707816231853
Light Crude Oil,-8.051176547968991,0.5786017290814208,0.18508203977832197,0.7524792575501321,10.682251813545744
Light Crude Oil,-10.537697975733632,0.4928293653715032,0.209570481334841,0.7790617718839977,13.221803189542987
Light Crude Oil,-11.283151483717731,0.417169746042311,0.1540213328082001,0.6537370723407109,12.682763504803237
Light Crude Oil,-9.290745717814065,0.44102407593328646,0.4300176526813139,0.4695142827403711,13.855307840277337
Light Crude Oil,-9.653145951786582,0.49218909898872104,0.24726366622798912,0.8542888105539118,10.153532254792111
Light Crude Oil,-8.985916356333677,0.5527438651859997,0.13889972321148322,0.6080101829553846,11.777732199752656
Light Crude Oil,-10.06399804162125,0.418440822878085,0.26501373369235626,0.7649581331646172,11.485923334682784
Light Crude Oil,-7.705888566632464,0.4002242217340645,0.17480777395265473,0.8926345405721133,11.013062808501733
Light Crude Oil,-10.573094408486591,0.32579460582281694,0.4075103453808939,0.665869548533994,11.619435397400402
Light Crude Oil,-9.191042053903967,0.6012942884669782,0.28204701660240794,0.9344053778832626,12.200640861081343
Light Crude Oil,-7.725858279650015,0.5805239857904407,0.2963552679741962,0.6413029013979537,12.497945892849831
Light Crude Oil,-8.387881522551272,0.4427413951873473,0.3166338865950656,0.8236204978259596,15.104921608604519
Light Crude Oil,-7.974756815580695,0.6862759686380282,0.23706257887935442,0.7701882252059293,14.007779262871908
Light Crude Oil,-10.075599999566395,0.4514409887954991,0.473790476183525,0.602490114421306,9.988304951016435
Light Crude Oil,-7.166422111632587,0.6196763224980438,0.34321202439837695,0.6954289245354172,11.342213241592527
Light Crude Oil,-8.661661351429139,0.6579806957401549,0.3238566126142076,0.9166959267246966,10.653087021539655
Light Crude Oil,-9.023616905193924,0.4626941332336084,0.1914858456837667,0.6846916266990344,12.62599395249066
Light Crude Oil,-8.370923784057563,0.7170452178944556,0.34644674697235595,0.8150136803679615,12.099141369448464
Light Crude Oil,-6.986333279456885,0.739844928558807,0.35310851309759494,0.6007340984548418,11.176792465834247
Light Crude Oil,-8.661678836153806,0.5456498035250645,0.3698425134384372,0.7460197681230041,12.010477374383909
Light Crude Oil,-9.763438129442553,0.540113826126423,0.4854987357480657,0.8019928605427754,12.802055924454297
Light Crude Oil,-7.764519691412699,0.46289359710991473,0.24917348539166795,0.6252214895634017,11.812070065845843
Light Crude Oil,-9.506407076050897,0.6208274740652139,0.2524676582317811,0.6197278283775083,14.913865768245948
Light Crude Oil,-9.541650277297613,0.5153528457250351,0.34513228247434113,0.5863306881079184,13.853225654254604
Light Crude Oil,-8.235457151506527,0.6558384011880781,0.23207780627818994,0.709912579247616,12.059033632491293
Light Crude Oil,-8.683333806779974,0.3545385251422839,0.3110836378692222,0.5573536088576254,12.537501106795382
Light Crude Oil,-11.554378949422224,0.31484131657094133,0.38185487164399984,0.6453161544805217,10.518212889551638
Light Crude Oil,-7.474985254709343,0.5327626217328415,0.3872090195533784,0.6833757927679169,16.019443040850003
Light Crude Oil,-9.725416632671754,0.6744495549359888,0.2938633959900087,0.5345489605087254,12.724273118622163
Light Crude Oil,-8.622284926253803,0.394867818576077,0.2077780722865285,0.6975302356915007,12.524621722871972
Light Crude Oil,-11.96479593945528,0.6053121452523803,0.25055020261850225,0.5668252515601824,13.411599827177897
Light Crude Oil,-9.028341575302148,0.6216165776782254,0.34379522629797554,0.6998485497051954,11.770905082529765
Light Crude Oil,-8.420744687332634,0.45864687411906696,0.21474274112535002,0.7609909122654643,11.783268237833356
Light Crude Oil,-8.959718822317193,0.6089379836154608,0.2886123392264259,0.701503392554179,11.100525732823602
Light Crude Oil,-8.48311207922178,0.5349827912680089,0.39007751317905576,0.6420871162993124,11.313274545614721
Light Crude Oil,-8.049435121025438,0.5252213003362863,0.20937818738073052,0.8306554067734501,9.452324147399624
Light Crude Oil,-8.058858296083498,0.37347879640018034,0.4885788516485527,0.5455400273094376,13.728375977809122
Light Crude Oil,-9.097961232013493,0.46333974301612557,0.3185396656467761,0.7631900339157812,10.643399246503696
Light Crude Oil,-9.978945270202287,0.5649604865112886,0.12926570463504,0.6415770906807914,16.56103043123916
Light Crude Oil,-10.161615557507137,0.6147802791759752,0.24140492312861878,0.7509045144797144,12.981533535894327
Light Crude Oil,-7.645251917780463,0.47997461731872243,0.4988884638754853,0.641066343541482,12.35133062039934
Light Crude Oil,-8.705667681338872,0.3878031880050585,0.27141277450208795,0.7161513499238407,11.351818435305871
Light Crude Oil,-6.070891241452159,0.41613763264004694,0.4179424468140428,0.7856459813148786,11.979206798243593
Light Crude Oil,-10.038250864622697,0.42317446796082303,0.248203270078349,0.5214258718053737,10.494801861301065
Light Crude Oil,-10.778971818436371,0.6345875003177717,0.36184623923882187,0.778597409886546,12.883247927312922
Light Crude Oil,-8.799638851999005,0.6460680332129137,0.23892373442682627,0.7106669655367045,13.120588241736185
Light Crude Oil,-10.585451078227354,0.8096588896142549,0.3028565762777586,0.7141989450575592,13.885317047512382
Light Crude Oil,-7.902053600387731,0.5038078019396459,0.3130129438098042,0.5495851469052021,11.165301333225036
Light Crude Oil,-8.379347740609248,0.5443892839042886,0.42211657500040867,0.6879498941776675,9.9190702298537
Light Crude Oil,-7.7319234830691865,0.6436089346182016,0.3898244572856229,0.6836366329142508,13.566579077814868
Light Crude Oil,-4.885307426390144,0.5115152314440475,0.16882633077548748,0.6413714950447847,12.938214000456076
Light Crude Oil,-10.925765173077675,0.516940307491207,0.33803366503158827,0.8535121739812651,13.96529228408145
Light Crude Oil,-7.962498249897875,0.28373209894854706,0.3921053128047925,0.7705513386060246,12.38391656561752
Light Crude Oil,-11.076266551374582,0.422322609081294,0.18331772304659336,0.4984991560492909,11.995627272877808
Light Crude Oil,-9.957386545731335,0.7625305580268912,0.28312280605620904,0.8293753155865959,9.646351462960164
Light Crude Oil,-9.636107503205844,0.5096897876034314,0.20918460513923295,0.6577799315195255,11.673073640634692
Light Crude Oil,-9.280689582533872,0.6855118573035346,0.337822628543151,0.7479510562941303,12.809482161517606
Light Crude Oil,-8.264848347195464,0.4917113016125135,0.2679253628521154,0.7166816059518277,13.73520592337021
Light Crude Oil,-7.64851417387634,0.4759601524311589,0.37678436946681115,0.6805415336960332,12.050805824152865
Light Crude Oil,-9.568228057865037,0.48183548610937665,0.43413300695496804,0.7092421147339236,12.202923762828476
Light Crude Oil,-10.73666133510955,0.46907560923672703,0.2758685096255271,0.6170856514556594,12.032498117555345
Light Crude Oil,-9.515018748273185,0.5079995855243582,0.31215030098189345,0.6044245642177355,11.401947326275216
Light Crude Oil,-8.907150860687,0.6184299431156726,0.32567191727957406,0.6338064820082572,12.598507138865779
Light Crude Oil,-6.950941332813888,0.5916706472589018,0.354752653043562,0.7725590175482321,14.159931062142945
Light Crude Oil,-7.709247847178808,0.5566760381117658,0.4068642219590085,0.5918348903735938,9.746602121489579
Light Crude Oil,-8.811481619227404,0.5068680709650538,0.24560899464867422,0.7825852669827709,9.205704620323147
Light Crude Oil,-9.641726707269365,0.4515044455122385,0.13636982149005403,0.8494731007269304,9.961198097005015
Light Crude Oil,-9.706008068769224,0.5907979757805134,0.36460453434287315,0.5891825303515253,13.023733813890955
Light Crude Oil,-8.652258625610134,0.7333035562111467,0.34039404160683046,0.6858758178931468,10.715247064320867
Light Crude Oil,-9.893092040346685,0.4174230904531842,0.4371098813911922,0.701796991501647,12.847870685962095
Light Crude Oil,-7.182902880022936,0.26415358577925346,0.4278873764700375,0.7055396911783334,12.652572557460667
Light Crude Oil,-9.9940838660979,0.42448756015514816,0.34888458898129876,0.9384597800331469,13.504969969222351
Light Crude Oil,-7.4813724942977515,0.480799872973858,0.23997957754143717,0.6219195048421006,11.267589412954967
Light Crude Oil,-11.463338919804631,0.4275080657108398,0.24396468439401567,0.6824641825605159,12.197625164620938
Light Crude Oil,-8.565058957649267,0.498507462755704,0.2418556913657243,0.5036641356734479,11.13703708739731
Light Crude Oil,-10.166940765224407,0.5466066748278604,0.39092873966936936,0.7938571067059939,13.13542910419173
Light Crude Oil,-9.160230882542987,0.44780444345241033,0.22528972463329336,0.5492501083398249,13.487780550761787
Light Crude Oil,-9.20965324551597,0.3753659706379126,0.21735086242897653,0.6133026543567447,12.06453672752269
Light Crude Oil,-7.719038578715177,0.4652010450404417,0.07474664852163505,0.6810819664841079,11.765709149854207
Light Crude Oil,-9.269904277122626,0.4372538833524298,0.32174390807258424,0.7066141115149002,11.962754528810029
Light Crude Oil,-8.504830366268441,0.4570167176852146,0.25134143302993467,0.8380123289585399,12.839033114573153
Light Crude Oil,-8.00766472686864,0.6226104585334068,0.35259441806248,0.792838867913617,9.63098225689461
Light Crude Oil,-8.755015353604767,0.48172815381856726,0.46776840908998096,0.79276455318033,11.05433221381023
Light Crude Oil,-8.552647009764954,0.516768133344924,0.34543314331522285,0.5981157530625347,12.540024697857337
Light Crude Oil,-9.27378161914588,0.52824497640556,0.22756148348778302,0.64149368286034,13.760763030550054
Light Crude Oil,-10.261857070008194,0.4022245598957952,0.29484187427844216,0.6228109624814044,10.672457051605802
Light Crude Oil,-8.873908834550045,0.3494934143096295,0.1992037765086362,0.9054095582923644,12.689212588453513
Light Crude Oil,-9.895876022723893,0.5418215078266198,0.35673304769866293,0.7994414420090238,11.809265955814904
Light Crude Oil,-7.828202756672533,0.2961553475117827,0.19436918695242467,0.7163871401736456,12.494450299211687
Light Crude Oil,-10.09413874520237,0.5259419991263159,0.23761597513127394,0.6723040905772834,13.537160700997516
Light Crude Oil,-7.90927500373368,0.4002939672636738,0.19427485379798967,0.6588826604446684,11.959880548240612
Light Crude Oil,-9.789478186289688,0.6040642442799669,0.3347389841708555,0.7406085109874428,10.100191756582543
Light Crude Oil,-7.599251139139464,0.2179831177759309,0.38340554518493686,0.7934311737670771,11.351398219083057
Light Crude Oil,-7.472507739303092,0.49369024470456535,0.3062431703327443,0.7339528787404216,16.779862367716582
Light Crude Oil,-7.386679310300395,0.5701131200712918,0.2087195513398805,0.7143589825479492,10.78031385923042
Light Crude Oil,-8.013466983260624,0.5140466975734856,0.18754783203861045,0.7081124583418502,10.725873795425542
Light Crude Oil,-8.818540534394943,0.41409226836347435,0.30274876333608125,0.7750469861935094,11.920422012112342
Light Crude Oil,-9.469065920606866,0.5203276221057462,0.36971826207928526,0.5892816730118239,12.390984232057804
Light Crude Oil,-7.41895101717912,0.5573656963276715,0.30577541466672276,0.7639737506698895,12.678744684154024
Light Crude Oil,-8.095678669008223,0.29760683890170553,0.14465438663367344,0.8004829149483237,9.742081235757839
Light Crude Oil,-8.518153637136955,0.46479503439677083,0.2003810754404003,0.7349649757147474,12.301550255574856
Light Crude Oil,-6.467588817484347,0.43751887954641105,0.4440110120069174,0.7352422914384315,11.008467177685931
Light Crude Oil,-8.040904250979306,0.5565738504453951,0.30358432948580494,0.7266295356440623,11.104519453431703
Light Crude Oil,-9.990944550305407,0.5759442173822583,0.27760605756867257,0.6919917001750907,12.419732393916416
Light Crude Oil,-8.68165398625943,0.3570673529025935,0.42862520864548587,0.7121182151900678,11.696020105766776
Light Crude Oil,-8.482984793796303,0.5236542193614863,0.3767062689489702,0.7537983672150941,13.0767693434944
Light Crude Oil,-7.3788073131269805,0.5883624548970972,0.2839513779671437,0.5877098843923166,14.501696899506772
Light Crude Oil,-9.285268048016535,0.45268925866394777,0.12632731822355606,0.7338473105312111,12.223329905930655
Light Crude Oil,-10.818137923499377,0.5453274042133176,0.2501808079298561,0.9690315007288693,11.145958211863698
Light Crude Oil,-9.522231998637352,0.4125223775745632,0.4277876521041972,0.6627224205535246,10.912628769351755
Light Crude Oil,-8.15165398809535,0.36196470645868145,0.36251105462489475,0.8781399716600857,12.849911749252634
Light Crude Oil,-8.23452202048809,0.5870060216907484,0.47097080286755183,0.8209893960019103,12.659504583409536
Light Crude Oil,-7.915330319236799,0.41140650745348895,0.3776293590747322,0.5994444028816251,11.44946637205256
Light Crude Oil,-12.699074610171884,0.5401429659367462,0.2356127988891647,0.8111145215204463,12.585288915908103
Light Crude Oil,-7.65108492635805,0.39164034553274624,0.40383860371596325,0.9105856344363327,13.146237449897841
Light Crude Oil,-8.051581189569253,0.5169597676394935,0.24753312194346355,0.7761192372701509,9.740875634396897
Light Crude Oil,-9.50130614990498,0.32289431976628175,0.22963436226849168,0.7642045091893561,12.758090064330695
Light Crude Oil,-8.938903565357432,0.5170400994062011,0.11141353821357905,0.6627437719429085,10.977972590347186
Light Crude Oil,-9.790871628617449,0.5599578627813754,0.21394926734946892,0.6395319149872588,8.869396131435725
Light Crude Oil,-9.352947816451403,0.391216245228638,0.30792029286896433,0.6048891953257535,12.156813368323824
Light Crude Oil,-9.173622912890812,0.6672041773042321,0.3497217980453194,0.5160362127437697,10.102666733845938
Light Crude Oil,-8.9337503892092,0.4070152051607349,0.003163156976414755,0.8349546313833743,13.080336025358111
Light Crude Oil,-8.374827751809875,0.4392676954529085,0.34276767710099293,0.6295639675779118,12.307285950326536
Light Crude Oil,-10.104699871003772,0.6516288450556014,0.14297633459181552,0.823228382951083,12.058373742025996
Light Crude Oil,-9.58736039441039,0.5167002921695738,0.3733348007178181,0.8366746736694397,12.469714534700298
Light Crude Oil,-10.068835302314733,0.5055630123765789,0.4816793236662373,0.8347678085512623,13.363145217186538
Light Crude Oil,-8.045175575853136,0.5699450090606542,0.415875483450987,0.6543371214278094,9.96737090133749
Light Crude Oil,-8.917195799115527,0.41824184132223086,0.19449792446228154,0.6279721423412068,15.727970886800529
Light Crude Oil,-8.836650439108986,0.5361907836360988,0.1777637192995746,0.515624704120737,10.771421035321792
Light Crude Oil,-7.274165297749502,0.5334275466076521,0.3598595091444392,0.773856603920206,11.112975930302584
Light Crude Oil,-7.334441299231959,0.4367192400777818,0.4406232359262553,0.744230215613534,9.316432268630518
Light Crude Oil,-9.897611383920642,0.32150614671278954,0.4163282132794209,0.6975264579197599,8.65748634007533
Light Crude Oil,-8.54910374193641,0.446283573761168,0.1516194144966677,0.8677965836968696,12.160928799144868
Light Crude Oil,-9.352117682775974,0.4600575219013983,0.14867205308422277,0.569545110041589,13.927375177312625
Light Crude Oil,-9.568659443742863,0.5022067700936863,0.09556695237989248,0.5681907964204493,12.91471877981213
Light Crude Oil,-8.5467458878634,0.6753375198724315,0.43429563316312264,0.6769289027515176,12.709430347069906
Light Crude Oil,-9.379924131483689,0.7054809818638649,0.41490146960524,0.716968509085775,12.300592177314527
Light Crude Oil,-7.266179655288231,0.5579577847113847,0.4558628017070086,0.4806352073741126,12.691842392248198
Light Crude Oil,-9.618521837617662,0.6756377987627993,0.45463986871898293,0.7032835809101307,14.303446468216547
Light Crude Oil,-6.860262576008993,0.5074406671926147,0.5471933772431857,0.6968658847330277,11.678218574496137
Light Crude Oil,-7.960952893698788,0.4646209268857686,0.30853397757948936,0.8409434424050909,12.028828278325905
Light Crude Oil,-11.034021351570368,0.5367319387849196,0.23037064209476052,0.7865271157294546,13.044284573739368
Light Crude Oil,-7.234319582200174,0.5907532300792697,0.4090244283658065,0.6330903239862287,13.205979743835753
Light Crude Oil,-6.637858452767651,0.4311350091363233,0.4799738291727098,0.6450649908798669,10.72204313242504
Light Crude Oil,-8.644559467974194,0.571591041612881,0.39117501239722646,0.6038237579226797,12.651810145881436
Light Crude Oil,-9.822665485780206,0.35110777439294233,0.20712636844672153,0.6249099634044182,12.782392740528762
Light Crude Oil,-7.617343604317598,0.35267933701247334,0.3351961074208056,0.5823301814229093,12.943628113521001
Light Crude Oil,-9.747276697204498,0.3948670981976721,0.37996645153475744,0.6413077394554905,11.526054072970952
Light Crude Oil,-11.663986905067652,0.5946551361423473,0.3820908521169107,0.7005457844281313,9.708628587966361
Light Crude Oil,-7.548756985998284,0.43337366136392086,0.2546646549899412,0.9312044056359531,10.944545333836155
Light Crude Oil,-8.109348045088199,0.5562092262082617,0.3390172192880085,0.7282000542554511,12.564582842833799
Light Crude Oil,-8.673671290871352,0.4948081641223939,0.4511283124110742,0.5687339439200721,13.532187156023065
Light Crude Oil,-8.013189241574938,0.5698399121329402,0.41169794276401284,0.6907400604731606,9.196538886259686
Light Crude Oil,-9.086751191657383,0.4008805782375446,0.2268140790141936,0.5757580326167587,11.283982712334248
Light Crude Oil,-9.71594843278014,0.26224301700728975,0.37002219112822893,0.9220321858004882,12.909355790244433
Light Crude Oil,-9.243508747841073,0.49452536043237844,0.25790141319868237,0.7090041583866958,11.944487858890149
Light Crude Oil,-10.009258116477953,0.6682888388947832,0.15128457642902288,0.7718331543194246,11.848203559023702
Light Crude Oil,-6.719001821921106,0.5340864599248222,0.26400944628167516,0.6752292801565503,12.059860041779642
Light Crude Oil,-10.37134883399568,0.4233130474882088,0.12150560308081422,0.6077023101625906,12.140859722490674
Light Crude Oil,-8.639789940858575,0.3020670305003597,0.28627882969557994,0.7563409950822132,11.755631709935647
Light Crude Oil,-9.76054637493336,0.4587838854951786,0.2459236645022778,0.6363269440891942,12.260735287867272
Light Crude Oil,-6.230774126717459,0.42563000830948167,0.2681857367338573,0.6948302060624768,10.968968348462559
Light Crude Oil,-7.682117035771888,0.2629114626693561,0.2468940829621324,0.7818313736319962,11.558858537417048
Light Crude Oil,-9.98500675062035,0.5440756754438765,0.39063432353971517,0.7210635445215058,10.798169460280675
Light Crude Oil,-8.452556017017908,0.459795069972521,0.3745186881893828,0.848325888485659,8.091634866467201
Light Crude Oil,-8.866719032165241,0.3264266063052373,0.5441788585329771,0.6531875466203809,13.119559862738058
Light Crude Oil,-9.042380231513874,0.41969154192809405,0.2077946952822573,0.8585679173100759,13.433907090267466
Light Crude Oil,-6.667699095146924,0.5055453335157699,0.32879196212460005,0.6732808434344711,11.569376695327486
Light Crude Oil,-10.250264318972842,0.5084010190924352,0.22107534051138028,0.7441908922164202,12.255015328470314
Light Crude Oil,-8.654781547589133,0.6675129939690226,0.2962282050234409,0.7756727002853427,15.077264196128372
Light Crude Oil,-7.432059516845943,0.6153169698454845,0.26933117844794996,0.7229643055567796,10.022585561955088
Light Crude Oil,-8.401302718842702,0.5274460177613841,0.3023385125156181,0.802719478824286,10.188337766363405
Light Crude Oil,-7.038164578607583,0.5901764687940284,0.2929366020348026,0.6851270412182606,12.720916822872892
Light Crude Oil,-7.174978521523465,0.5101607718690011,0.3144030901979226,0.7018118477625871,14.673036169052208
Light Crude Oil,-9.442659723524429,0.4970492401380929,0.44634356542609943,0.7147010833612863,13.705588290068283
Light Crude Oil,-10.09353606828355,0.4794707478371486,0.44844340384402287,0.6323660284236454,11.773051440345439
Light Crude Oil,-8.691977722930226,0.40108454820070133,0.25861898813781026,0.711263668182564,12.070022601242941
Light Crude Oil,-7.463577574995437,0.6541457194832253,0.21439151279990884,0.7111268519167488,13.011372462637148
Light Crude Oil,-7.1803830410409635,0.5718490297317129,0.32909134015923314,0.7666542531982631,13.01065325150439
Light Crude Oil,-10.113257150741243,0.5192798792506269,0.4459160994188691,0.6792643231305995,12.194169963821166
Light Crude Oil,-9.291019739431226,0.26861405043931247,0.3020590177234679,0.7301791930652872,11.231259913678647
Light Crude Oil,-10.385564338661673,0.41193935402183507,0.3764187616135564,0.8972524773046905,14.073650011358149
Light Crude Oil,-10.613215205796662,0.5854627310550703,0.233683762419071,0.6417732937491223,11.307036603043073
Light Crude Oil,-8.152719660173483,0.5959253376449039,0.2901968928720213,0.6918929258991975,12.696395614853689
Light Crude Oil,-8.31840655257091,0.6176225706758529,0.1715628024490801,0.7020027339804029,10.397963436163234
Light Crude Oil,-9.061130734876084,0.4773824712319239,0.29532505460972974,0.6200257111889468,9.769065310188857
Light Crude Oil,-11.513325032057883,0.48688198457351595,0.2568998894167061,0.6324062335196172,13.983822694247491
Light Crude Oil,-10.031325824154374,0.6416834082138803,0.4623843744269257,0.5049099533210618,12.138572188498454
Light Crude Oil,-9.479635789003188,0.20881960552827342,0.15553587469315855,0.7774936107108474,15.028798879066896
Light Crude Oil,-7.916786228760902,0.5323632472512978,0.29786676183689126,0.8682662914648114,15.22235880293646
Light Crude Oil,-9.704211215429023,0.3000013439689709,0.09018125367287981,0.8321880992159801,11.92941218883842
Light Crude Oil,-8.780109707449538,0.3209349007043287,0.22468110872115335,0.6704519186099217,12.311757575046107
Light Crude Oil,-9.478310446696511,0.39626738016986573,0.22154330073974768,0.8208323285947232,12.36717692940525
Light Crude Oil,-8.265411831653338,0.410112618912267,0.004617651459937528,0.6476895693115503,10.700144168361755
Light Crude Oil,-8.581185277646306,0.8285723713681842,0.36951660176182555,0.9735960159383489,12.853154543009174
Light Crude Oil,-9.755863485087259,0.5347916078120883,0.4780638599477708,0.8829562596321239,11.136993947935382
Light Crude Oil,-8.696179565160842,0.35707331203288545,0.38246686246914297,0.8553354699055894,12.059699181174024
Light Crude Oil,-9.800860865232154,0.5360130951277563,0.3417459031363166,0.708114383184962,12.26807268650393
Light Crude Oil,-9.208577820563246,0.5995954928226406,0.3736227445165127,0.6016896852855851,10.484114095262107
Light Crude Oil,-9.305249300431875,0.573683712410518,0.31480574138908146,0.6356849589877345,12.392277895088744
Light Crude Oil,-9.396972623426727,0.5880486460224131,0.3333058435067047,0.6684721812547856,12.347278158069692
Light Crude Oil,-7.4219423285709585,0.44303699234536226,0.3402656981647161,0.6929539659534004,12.64047552579315
Light Crude Oil,-9.785477929914876,0.5110335433159375,0.4107823282416801,0.6062993018753892,10.005892345012377
Light Crude Oil,-10.549746677384357,0.3829337469799811,0.3595323287892664,0.5594140314134534,11.553156982884705
Light Crude Oil,-8.25805283602715,0.5416659060548593,0.26144410200375146,0.7190923731755106,12.160717994606353
Light Crude Oil,-9.269089146657823,0.478916528134542,0.5235427434756961,0.78093109039313,15.720976376268215
Light Crude Oil,-9.596355759504602,0.49150334031118526,0.16678742347233524,0.6190433197910427,14.852869722993752
Light Crude Oil,-9.626441147810107,0.691928130014446,0.17566377393201094,0.5946530965926723,11.488153168464867
Light Crude Oil,-9.076499906015014,0.592308729245013,0.3450770417186266,0.6583684742655972,11.80002629022284
Light Crude Oil,-9.38287550374164,0.408534626467427,0.21120370633983782,0.8027883891433409,9.257752608109291
Light Crude Oil,-7.059169563065935,0.4657005774397768,0.22274913936078397,0.7739759290697269,14.227824876220676
Light Crude Oil,-7.658841070075251,0.5501852049359891,0.4086863489721836,0.5283502422856133,11.217254187767777
Light Crude Oil,-10.093404072029813,0.6224638731215175,0.2616521981076113,0.7845406556782055,12.803785413732957
Light Crude Oil,-10.034768323396417,0.44130417900237157,0.4293817690814726,0.6224517351315586,12.187301415293218
Light Crude Oil,-9.939049543591734,0.46860478130841393,0.2953838056030028,0.6217133489702508,10.559329569024177
Light Crude Oil,-8.656471995867069,0.41552625912088237,0.21893424443013274,0.6060946856298028,11.883137930503022
Light Crude Oil,-7.86755803872019,0.6506528636312267,0.22740819140062213,0.9150310793331211,10.492942708939806
Light Crude Oil,-7.699741772006557,0.42783035459845575,0.21290767301299895,0.6255243843215611,11.921328450526321
Light Crude Oil,-8.304033394759667,0.5669868037904822,0.20560149846521117,0.6010340712488731,10.625041959954679
Light Crude Oil,-9.133625282862614,0.4789844395809125,0.2049824537930205,0.7269603694063244,15.393853212502977
Light Crude Oil,-9.605658554202181,0.4566488178796467,0.35596615703243684,0.6441183708263205,13.003446722577273
Light Crude Oil,-9.862251248134848,0.6832119607577302,0.33447749725922943,0.6379977050923288,11.11696245079609
Light Crude Oil,-9.616559703249642,0.6372749666248874,0.17312489923987165,0.6332058329540495,11.157509164611861
Light Crude Oil,-9.018825560108326,0.4728890307353206,0.1508772168609537,0.6600177316404532,11.850673975222547
Light Crude Oil,-9.75371740209574,0.5686775489047665,0.3919408428753647,0.6921613300270607,12.345812380276094
Light Crude Oil,-11.593267196819125,0.45788972278381684,0.40048216917579127,0.6576563416820722,10.894107485412059
Light Crude Oil,-6.2667732887628835,0.6819077190195805,0.3467574912482157,0.8138910611480047,8.661096873062883
Light Crude Oil,-9.945061728754448,0.45300421268268487,0.27640199011330535,0.6510055979026037,8.17496056272548
Light Crude Oil,-8.536770457549729,0.5543654128280607,0.4601898791589981,0.6211690735225036,10.694755263330146
Light Crude Oil,-12.215981383157363,0.4706433163409114,0.39011117810621715,0.638823213780728,15.215167227815472
Light Crude Oil,-9.307913802947429,0.5146992284288555,0.16368969194184063,0.7287220345175279,9.031020307720958
Light Crude Oil,-8.167562453984226,0.5724428176235412,0.435929142433651,0.5980031281232311,12.240843177446129
Light Crude Oil,-8.323420128736196,0.544228163833031,0.2134700724865148,0.46080181104438594,12.520440445326722
Light Crude Oil,-9.182999613971903,0.443332940703856,0.37639453637154663,0.6955080461845566,10.0212074208483
Light Crude Oil,-11.317742746915465,0.38710367348668345,0.5393012294766787,0.7722776773932772,12.282918512962517
Light Crude Oil,-9.217993112622965,0.47526070600525644,0.4167195983359095,0.6509404258096568,12.865380616026439
Light Crude Oil,-9.418113540349912,0.6940156631835063,0.37422885075783036,0.8245556814683626,11.123385337967642
Light Crude Oil,-7.730236664919094,0.46874225746053094,0.3110034823932849,0.8635047670619458,10.435837414865372
Light Crude Oil,-8.75610272243352,0.5438005258518727,0.35200043808008097,0.6549215506906534,15.129396151212122
Light Crude Oil,-10.553918262408311,0.6458885388632469,0.42150656055916386,0.8900888789603685,9.61765935193827
Light Crude Oil,-10.042597785467652,0.6491943059161641,0.11229608453696908,0.5393541098959586,11.267538319932763
Light Crude Oil,-8.769607453653279,0.6592225073648775,0.2814734085069642,0.6391760851935461,12.46708490654464
Light Crude Oil,-8.436484220046719,0.5441239822170271,0.2822013792048655,0.504491388608185,10.623576016340502
Light Crude Oil,-7.295674697679045,0.51870689379766,0.26774778808929434,0.8118168548373974,10.304825051446578
Light Crude Oil,-9.27041776045561,0.5137758405174038,0.25586224967053706,0.7100762822901598,11.718459102867353
Light Crude Oil,-10.67921165734305,0.5181477881879056,0.16716482084871323,0.7165615125096721,14.061203736225163
Light Crude Oil,-9.337227836731266,0.38285168700290134,0.2873012186795019,0.6168028891921468,12.891763503947205
Light Crude Oil,-9.177586497027423,0.6709763251664573,0.41629895956773383,0.6846919495518596,13.073413601959636
Light Crude Oil,-9.471883690995414,0.5033956885165168,0.2638565803649688,0.7766455959849708,14.149482415064368
Light Crude Oil,-8.041622151370628,0.5921936601285356,0.3923033437235729,0.755125592233471,10.291070761184598
Light Crude Oil,-6.958834176700201,0.6804410826698425,0.27661203966866316,0.6629302084783818,12.918617479373063
Light Crude Oil,-8.339024597779794,0.4798053931246981,0.17499743444123958,0.7305701190749777,12.827154807263318
Light Crude Oil,-8.129014622353443,0.5349292772354208,0.27288848516380904,0.7994002039506278,12.098772746348878
Light Crude Oil,-9.557907617237666,0.4819346617954279,0.12540309675250177,0.6817758175821461,13.032654779812002
Light Crude Oil,-8.592260373432923,0.6520664172981187,0.27370250859842954,0.7487313163053315,13.189110264458659
Light Crude Oil,-6.18857159005511,0.514476549111764,0.19558128211359763,0.7847928753355281,14.798591033952686
Light Crude Oil,-9.387058452271946,0.5841081538606416,0.422872805522892,0.8017065543970153,12.188337783710367
Light Crude Oil,-9.838168509855775,0.4918720451986414,0.34586004538776305,0.7908222524091728,12.500917571998558
Light Crude Oil,-9.455889559848693,0.5555379656149769,0.386008506774282,0.737961005641448,10.745719328192513
Light Crude Oil,-9.217687241660627,0.5947820776412467,0.1616982191255526,0.490682197760884,14.262124275216031
Light Crude Oil,-8.386301693973744,0.5606730002520106,0.19231830263729438,0.7737528063466538,12.412873031352547
Light Crude Oil,-10.901193093418076,0.6424283414273857,0.3158683323618729,0.660391603392073,11.433015381022173
Light Crude Oil,-11.418266286518852,0.5593336599631363,0.3261857207245725,0.6805919867666904,13.917727811177508
Light Crude Oil,-10.660630822795016,0.4403227523632385,0.2149991745239614,0.6721205020228447,12.101205037885835
Light Crude Oil,-8.483983771426374,0.4653026546894883,0.2122644264845106,0.8686006949770444,15.617460287682853
Light Crude Oil,-8.82805599374157,0.4243219632979133,0.4475454131042294,0.5553242893671534,11.497840012942758
Light Crude Oil,-9.835340461615562,0.3840464449549511,0.27199757670782304,0.6135827920826035,12.018981696222982
Light Crude Oil,-8.967387398793043,0.43786682764780205,0.26294866434061304,0.6769151032096289,13.214769091679141
Light Crude Oil,-9.178115281277023,0.5824701740786098,0.35858129835546554,0.7571530696900741,14.08176895551896
Light Crude Oil,-10.343269055695092,0.45268168936928865,0.4763298800299569,0.6742683499410732,7.777314465141226
Light Crude Oil,-9.243562011777463,0.5134939530163249,0.038288688256878894,0.8333935639887948,10.929431304201596
Light Crude Oil,-8.605724261774983,0.4774018454655938,0.17116485807959583,0.592949186536458,10.59737574535868
Light Crude Oil,-7.6971937089796345,0.4852461811899848,0.24781344834482533,0.6065391087409768,13.794225332289189
Light Crude Oil,-7.242958472971695,0.618474389870668,0.34924373391541663,0.7289830041870711,10.176093273036148
Light Crude Oil,-9.29498295205327,0.43161397966535636,0.117448789101529,0.8057043419165365,10.956255080411587
Light Crude Oil,-7.564869711077631,0.5881746400760012,0.3556717976633419,0.7612884071763183,11.077029176889438
Light Crude Oil,-6.7705798184512025,0.5043125430953049,0.33019316851187036,0.635092366643336,10.60325210883456
Light Crude Oil,-8.427244789428691,0.5217513495938786,0.22106476340974227,0.5561573281224595,10.09511536900868
Light Crude Oil,-7.564639539490671,0.43867461853499284,0.2661091454324166,0.8450340258759061,10.316774157770379
Light Crude Oil,-9.872393790860468,0.4231233171439307,0.46180684811660394,0.8993383500582414,13.127344838103257
Light Crude Oil,-8.059938331014912,0.4419644997147269,0.4947328486904283,0.7267696254358661,13.27966539667461
Light Crude Oil,-9.126629926525146,0.47319674126723893,0.46630422595961174,0.7539723679738307,14.177063191605573
Light Crude Oil,-8.693606193905946,0.4151633463576909,0.24166570671215118,0.7102965242464611,11.06024967593501
Light Crude Oil,-10.328953690353229,0.6201417031787024,0.24551299291764878,0.713819274779132,12.444200384828408
Light Crude Oil,-9.705783750384683,0.645079946630874,0.1882858238795387,0.7261625263580771,12.369176559564876
Light Crude Oil,-9.065105523436978,0.37030873867280173,0.3870817551863464,0.7743510670334596,10.986647207113176
Light Crude Oil,-8.151015351353566,0.5374907686300776,0.17193878546388916,0.6146071085428642,13.70742216733437
Light Crude Oil,-8.62870057782954,0.44356970541893737,0.2141524108827358,0.6484606201884578,11.333280705183443
Light Crude Oil,-10.015155639155102,0.3258235887616698,0.41400132864007855,0.7970633672611442,10.09011682228971
Light Crude Oil,-8.8364264453236,0.40977617972852337,0.27384327767734645,0.6655233420126343,11.358248676423191
Light Crude Oil,-6.596463499108457,0.45596743153238095,0.21917361749330752,0.6237418570502952,13.565665434602632
Light Crude Oil,-10.982522798031521,0.423737708356448,0.4446822840111534,0.7243986187997646,12.28788300755417
Light Crude Oil,-6.441424247827558,0.5246347952948499,0.22918138386404174,0.6717922943123651,10.296851536454147
Light Crude Oil,-7.492875551981164,0.5574561717536716,0.4124414149970889,0.821298392854937,11.3786838286087
Light Crude Oil,-10.133703422410667,0.4948286888691954,0.21272389292114616,0.7164956875409024,13.698145321252033
Light Crude Oil,-9.201767575259,0.514999508990774,0.29061543837766335,0.7802727572437698,10.998326408567564
Light Crude Oil,-11.635735513971719,0.5470868859375381,0.39878344213079936,0.7446374244758536,11.039654256797979
Light Crude Oil,-10.362014517823283,0.5494497531780321,0.31414789529346737,0.687420737234167,14.733695014490687
Light Crude Oil,-10.136160113017597,0.6775037021127466,0.30317839048706396,0.5164429523129125,11.731196018521288
Light Crude Oil,-7.8486047080806705,0.46349449671950294,0.1525221458761605,0.6835485468203829,10.714241439162441
Light Crude Oil,-8.409822718694445,0.5773399816067611,0.19437295922518935,0.629419594488435,13.134963697660407
Light Crude Oil,-10.03061313395875,0.3917841864172005,0.1821308868203745,0.735203861295812,12.463736579276196
Light Crude Oil,-9.82085523645485,0.5005085396128234,0.45271323841551303,0.6025939843081778,9.072386086484325
Light Crude Oil,-8.453909309135556,0.48895988360984116,0.22899749131848984,0.7652080237354908,13.258837717003185
Light Crude Oil,-11.64993362385611,0.4347402090668512,0.5317516231196855,0.7583404915798191,13.014155457445725
Light Crude Oil,-7.592526865642226,0.5017068825199726,0.379668416009162,0.7718062043837202,12.808562245129139
Light Crude Oil,-9.386414364740885,0.5172058922366259,0.24116384356932216,0.7012814304566495,10.247263661851099
Light Crude Oil,-9.948748789527542,0.471768795807507,0.20562945685699238,0.6494982729254823,11.754111034866726
Light Crude Oil,-8.517285186402747,0.5949257301852909,0.2536215628621892,0.8335104617268624,13.40791661793824
Light Crude Oil,-8.39508740166727,0.5153649129296619,0.33191208418685414,0.8187051150666381,13.83536948963891
Light Crude Oil,-7.398063925939629,0.5041326831877003,0.3554967164998613,0.834354650662205,11.064425947625411
Light Crude Oil,-9.382100224461965,0.5016036663013478,0.3899598737979406,0.7915172150718622,11.653703833203098
Light Crude Oil,-10.810331345255651,0.5246183944295967,0.20816838626715986,0.5510063795359778,10.104192658899425
Light Crude Oil,-8.608342790585327,0.6361037360932807,0.30388945162362435,0.7211380654645965,13.774342408316889
Light Crude Oil,-10.853345890900265,0.5520176421600271,0.29884102156811787,0.7566057458832067,11.274774137394276
Light Crude Oil,-9.981524748511779,0.5140508904285606,0.4649191323334462,0.7860910104541462,11.238460844729863
Light Crude Oil,-10.609166443177536,0.33179327163022143,0.43160994518504814,0.6044917711864172,11.511729880507595
Light Crude Oil,-7.414546648706908,0.3386098544521008,0.4492264509475059,0.6746359546107498,10.277125027141892
Light Crude Oil,-9.296821112578696,0.4277403218598522,0.34408197989057154,0.6351867566112221,9.132536683621435
Light Crude Oil,-9.264675041290788,0.3643454947713461,0.32043198839883197,0.5812869667716675,11.267980795241872
Light Crude Oil,-8.780894634942797,0.47875412749657303,0.32504302830010445,0.7680287165717756,10.263099450403042
Light Crude Oil,-9.07727704874965,0.16704962024918707,0.3247333301682524,0.6699185869625157,10.524825354783044
Light Crude Oil,-8.621136693244171,0.6172697577185067,0.2523982252401057,0.605518550975828,12.247537893658068
Light Crude Oil,-10.602727999975633,0.43396186294644606,0.42224021616505025,0.7062179229812288,9.18079955408075
Light Crude Oil,-11.156389976735282,0.5162085692646775,0.38623905759176874,0.5382378541373849,12.674568911244762
Light Crude Oil,-7.403587791012337,0.6887858987958638,0.33312227598598765,0.7506802594552474,8.800223358557783
Light Crude Oil,-6.480296942404813,0.44245097869038785,0.20665288415749586,0.6744793865560375,14.267510121278146
Light Crude Oil,-6.350344742947742,0.5125408679475845,0.39980841726036553,0.7043204048685503,10.443306790472723
Light Crude Oil,-7.2279075950540514,0.4377872519643611,0.45355307733718825,0.8298541329769084,12.921054395935812
Light Crude Oil,-6.805230292494777,0.7232346033185738,0.28247566370356886,0.6191205881583568,9.203595244115292
Light Crude Oil,-6.3063812934836925,0.45603179910815506,0.41350368571017393,0.6258744632490516,14.307398461368052
Light Crude Oil,-9.840141110178497,0.3808280866382657,0.27914935690462495,0.6468224299038362,12.894449678191819
Light Crude Oil,-9.061673912631028,0.5627702394551921,0.2708978526914706,0.6334892628981195,11.12465917815589
Light Crude Oil,-6.5460734423627684,0.5225170932226936,0.10162377905469552,0.6479790986545918,12.145299048713813
Light Crude Oil,-6.785520382499546,0.60286987158899,0.20782821635180848,0.941835575357245,11.953259452797784
Light Crude Oil,-7.504404226710067,0.38449915026000975,0.060183690474910206,0.5591568509631639,7.124499785706441
Light Crude Oil,-6.46549280729651,0.5214532918886416,0.20753559815519684,0.745262402998012,12.284001054270249
Light Crude Oil,-8.25487992526321,0.6209531401136269,0.2710078846974985,0.6120160693899013,13.241662821557876
Light Crude Oil,-8.037200666538642,0.5100735808121345,0.5177554188680773,0.6562177877138348,10.650213042547097
Light Crude Oil,-8.498290286992079,0.43250621430865016,0.34955165241448954,0.6166991744160559,11.399636575602171
Light Crude Oil,-6.730991495953002,0.45944126432523213,0.22011484559827035,0.81706787887065,10.423437074569959
Light Crude Oil,-9.831531876176482,0.5576561120508995,0.39384114238732915,0.8220476391081074,10.879167251669273
Light Crude Oil,-8.284789592416656,0.45338918004558204,0.23943443664893674,0.8203212782292285,11.17566840621062
Light Crude Oil,-8.666154484774824,0.5155579469230639,0.19292456236614972,0.796609285535632,12.84042134051843
Light Crude Oil,-11.383548734244505,0.5277421111237344,0.22270265658333788,0.8097075306412628,9.831900244828862
Light Crude Oil,-9.427772362355453,0.5362024550988466,0.3054340294141875,0.7762958256713971,9.722367020986066
Light Crude Oil,-7.017702795759146,0.5525144658788271,0.4359718213000896,0.7874240169233241,11.982584828317435
Light Crude Oil,-10.541037853093393,0.4436446818751299,0.45895633328625773,0.8385437781656382,11.070600029844465
Light Crude Oil,-12.381965143442615,0.4787310265694881,0.27122971118708833,0.6750227387959616,12.792808802747102
Light Crude Oil,-7.948544904814004,0.5990299547099525,0.3445709140135367,0.5199229298077364,11.488200400960057
Light Crude Oil,-6.235092259740973,0.5374216734802478,0.3367819568443865,0.7359485939773858,12.623069433758985
Light Crude Oil,-11.859734617303108,0.47604756830889317,0.296210716820531,0.8281495399253412,12.071509341933444
Light Crude Oil,-10.97581366392233,0.5430089156171752,0.21961753517572546,0.5783214358918581,10.748761429925128
Light Crude Oil,-8.348994924402582,0.6258761239760068,0.3482929945177587,0.7632023223617022,12.709567909257002
Light Crude Oil,-8.878407387767439,0.5696930634962758,0.058122453293057874,0.7111088351304833,10.432612448066623
Light Crude Oil,-7.604516912947033,0.48528446947831394,0.303094808826783,0.5494928125746196,13.525246333519277
Light Crude Oil,-8.24720625567143,0.5556947882340503,0.21869771478311775,0.622636015506187,12.335399181668858
Light Crude Oil,-9.833398092297662,0.5434892962677339,0.08390873972332777,0.6512455443593407,14.695130198139736
Light Crude Oil,-8.472617006405082,0.5166793664530993,0.49852265356713565,0.4664046381198564,10.777033327817838
Light Crude Oil,-9.481407806096867,0.585835123300539,0.38756563632282365,0.6133993291017373,13.496931483213825
Light Crude Oil,-9.483977720786049,0.6211639625649167,0.1967357301877942,0.6876688400933839,11.26474902693516
Light Crude Oil,-7.732763554121144,0.4477218783433829,0.2957551470988244,0.7506811397663049,12.81788772453918
Light Crude Oil,-7.935656871032194,0.5211124776844667,0.25817510847201686,0.6650301254641249,12.038508472811419
Light Crude Oil,-8.70048902871074,0.48528283521515636,0.3019203420965547,0.5482746139427894,13.001032926682017
Light Crude Oil,-8.782665253332684,0.6001870413541088,0.3000160507407085,0.5261602421478213,11.462330716039988
Light Crude Oil,-9.2399159077421,0.5742903305433599,0.09297264554866047,0.7041179516948934,12.770512823689959
Light Crude Oil,-9.793785462337823,0.5074628009816847,0.23729634908501548,0.6270427066779609,11.387370224803025
Light Crude Oil,-9.852830390960413,0.5683618311936333,0.22650481231646222,0.6097089992952072,14.6518930002593
Light Crude Oil,-7.847111985811158,0.31384866393407995,0.22352317101474664,0.7242462971722711,12.485632600847241
Light Crude Oil,-10.788591438884271,0.6158565492822322,0.3825224419181626,0.7481901632040339,14.035092736068181
Light Crude Oil,-8.457252008914898,0.5448580879251848,0.45576792718222425,0.8101219580727709,10.737738811632703
Light Crude Oil,-8.240165785593701,0.4335732135041418,0.3504154550950278,0.7476613507019814,9.92479903131602
Light Crude Oil,-9.146214733573242,0.5265257023580402,0.2563709809005843,0.7314709942390759,13.208846665501603
Light Crude Oil,-9.036711677076907,0.5224599476708259,0.4383424078555975,0.7473196583225226,12.301236434511711
Light Crude Oil,-10.149695255569632,0.5671026011388849,0.33301499493919384,0.8283739433701408,12.070317814954967
Light Crude Oil,-11.179519800160795,0.3299879131171738,0.37356807637597333,0.6429806402301846,12.655151626665745
Light Crude Oil,-8.862920826597172,0.4833160332306079,0.29036387144117765,0.6134610494954773,11.976333466650495
Light Crude Oil,-9.701392119353278,0.4627743479874295,0.2676350955290839,0.6773306730101281,13.38326018476063
Light Crude Oil,-9.155748995045633,0.6023702336590099,0.4537854951326482,0.7854944651056149,12.801702802602767
Light Crude Oil,-8.607801348619775,0.586535870905007,0.30893607385962396,0.7984569845957198,12.921158707934527
Light Crude Oil,-9.431808552936465,0.5895850880102806,0.3091480005977568,0.6893867992387683,11.285701259401518
Light Crude Oil,-8.800777382550514,0.5996462615412984,0.38889400055930373,0.7353393797458956,12.899465461087553
Light Crude Oil,-7.473963850172931,0.4850033708829139,0.18845799964697937,0.8301129852178573,11.205332621953922
Light Crude Oil,-9.828405748012685,0.32038022446654485,0.35712830531642964,0.5378547375447779,10.874611788462396
Light Crude Oil,-8.29411584658193,0.5721921252408372,0.23482958517817662,0.6865846673007594,10.69110821039077
Light Crude Oil,-9.65807614537342,0.5266215260152907,0.24983533212035422,0.675578495982433,9.802939977573649
Light Crude Oil,-7.640452602232635,0.5510066593171066,0.37929053718372013,0.8290425324616862,10.762180686681425
Light Crude Oil,-9.430073379633628,0.3105165632417789,0.6140422910102237,0.6850414684682623,13.558091849872369
Light Crude Oil,-10.48579337320255,0.599638842564301,0.48575908766496656,0.6939719250972018,10.483677755115599
Light Crude Oil,-9.166555681134643,0.27732384750427735,0.2962113298978158,0.7820967139312995,11.946363533439728
Light Crude Oil,-9.340967465626761,0.5527568116112033,0.3604024846949552,0.5340094437494817,12.133234443418182
Light Crude Oil,-6.0768178509249084,0.3664983754351976,0.29145811671669336,0.8941746122051702,13.656262734815513
Light Crude Oil,-9.616076016931274,0.5206135379622604,0.2997888320015176,0.6251928195678332,11.888621838760377
Light Crude Oil,-9.335959359367834,0.511274893807675,0.22516168193089664,0.5723381799755338,11.938078839911444
Light Crude Oil,-6.941858138185464,0.5082202926262797,0.2668406221068454,0.7754085805038498,11.762520581106932
Light Crude Oil,-6.758360490049069,0.49960874907049213,0.3700497063158163,0.6245395617606727,12.754633880004993
Light Crude Oil,-8.669887827667495,0.4943493875340792,0.24982422388302797,0.6361969834347625,12.423528995969479
Light Crude Oil,-8.245273068364233,0.48728372037058687,0.32872679291207924,0.696208532186723,12.147789037358082
Light Crude Oil,-9.24053397921267,0.5017972579368308,0.5698040456817426,0.7311634298807425,12.967945437646565
Light Crude Oil,-8.474371673606283,0.47371831767029404,0.4293989213291668,0.6708836229573658,13.582581823413827
Light Crude Oil,-9.40104839767974,0.4040027480855959,0.33653962082361927,0.5895331643897893,12.803460337524914
Light Crude Oil,-10.43299038730958,0.4680991969527147,0.15682703034752582,0.982416700940273,9.519060660575528
Light Crude Oil,-8.988223511524314,0.6143304274330014,0.4036385908587025,0.7851342122173137,11.524157417667787
Light Crude Oil,-7.378693264395598,0.5913391090802183,0.3212299617660476,0.7240580757726591,11.54411602857694
Light Crude Oil,-10.091582430999646,0.6237150975478717,0.4312207993601532,0.6115890858970078,11.769322252280713
Diesel,-6.143423216458929,0.1983672048129845,0.6064294878587582,0.49468614616461803,7.103339229815908
Diesel,-6.84634699151266,0.26183098710714875,0.5537355258118701,0.2736964646422934,7.417844069480156
Diesel,-6.330052735244001,0.27774813638628826,0.6924826212376737,0.5147520616632243,8.983968370816143
Diesel,-5.053756328384686,0.1655958936709841,0.5801397844646515,0.30100846869764514,7.74741436335556
Diesel,-5.315895009065259,0.20672916424061236,0.7311480818960295,0.2858584207772781,8.600286020837888
Diesel,-7.248302801869318,0.20470882345868213,0.6740333422556478,0.37854974331757807,8.661351924904347
Diesel,-6.959732334832934,0.11681550109018086,0.6557029622487803,0.5744010234075733,6.80474607179613
Diesel,-4.777805819893205,0.20217117044082056,0.4664308478306924,0.28684946986478377,8.01894172803278
Diesel,-6.404462287924104,0.13435435116208805,0.43059607187745946,0.3153280672073494,8.232570809997341
Diesel,-6.006400752603138,0.1749381021249961,0.6201887194291482,0.5040026719862688,8.472951812520977
Diesel,-6.12130867138958,0.24640360033303446,0.5040149697783705,0.37750804604446486,7.758694477279558
Diesel,-7.2369532584428455,0.17900629188578213,0.3925040319104697,0.5912178047662954,6.875103453876425
Diesel,-4.413885868578689,0.20190422528597463,0.6564864132155959,0.35112002016490684,8.24951563035401
Diesel,-5.349510360011564,0.23322762071970912,0.6774773390074357,0.3631667289960824,7.423568393010374
Diesel,-7.594176325267604,0.22616095055884686,0.7082378711323443,0.561598167991793,8.36620716149661
Diesel,-6.766479772908569,0.11514519283552724,0.704166673308335,0.22037234332224645,7.59127510670748
Diesel,-6.2243068279436455,0.19652724310744904,0.603580260003584,0.4138147556367576,5.101564085505765
Diesel,-5.985344090129873,0.08852122129440615,0.6732218073090994,0.34448748441963883,5.41155592973198
Diesel,-6.8142046773853755,0.17149623304076733,0.7190699617555004,0.41966377417502454,8.413333933220697
Diesel,-4.818778365779399,0.19519278560377554,0.6754187961032403,0.4683861113931992,6.456236607716705
Diesel,-4.5270164223701705,0.12898491099646528,0.6917366649477847,0.24829269630943673,8.721484145782007
Diesel,-4.138085121849827,0.18935106717248945,0.5743644357146853,0.46104399993168493,7.604724252844949
Diesel,-4.181721296257178,0.2096096124729348,0.5679830491779274,0.3459714472104317,6.880461835792375
Diesel,-6.627754986757489,0.18246633031707019,0.551236092650142,0.33418247258628964,10.518609476422927
Diesel,-7.03009507648949,0.20733162938230876,0.6592521009760872,0.46301079955837326,7.929671509061033
Diesel,-6.24070257184731,0.22257737456197535,0.6266521649978201,0.3741041165232487,6.125745713930684
Diesel,-6.467923722333247,0.14267249181462713,0.5332840449933673,0.403322323851696,8.430483372795939
Diesel,-4.219547248707594,0.17312968105480933,0.677462563527515,0.43059600244378365,9.555197204767747
Diesel,-5.423771280404374,0.1495759286356842,0.42769539707087684,0.4311261699667505,7.365858802519531
Diesel,-6.980313745950597,0.13662111477334613,0.6160975497587156,0.5507707699313366,7.50959318515275
Diesel,-5.409729688924678,0.1948866824891204,0.4710617910896607,0.4734811343510418,6.686369547167154
Diesel,-5.978373369406436,0.18292397924973475,0.6893077434565692,0.29418490075293136,8.469043889362352
Diesel,-6.839797407348701,0.17444473938356075,0.23647997724598974,0.6092098571617909,8.660668319391478
Diesel,-6.767347485938164,0.14376721558335032,0.5504351247120659,0.4716879534819452,5.729498089298089
Diesel,-6.141584419294338,0.2885320936231337,0.48660536640321955,0.40803850387636553,10.643971778309309
Diesel,-5.367848370309227,0.20629619102427277,0.6506636454909003,0.3599134664990298,9.559557542364129
Diesel,-6.399330022900212,0.10204091956320116,0.560869689605954,0.3033265470123297,7.662567185363085
Diesel,-6.259084059080631,0.2598711599902454,0.6695292726664386,0.42632654875753967,7.996465506400886
Diesel,-7.058858008857994,0.09094123811671613,0.6113160011392783,0.4794641203573659,7.869999340106493
Diesel,-6.534854322786701,0.22322510826071063,0.5916667799375652,0.5685744191973962,9.47927401048194
Diesel,-5.04049194297667,0.2378867057104952,0.4709832585548543,0.46629937020525997,8.45159114917589
Diesel,-5.393575271608837,0.22463047434065264,0.6452762587848065,0.6700866469549596,7.908577196057697
Diesel,-5.063662619170669,0.17645050948679986,0.6790641583887672,0.4939319890232456,8.437311292562418
Diesel,-4.3307530576235,0.1557861981819791,0.5512779058331777,0.421238008602349,9.056968224181066
Diesel,-5.820570478705067,0.26428795182552833,0.533831012903368,0.28594215105114457,8.369754003843806
Diesel,-6.077180276113697,0.227143186017911,0.5972597709133496,0.3659980209376543,7.910074913931532
Diesel,-5.971151105206815,0.1847509350075835,0.5796867953676572,0.35964066630130903,9.027998143843288
Diesel,-5.8059789954942005,0.31283762360843836,0.6160704551278462,0.34491425296713385,11.204810449835678
Diesel,-5.586373622285665,0.24950623934464083,0.6592102983202491,0.4623011029297749,8.64278486162297
Diesel,-7.1020845647760655,0.2183764523780706,0.46751386961497604,0.3825637163587466,7.1292590521240555
Diesel,-5.642529814151276,0.21670631236691174,0.6481145890765186,0.42872965727490875,7.271809589856321
Diesel,-6.26100348935168,0.24601980806272425,0.70678566772944,0.2853216901373451,6.162886840984824
Diesel,-6.726889383204712,0.25226037910161253,0.7214884030183034,0.30752881195988285,8.368771224483606
Diesel,-4.165568666859913,0.2207655738620167,0.7421503285233093,0.49987265700830985,6.907761552526507
Diesel,-6.189981423497078,0.2017377239145924,0.610413338802134,0.4916328953438571,8.49042171473049
Diesel,-8.936200943778115,0.1343579863453637,0.38126190850239566,0.41753652406553343,8.288585179361313
Diesel,-5.7167750413892815,0.15205358661426918,0.6674144005119989,0.47162624964685296,6.493821119353811
Diesel,-7.466038201448872,0.19999341568865311,0.7791782273613359,0.5699742742198642,8.676085232537663
Diesel,-6.729996671580077,0.24434213297442928,0.5547575735190958,0.32324929633261895,5.427239802053607
Diesel,-5.8976178016523475,0.16850663254313125,0.6096430379528505,0.17006423037629387,8.203792007100425
Diesel,-8.431121163971628,0.2543970126634276,0.6521891234135084,0.37213352285754125,8.675263832098494
Diesel,-6.978074262663553,0.20361877578074464,0.6794774038460335,0.09057107509086104,7.463330768386972
Diesel,-6.022644130136374,0.1901853191127117,0.7457101826227405,0.28760988750771155,7.254608907865725
Diesel,-7.915869026308449,0.27551433256365726,0.5753709857391199,0.3561591111963293,7.937020781227143
Diesel,-5.3637641715696756,0.21736817017580626,0.8647884213557088,0.4453935888403775,7.441705484997103
Diesel,-6.561356737523947,0.18036205237915956,0.4498163075370162,0.40398642074915864,8.9401617274507
Diesel,-6.613363600623236,0.15963099718579443,0.7515945146294234,0.2573516843378835,5.518617948227239
Diesel,-7.152901943647382,0.12297836414378518,0.6386226064104582,0.3639295499550427,7.736375545971392
Diesel,-4.847065823025227,0.1654332569418612,0.6775089411745641,0.5511322799203203,7.453205002383608
Diesel,-5.262977144443687,0.18790910437355102,0.6924098128840789,0.2428510812423727,6.025385305849585
Diesel,-6.39126771490754,0.15555375954701148,0.5483290890570114,0.37804734175528604,8.864016238203503
Diesel,-6.407660578565935,0.15880693446884567,0.5648486623241101,0.32308547201933824,6.879193397524743
Diesel,-7.613016813576969,0.20347390581105396,0.5431294293402946,0.4966278739234672,6.263124689529271
Diesel,-6.542083555047879,0.2906453610329375,0.5060390482902151,0.37634667479038764,6.540987220609558
Diesel,-7.348427512780981,0.27736554915438394,0.6171039492637147,0.4133678838237623,5.964420517860534
Diesel,-5.641258611891697,0.2578710972996913,0.714947706082853,0.4668333229606161,6.644617306885515
Diesel,-5.686876582807009,0.2333792480238304,0.42055564149110986,0.28787204085182155,9.06578878609213
Diesel,-5.123954223328072,0.12257084831893039,0.6795021459269173,0.4095303399153618,8.937210745528581
Diesel,-6.634521323433941,0.23225917482404512,0.6843828774485624,0.36486650645442886,8.021303055407943
Diesel,-6.648521629504653,0.282581947434294,0.5879728060674234,0.3077975674822818,7.1410089033503
Diesel,-5.8732293988578865,0.2376665585889106,0.4664173154849478,0.5847660002942449,8.37041035286674
Diesel,-5.533544027030588,0.19514052280882818,0.6019258967351125,0.3851716862072597,9.221355162843153
Diesel,-6.00792858745337,0.2383525109246355,0.5566152476647428,0.4195640528312316,7.035295586912695
Diesel,-4.783471767450463,0.1583126379640442,0.5675020555738673,0.3685039587545255,7.575258334791478
Diesel,-5.277504230557063,0.18416711176316783,0.7393924530541073,0.3181524913869832,8.203252963931249
Diesel,-6.7757859893126,0.22104863912657335,0.5984050273023229,0.38449379553015217,9.426169959804229
Diesel,-6.654341871055103,0.2293257578809,0.5231040087325207,0.4112685200160374,6.565309606131866
Diesel,-6.66251714630674,0.19589284772135676,0.7814649167323078,0.41008038704597743,9.985601979040048
Diesel,-5.779676708309082,0.18064578777625306,0.7539356522600693,0.4437017622073419,7.228734087340744
Diesel,-5.529428540599703,0.1853702625046195,0.4010965803828704,0.49359731592656175,9.313920866770315
Diesel,-4.162057970007725,0.22110718460976314,0.5751276575917467,0.4834989427378586,9.019784438382688
Diesel,-4.361718816863578,0.1977686188466779,0.5834421027432405,0.32844555802414727,8.644954504070242
Diesel,-7.548261668230835,0.23880436864312823,0.6587835121865789,0.4585070202458372,8.165870283802208
Diesel,-4.4670217524689155,0.2435996732713432,0.53929228086243,0.34108209503023534,6.944391423902436
Diesel,-5.448716667224413,0.1499930539380022,0.7083392143583352,0.5322973308345543,6.945180477259458
Diesel,-6.185548534592853,0.2008310490681207,0.6883983160469668,0.5609343375609878,5.977409128557707
Diesel,-6.318180717526683,0.18669916522198265,0.4599330145113452,0.3514889980695939,8.513322733220734
Diesel,-6.278678902839557,0.12276894156962932,0.8874082698009913,0.42661778652041804,8.13403295612801
Diesel,-7.097926363067046,0.21303530809856377,0.5835786215958505,0.21114765872845934,6.715693471982701
Diesel,-5.205073982326055,0.2972008825000221,0.6367165405043045,0.5103083278293368,7.813093629700148
Diesel,-6.086546160680603,0.2545489513809733,0.7662777289179469,0.5301096693465622,6.720364309538217
Diesel,-6.066958890315246,0.21387623422381477,0.5740322036492471,0.4387857543415596,8.984692174002737
Diesel,-4.997190248044859,0.2842935076110762,0.5670558895275165,0.26359668351606863,8.429881512817344
Diesel,-4.116188968815198,0.17615120700229706,0.668684697706372,0.4695745792472643,8.229730456813531
Diesel,-5.993075278956286,0.15382853971393037,0.3718337927579422,0.28881492933359715,7.531635021065961
Diesel,-4.902577312577293,0.19484359688243122,0.5480974281081851,0.310901455804657,8.788166994211377
Diesel,-4.641642833569395,0.253171786093373,0.6606149699758469,0.25243872536170603,7.577990908587474
Diesel,-4.052695771110325,0.25609752459576124,0.44624967817652744,0.3944409476800729,8.435718119193247
Diesel,-6.7621584630262195,0.08453979892955757,0.6098824045016431,0.3212241742379561,7.0593899130983795
Diesel,-6.354680359930758,0.19331620426725943,0.5990917205904314,0.3116010101077999,7.735748564439107
Diesel,-7.757423370402755,0.21555195326840393,0.3143724586658842,0.37105099195663804,9.103023384412344
Diesel,-7.059340687274826,0.23582151018287,0.7155732712120892,0.06921000475026116,7.818364515709109
Diesel,-8.875773427628275,0.19408957772145272,0.5992828789018673,0.15174560140891616,10.309806034495839
Diesel,-5.713984192365375,0.15754882839589823,0.7465379427498519,0.22043867793576832,6.52499475977802
Diesel,-8.299455523669899,0.2900522598269667,0.6332346371472003,0.4659401789848495,8.36120148070217
Diesel,-5.426232238855415,0.20390388569479947,0.6270921342707441,0.4107603436222951,7.269689833316866
Diesel,-6.046624765214669,0.2136797286630839,0.6110549119552131,0.2522227892246683,6.386015997669909
Diesel,-4.917158566083609,0.1846502977058299,0.658472534703594,0.29078800902776036,6.2322249480241645
Diesel,-6.843596612531713,0.18887174646142935,0.5334859700715587,0.5293933523105714,8.215427961844954
Diesel,-4.151061381438142,0.22022040770357088,0.35874491820801885,0.5056041606458554,6.188538053036054
Diesel,-5.769466332788661,0.16126579711680777,0.8142711034464186,0.5439597927430135,7.10981522995789
Diesel,-6.127357668121112,0.21222990348246087,0.686341407156161,0.4029151912325013,6.77012612074296
Diesel,-6.717558639200053,0.19977591018116045,0.7234456978764691,0.4427837860536044,7.071902088061981
Diesel,-5.35162722229021,0.18065075805609201,0.6890408005186841,0.6527010418328606,7.569408354867741
Diesel,-5.198394840273629,0.16273033339811352,0.5887736232808702,0.40295622868721015,7.767579607946743
Diesel,-3.5369863112249758,0.1846703462660809,0.6586851538784868,0.20699131306765678,8.518395876043533
Diesel,-4.857945407647753,0.17362013287104747,0.3489777858959587,0.3961348231172675,8.020620620462633
Diesel,-5.275924949255696,0.3005451517706717,0.5619946349399693,0.314371187633972,6.599698638354268
Diesel,-5.801921382968401,0.2239677129409251,0.5454344605637416,0.47786827457257897,8.55846089218301
Diesel,-5.95676831035511,0.15487926396279375,0.5518135684515276,0.1570244702317455,8.28294447703764
Diesel,-5.973658711252565,0.20942394955447435,0.650431901556456,0.4385821486432223,7.867540183224758
Diesel,-5.951331956837247,0.12978417916519153,0.5416279354310574,0.40504710536834615,7.1169757089051675
Diesel,-5.1398492041274535,0.16706839595224848,0.6216305411248316,0.41165656568153364,8.895533112332492
Diesel,-5.099208825971698,0.234701630548397,0.3893993798616866,0.5194148148013127,9.832769869033518
Diesel,-6.482124284321469,0.2118323456336425,0.5109168319869217,0.2051621493267849,7.113541681349137
Diesel,-6.54013903946361,0.18225746343240923,0.5041085909994012,0.32665748331827615,7.986792414045911
Diesel,-6.770226983110142,0.2271762166275014,0.668166065139744,0.638038774616449,9.350815918548154
Diesel,-5.756896941671585,0.16898678516661608,0.6293747351673998,0.4326595959916356,7.384024293193207
Diesel,-5.216268603247123,0.13009509926590626,0.5755600164462489,0.4555858459317407,7.6548990228894835
Diesel,-6.206754403429271,0.19311070694038598,0.5164398759312254,0.5173900931574208,6.778354793692622
Diesel,-5.6818406725901145,0.2206823949141187,0.5051378098791033,0.40731042543807433,6.908441392706357
Diesel,-4.608957524944055,0.14306085315118935,0.5346102905768035,0.27757749916444197,6.370761527758938
Diesel,-4.408784709117707,0.22713873369562812,0.6140293425700544,0.33434230366530787,9.089134173256122
Diesel,-6.824222439367453,0.23968196471650516,0.5127488723394363,0.33554922981243285,8.909938863341505
Diesel,-5.136172655844232,0.22987364669483806,0.49503258842432046,0.3553273134277171,8.188278489438217
Diesel,-6.849280961910092,0.26854813800646465,0.35980530560494534,0.32212604846308474,7.388520196556202
Diesel,-8.843943664771768,0.13018854348819045,0.6625289512542069,0.40302836365529643,9.887763226451483
Diesel,-4.454773554115181,0.22165231893019735,0.6313238249000711,0.40659311085789007,4.813901578544612
Diesel,-7.394559513326075,0.20503377515494672,0.6616025708747671,0.4289669812138141,6.929042038741211
Diesel,-5.062593717530504,0.27412220143773186,0.693798960029134,0.4989599329590471,7.328929042453747
Diesel,-4.924065877299201,0.20728793196638287,0.6511555528522005,0.4365431842824709,7.854215473471506
Diesel,-6.860002475122302,0.19589316682229768,0.6986761617482823,0.35585241946870905,9.072016715129775
Diesel,-5.262929329382328,0.18505313014900848,0.7388800103619576,0.3644453328809294,9.811456235135157
Diesel,-5.565873018459028,0.19920670407732433,0.5112198619662346,0.3911739769864959,7.755488583806696
Diesel,-7.2582963852509055,0.18911922886411667,0.5196196819902914,0.4585991768978782,9.567536570873843
Diesel,-7.22691567629524,0.28561538641834616,0.587144896561487,0.3024978615061486,8.90930573624982
Diesel,-6.446454478255048,0.1959131661984253,0.5595721755787921,0.31832620681351004,8.868796438882285
Diesel,-6.286301402894187,0.1281674103910377,0.6551060124215933,0.27944176489762446,6.616087792789689
Diesel,-4.8073937950226835,0.1401830050394894,0.36835551430725094,0.4622861484961496,7.6353638846226435
Diesel,-6.217655121138116,0.18427498033249,0.6231669939018727,0.3247280758096932,9.771337849478916
Diesel,-7.476230480309399,0.22224374583385617,0.6642121003876583,0.3240348239166622,6.771518665666618
Diesel,-4.982825785829844,0.15045696229916428,0.5393336059249433,0.48873089624597466,8.041689480246829
Diesel,-7.797143667629104,0.28735295722767573,0.5469989241220033,0.3597242710093583,8.306941102791638
Diesel,-5.3749232029959275,0.29805521456457335,0.43399318505943035,0.4825952208925946,8.891611632860092
Diesel,-6.137164910874117,0.23936368474081113,0.6934274017636547,0.26180372150129955,10.099719807056996
Diesel,-7.558762253138141,0.14323418593806134,0.5738212326375903,0.5924940513187057,7.630092044295936
Diesel,-6.03193389005081,0.27160393019522816,0.5699681857434526,0.28215632870693247,7.499318197714023
Diesel,-4.629208166194223,0.20354324985275685,0.7930658259056259,0.4737934926262155,7.22622927632782
Diesel,-5.948923695534922,0.15733909409290603,0.533156696935123,0.8479084251025757,9.222349412040574
Diesel,-5.138902010993327,0.1688409842345968,0.7569584066281079,0.5099415601792937,10.257945547229324
Diesel,-4.166885851601551,0.1260455355951239,0.4890160510730092,0.2996212184536364,6.8672712280010755
Diesel,-5.67654763573961,0.17165982739520913,0.8072598540762519,0.5904679882081638,7.992246087105152
Diesel,-4.04467378385021,0.2744067313620101,0.5549293440822741,0.19907846559744385,7.738437938047125
Diesel,-6.6446221310784725,0.21032528125729152,0.6089228286874749,0.4063017658899229,8.628421689654997
Diesel,-7.212521947083679,0.2205680138784854,0.5560383846982994,0.4199982199863687,9.148891814278628
Diesel,-7.224399773221029,0.18593531736652155,0.5881465765971136,0.3485731028429359,9.079795395359548
Diesel,-6.720388358800472,0.17222998002788306,0.5290080867047935,0.5092055411438802,7.40906706510534
Diesel,-5.539954609116444,0.2987852550615037,0.5925181579649414,0.5112060680033158,10.005624900911753
Diesel,-4.972808439959586,0.199159934201113,0.6642107758998613,0.2712621406864655,7.063948210220057
Diesel,-6.604675181631919,0.31203060600871413,0.5187415485744733,0.31725232487381705,6.74729482370122
Diesel,-5.440188238069239,0.20713106963344416,0.7086758977026565,0.4671259666077355,6.343532183931119
Diesel,-6.807277770010371,0.2682664374137911,0.5796701755423195,0.5187591818018013,7.82038286250162
Diesel,-6.967656428288521,0.1848369611166647,0.5031950204450304,0.34344472375975765,8.241110847878295
Diesel,-5.48839490963098,0.1204904338372851,0.5982631992490901,0.3413384264440248,7.221902229249425
Diesel,-5.867315380866923,0.1724774063655394,0.7382137994846674,0.518806187625106,9.418193952730448
Diesel,-6.494910195490302,0.15187505825403388,0.6082029929388115,0.3849651633713733,7.269412205091962
Diesel,-7.1757344466669615,0.19792410153659643,0.5595930549747526,0.468834703703802,8.798127261825774
Diesel,-4.899200194577283,0.1370352224059981,0.6401058307693632,0.3272534293766328,6.535502947026698
Diesel,-6.42860223694871,0.2534352490067309,0.5627681646429515,0.5565454659959113,8.6586542186244
Diesel,-6.394090478980577,0.25800242144532043,0.6445396772114286,0.3067440611553295,10.230563162696619
Diesel,-5.740521176913523,0.2009398095992746,0.5144467330094383,0.5179538267607738,8.620730512833568
Diesel,-5.370761819704759,0.1746234328237116,0.6834100571910068,0.4911813593570802,7.197466113462653
Diesel,-7.4169901396809905,0.2290686529669462,0.44266530503942597,0.415201577783778,7.463305874255232
Diesel,-4.781334789211079,0.18035780546163965,0.7107272972003804,0.3485790555636974,9.199989206071534
Diesel,-3.9396584561631682,0.146597643081688,0.6292035721730908,0.6748782415910065,8.079906592283505
Diesel,-5.938211729770352,0.239424947367551,0.6041080864094754,0.22927740054294476,9.358744849806726
Diesel,-8.002948413865193,0.17916041744308292,0.7207425749156648,0.3643457571357214,7.167564209042715
Diesel,-5.120736094833439,0.15744426065828068,0.4777774280408046,0.42745139874932836,7.780492041904891
Diesel,-7.243673114188842,0.2318476269997435,0.6464487605577234,0.36402449833943684,7.650401592650065
Diesel,-5.529607257990843,0.2595180709876033,0.5717206789890675,0.4654688493008145,8.67824026050152
Diesel,-5.120692707291024,0.20196545993717327,0.5087674485933642,0.3537500846800031,8.411424158937978
Diesel,-4.181535621618407,0.1757990188401861,0.6804787443527399,0.367194354932324,8.132562507063362
Diesel,-4.4846032507364075,0.23821462907102167,0.47587007272590426,0.3427524976188409,9.50746561332963
Diesel,-5.858121957371504,0.14255799401920682,0.5181047555026279,0.4703493522711172,9.193292337461155
Diesel,-5.982144698517826,0.3237656900468051,0.6824152363455639,0.37565189303671,7.021152742280787
Diesel,-6.974884304639041,0.2167710660240185,0.5511222955086593,0.5673743753983425,9.759574163501432
Diesel,-5.3669334525027725,0.1410501913521552,0.5327781127447595,0.5255677525741101,7.324320560245877
Diesel,-4.877858266080476,0.22373019615173806,0.6051717884813187,0.3297167187064559,7.886907387770298
Diesel,-5.810352045125102,0.2516269449150561,0.5114264399366245,0.3737183157473885,8.053787758318741
Diesel,-5.337321642313835,0.15457678312386117,0.4683430207112785,0.467396515171005,6.178461062063956
Diesel,-4.715020285237832,0.1922036951258546,0.44524689177255533,0.3519579780596506,8.454948359683085
Diesel,-6.532701087554978,0.20100148744121737,0.6740078365705287,0.37978096646123805,6.875530788240639
Diesel,-6.298983997371841,0.270742006822963,0.7685064345333183,0.1980073826057725,9.309233491029772
Diesel,-5.7498522839646435,0.2461991339560075,0.544951173973237,0.2231736490498514,8.701386546376954
Diesel,-6.9409772612827165,0.13058537842575738,0.46815986175265334,0.46009137824153346,8.167342959235036
Diesel,-5.217533978125326,0.23345376272481824,0.5579066435416233,0.39295264261225443,7.386274965460952
Diesel,-6.210327772865491,0.15163726310094672,0.6390484293874334,0.5075120748981756,7.020064364214816
Diesel,-4.718730354598657,0.2056760748238971,0.6241078976405813,0.2300570480392482,5.831285228521119
Diesel,-5.855883637220318,0.2394866062316004,0.5328619556355048,0.567009390058309,8.881923169105178
Diesel,-6.908341251707985,0.20154243335267535,0.8476929133723412,0.27574359972002943,8.633923926698127
Diesel,-6.322744552723343,0.23534481454592562,0.7267273646318382,0.36137629112886327,9.34269472604861
Diesel,-3.778796605728039,0.20331373686721174,0.6784888687494185,0.34095592297967253,8.023111170837455
Diesel,-6.176675092708242,0.2398467962829298,0.7204675935756926,0.3890345150882541,9.840347414879508
Diesel,-4.469952558438371,0.24234268715899504,0.5483973468278271,0.33881711832600975,7.025142374371954
Diesel,-5.050833929761839,0.1394115896255318,0.6676837654111007,0.29188906521758873,8.988255343810367
Diesel,-5.982780417269439,0.26668192809299135,0.714145457832127,0.5435065412002111,9.752982461946935
Diesel,-5.8563691660118025,0.14206034667876977,0.4947476945002621,0.19131514706840624,6.699600999886288
Diesel,-5.931176342295351,0.1720172909587419,0.5819864395590149,0.4492715419461401,7.635121690321091
Diesel,-7.121828800412584,0.1973383166218284,0.5101509513227155,0.3729213503020937,9.611332357307605
Diesel,-6.270505304096175,0.28854787766738726,0.743163598693797,0.3420694691420957,6.666651480301069
Diesel,-6.0525541619201935,0.25766638816984444,0.5509809093771312,0.49080902982621394,9.450127986963306
Diesel,-6.7740256503626055,0.16619744558557065,0.6712662032127007,0.4151847549641571,7.176726168147585
Diesel,-6.352180448119587,0.19647402236362904,0.4435145575044539,0.47656431064826954,7.42556937327297
Diesel,-8.783716223798098,0.19880645158452737,0.5258428741106492,0.5688822192302677,7.297465974896038
Diesel,-7.0976433635786105,0.2253966334981008,0.5339552631992417,0.3220543798747768,8.611401659389287
Diesel,-7.040467307889566,0.12713631709002735,0.7725998002094336,0.4579498737600645,7.682948858006762
Diesel,-6.003477209701936,0.2252932179058078,0.697333744961342,0.3244024708684988,8.439375831158818
Diesel,-6.506704176210238,0.19055093777436882,0.6160692867464904,0.39933214269473283,8.882680277963086
Diesel,-5.512913440884406,0.12459153953139113,0.46421767929345575,0.3630283315240707,10.19435031493019
Diesel,-6.851591832501603,0.18958886451936235,0.5463653973043477,0.34459556159119203,8.213887692686066
Diesel,-4.599222723804349,0.22279841999402947,0.5196469038572907,0.6753229510803207,8.094287865153351
Diesel,-6.577220956382114,0.2706048187338795,0.5530929382056181,0.5662913654987443,6.95522865084
Diesel,-4.569969611078631,0.21005238321408473,0.7291052232702433,0.5901765708701544,6.640871251374495
Diesel,-4.724228179241678,0.12955480477872977,0.4952815644751771,0.31965905402075634,8.604363963413434
Diesel,-5.96698412306514,0.1916431957918582,0.6146235279022361,0.4591289589293473,8.801897748729623
Diesel,-4.905833164384869,0.291001740638372,0.5978637627558523,0.3478911037869084,8.736243355022227
Diesel,-7.1442548162646204,0.16606479339441943,0.6999380946392789,0.3875871625182296,6.5501690499703535
Diesel,-7.489803065365174,0.20243583396969037,0.714189653696801,0.5128545777531187,8.133056603471404
Diesel,-3.991090580903872,0.19475898170297687,0.5861432376602589,0.1432564090261,7.463164461006541
Diesel,-5.1479849650915055,0.2781980668429852,0.5169765366332715,0.4462252329293049,9.256254838787946
Diesel,-5.988791846804101,0.0858359771236385,0.6247289999574253,0.47614306240608933,6.86309252597785
Diesel,-6.254154530874387,0.1422251978935618,0.3429852451419647,0.5027004411787657,7.995501759437778
Diesel,-4.402325003295017,0.24286610959530888,0.564579023833455,0.39168193398955914,8.679412868924206
Diesel,-5.033116583244256,0.21613353153710058,0.7105593145289484,0.3703331263325529,6.803427743857176
Diesel,-6.06480925356113,0.21025924453680916,0.4798464605260713,0.2663277915853378,8.536863555768113
Diesel,-6.406356851370424,0.19170795471689991,0.5640307334299176,0.5520600901763212,9.514113392474
Diesel,-7.237353690039168,0.17336033934597767,0.6850004267969593,0.46019362371032424,7.950250445204257
Diesel,-7.137600204964235,0.16587299769232272,0.548323243245371,0.4276994331119101,10.044472585636685
Diesel,-6.686880234788128,0.148698237622238,0.5891413523172057,0.5031738980514059,6.263740439887156
Diesel,-4.546365849125053,0.19139843189421654,0.5265679997686626,0.23998107132378407,8.847824928104753
Diesel,-6.171171195241535,0.20853527413772535,0.5099188258988636,0.36809039657489767,7.416102504374314
Diesel,-6.100593105378207,0.16652238368120947,0.44658190393127783,0.6728499745296608,6.363914903194983
Diesel,-5.818540993057461,0.1113986085787979,0.40029525633820245,0.4097826491852268,8.209241105321963
Diesel,-4.738501009197616,0.2199773420507853,0.5850189281254209,0.3050399755934996,9.798814481880258
Diesel,-5.071148753949776,0.13768352611257878,0.6037963728210635,0.4144052231526497,7.585215612073197
Diesel,-5.228149514193205,0.24158665691740885,0.5809514302194894,0.37191307542023416,9.798750155201038
Diesel,-5.067161107637763,0.20361801949541924,0.43707909609199463,0.4344000106305036,8.837700157901201
Diesel,-8.754521628398372,0.2125934724159013,0.5583308013204265,0.37791457198704487,6.911142856684015
Diesel,-6.148189290403642,0.26959957880906654,0.5553601501184484,0.49655735587931843,7.032402537344468
Diesel,-5.241243807343961,0.20008279278109758,0.635202482878928,0.40071532560974876,8.76995027892945
Diesel,-8.567585117933758,0.12900873432712154,0.6417080498008645,0.19564616461037643,7.363303573223349
Diesel,-6.05434084103665,0.15859299311935518,0.5308438597306226,0.42715822001535925,9.21115394693577
Diesel,-6.958449381254808,0.1712470901906315,0.5268739026672955,0.15786202481227216,8.170054148381011
Diesel,-5.065282254171508,0.2508321603657941,0.5129233623559261,0.27483019514798573,8.025926657110022
Diesel,-5.170726313433533,0.20774252241551922,0.6289304635873761,0.5141830927736234,7.113036128923156
Diesel,-6.21997008667303,0.2817302755880601,0.5803188876902373,0.27326630340334285,7.1967726844996465
Diesel,-6.938179851221243,0.21785812928506354,0.5104052996411221,0.4271034252861245,7.11672173775122
Diesel,-8.123378538398228,0.2153309893490961,0.6148463681546888,0.4517757815708841,7.192415337001692
Diesel,-6.779544475359376,0.2200733429240773,0.751901957253098,0.4011168009506328,8.509502115256574
Diesel,-6.321587684425707,0.12281847390631577,0.6967429419154058,0.49084142390861624,8.852928830210233
Diesel,-6.181945438342419,0.22985280498692703,0.6893761797387831,0.5620158684956708,9.18623132557693
Diesel,-5.936178774966361,0.13458733722878144,0.6155658297671741,0.4256577395849308,8.850835730381965
Diesel,-4.646108140676574,0.19524247439716105,0.8100987189813111,0.22407129799594228,8.50321024695395
Diesel,-6.798520392184028,0.10463890001555987,0.5798225623700841,0.25428273015790437,7.80628652236062
Diesel,-5.965230751905543,0.25592707046679747,0.44924148652360624,0.4908445165645773,8.117696540335753
Diesel,-4.9711508463904055,0.17841244124844363,0.46677554132365545,0.2782500673784134,6.449831055599461
Diesel,-5.522185847079345,0.273846101110735,0.5435048473344779,0.4629135298257784,6.171869530237256
Diesel,-5.819678750822701,0.23342813081685634,0.45518752247231314,0.37961165310201456,8.859100568582678
Diesel,-8.933770647229476,0.26677265308508713,0.6353679375891048,0.4716727647717343,7.504736864966283
Diesel,-7.722722481565356,0.2267031478158476,0.5917409674583488,0.4032115455432321,9.305128382238744
Diesel,-5.237936126137402,0.29606187085448066,0.6153854228873499,0.3308787562208883,7.7738997837095285
Diesel,-5.584336627461394,0.25079282594964886,0.4532966048561281,0.4008537615179169,9.931449988446042
Diesel,-6.24020887100252,0.24655059274345523,0.6493117527216005,0.495586060652498,7.028287350080081
Diesel,-6.805401670065581,0.20101359460611443,0.4467778212759688,0.37302593933883427,8.3034519890188
Diesel,-4.215364393050228,0.2201359094634911,0.6625228470873102,0.5164475847050006,6.842410893325932
Diesel,-6.165082662370986,0.32127062959019465,0.5920877777615491,0.5116430748782208,9.156485452607729
Diesel,-7.478113714387689,0.21552396385029668,0.6146747472205225,0.43299587878404355,7.095065024250728
Diesel,-7.116919511912159,0.17619949999895745,0.5902205002915797,0.5184984447600316,10.180772983670728
Diesel,-4.603402153776822,0.24300926053909222,0.49956597377004097,0.3591103825010505,8.251911262895597
Diesel,-6.632439038076175,0.22886028262639754,0.6720486108254288,0.4536290062565469,9.230161525469098
Diesel,-6.904591213713074,0.2466414352046099,0.5304354549879804,0.30590640473571146,8.638539361023659
Diesel,-4.784126437801019,0.2244006743188005,0.6020804023772544,0.4310153826101507,8.163712301680736
Diesel,-7.125950896135394,0.13786899275275424,0.5921174120526544,0.4079856835769304,8.01359885404128
Diesel,-5.323898386350087,0.189226164191783,0.6562979181904856,0.38554132326735524,10.188030754443758
Diesel,-5.919286273273554,0.3170361305762839,0.6352011591090864,0.37863228294117846,6.920662428488391
Diesel,-7.442888574057694,0.15042788578019217,0.512039369083601,0.4394820020412177,7.368601554727775
Diesel,-5.8130729474455025,0.26409891811883435,0.5912191648365146,0.6079156698466804,6.589026823592962
Diesel,-6.150583548374928,0.17303435381945106,0.6936506606057008,0.1760208369633879,6.268261652986626
Diesel,-6.107346822450963,0.2775688860504747,0.6225841834037307,0.2648452545735766,6.563400088771724
Diesel,-4.327010297155047,0.16894326006018798,0.5057036627550235,0.5477372560630861,9.213316406704388
Diesel,-4.725940356733204,0.15249790598670918,0.4474894358985639,0.41331664893627057,8.402151359688396
Diesel,-5.635398196295168,0.27390919678195014,0.4266232909991751,0.4859695051297766,6.684049947023219
Diesel,-5.144264679139159,0.17625216477393113,0.5186028204109489,0.3390097293050798,6.265267759068125
Diesel,-5.959571060166533,0.16136633046697715,0.6786298230900278,0.4640056081032918,10.025788463483348
Diesel,-5.6336725164589225,0.22603388835400368,0.7400099811827814,0.3372337303973304,6.214090144612361
Diesel,-5.799905940871606,0.1288683265392798,0.845393867292539,0.5455498292078943,10.596771599961896
Diesel,-5.9375530233368705,0.2275286796850799,0.5540524568047356,0.48829248055867525,6.5413481455387315
Diesel,-8.543093189474778,0.16046446902557168,0.4544526524382684,0.5477926736159536,10.178812946096379
Diesel,-7.4029290724131105,0.264585780376062,0.695138498350077,0.24302233152811237,7.531678962882058
Diesel,-6.58016372212452,0.23739976993136,0.4771220649094986,0.3901127374340518,7.176878595260459
Diesel,-5.526658816614857,0.18916039841560356,0.5464754296059604,0.3786703424367922,10.443251399408135
Diesel,-6.416899636119389,0.14794973908581066,0.6583433569155965,0.3856475330577044,6.301719282960233
Diesel,-3.768503664797534,0.18237605272066762,0.5622130546038648,0.4159835351908098,10.076140123050607
Diesel,-7.679745326518995,0.213799292471027,0.8087272161793627,0.41287286807396484,6.517599224835824
Diesel,-6.618396852960653,0.21034412648783954,0.7330803915639862,0.366066415558394,8.991982156918917
Diesel,-7.435368827046889,0.12781408152024729,0.551719931131505,0.5438028721873263,8.082649567416523
Diesel,-5.710188804433381,0.21390397977867637,0.710920798258673,0.33897793074621463,8.82594213018588
Diesel,-6.83088266385513,0.299163632796038,0.519960889570331,0.31176106969213796,8.659603776185659
Diesel,-5.920211568567677,0.21634262031304674,0.6227313795492317,0.29096078011925613,9.93603071489538
Diesel,-5.106457794110891,0.2679474975633558,0.5471669110889575,0.4416523544715172,8.236842154681629
Diesel,-4.871997373798492,0.25801240659148095,0.6193050802958114,0.24820488681567485,10.135594264505226
Diesel,-5.444012566309861,0.1695781479304429,0.6406542138266694,0.24889064515474768,9.266423680965254
Diesel,-7.471211744279153,0.1889582753981459,0.624445444960555,0.5038839711982094,8.12785361172125
Diesel,-5.36503712638745,0.19859165457752245,0.5967814049055719,0.4085477250348298,7.773130494977151
Diesel,-7.6865702430814355,0.1615838253151686,0.6244774841111698,0.37508789965112815,7.813029101381712
Diesel,-6.323353669438715,0.1568200803634091,0.5506900539023706,0.36931682556114054,8.00617176865022
Diesel,-5.6066216555302875,0.19097248545571305,0.49703447443075804,0.2601917960081217,11.116924648850269
Diesel,-7.129815030264563,0.17406874993678087,0.6517000302513934,0.4360860609565681,8.625038831073887
Diesel,-6.442717069532176,0.21192790353197738,0.6061343664240864,0.3687868632458713,8.294491690125607
Diesel,-4.944634453249293,0.1988899888282336,0.5984452846356423,0.5068161034875984,9.153632431782576
Diesel,-4.416063559036516,0.11218848827602115,0.6905119183169389,0.46015800454021794,6.937217122696081
Diesel,-5.748412082001155,0.2525560873878999,0.51708410775146,0.4442562429022807,9.04562441087722
Diesel,-7.071019562531488,0.1928857153777426,0.6300968376642411,0.32038684944570456,6.945016161087745
Diesel,-6.1350446018627744,0.24008198584518461,0.664373400119211,0.3138587270813658,8.782601462138823
Diesel,-6.835939776166509,0.11949151010032828,0.5632856428952768,0.5122969371585736,8.787152662569648
Diesel,-6.001571807373194,0.17916472582044712,0.5610237863883568,0.4108784905860796,6.717875016985006
Diesel,-6.3481073452012975,0.18922152693201158,0.4648925541548502,0.31615517491024253,8.492608149783658
Diesel,-5.990488160059006,0.18456191044033088,0.5088572562462036,0.5576849825589217,6.994424942384818
Diesel,-5.748407192738263,0.17560654559631025,0.6036279292638335,0.44576097419403726,6.3556920929505365
Diesel,-6.006616244153488,0.25953643244899227,0.7761501893492003,0.38699860267448694,8.05001744866029
Diesel,-3.788666971398467,0.2567462140799599,0.5382715430744781,0.3381016549113877,9.147859354144723
Diesel,-7.011037130045731,0.2543863375669427,0.6334299963751008,0.4517720764027073,7.6919194358239364
Diesel,-6.62982480424641,0.27309964154341604,0.5753262719446525,0.35890649234261385,7.903835518544229
Diesel,-5.806977867282057,0.1484587436640276,0.5435128505793088,0.3381967926093942,9.014336365528218
Diesel,-6.885962567999889,0.11221160711209732,0.40329054370938455,0.2529619865324283,9.633845843417733
Diesel,-5.983793400515949,0.22506245434036015,0.653648772712133,0.40561839183923204,7.91026244401843
Diesel,-4.9554735701818595,0.207299795715632,0.7399097479263415,0.46208299452898666,7.258644471822766
Diesel,-6.497134023869936,0.16362675967728604,0.7217548021950715,0.35949490470544476,7.041832643840441
Diesel,-5.6802219588731795,0.19514164468137485,0.6294568512575164,0.5889813903893844,9.095684967114632
Diesel,-5.972989445698094,0.12957883078969956,0.5500037502791364,0.4711046102545303,6.594750752405821
Diesel,-3.859029703669646,0.20072082813177744,0.6048848393209485,0.3333354807042022,8.596085308130862
Diesel,-7.158001806522233,0.3082446294550729,0.7317351304652011,0.4984296445197046,6.331485193052229
Diesel,-5.7945867295422495,0.2604543199007002,0.6593105399357739,0.29978908953662253,7.219887493629614
Diesel,-6.4519361380059905,0.16982810827556963,0.7528778835710307,0.2078986861176744,8.787102967590604
Diesel,-7.292303374928451,0.1519374256274466,0.39902666331312825,0.34509455688411345,9.812877981847056
Diesel,-5.735175757535222,0.14008192265004515,0.7017147674379313,0.5231304263568686,8.124855777246903
Diesel,-3.9652508418474097,0.24107820623123072,0.6682652507292588,0.319662129283371,8.75287818274561
Diesel,-5.783208722395507,0.22599145013355135,0.531541438085867,0.41280988843589866,7.01976619974205
Diesel,-8.147132099966033,0.2499152284289192,0.4497611018310482,0.41071864647824163,8.399602555338848
Diesel,-5.673436984136945,0.1858460463200875,0.6271211475279973,0.4470967069785162,8.881957778902382
Diesel,-4.266558660615737,0.21170970757491028,0.6064048845017702,0.3093271034649906,8.523135588679205
Diesel,-5.332616896859431,0.19038484078591866,0.6544612504184036,0.3707483806450658,8.805191182506709
Diesel,-5.087397685970257,0.24493139333652428,0.6117844326141301,0.29600318483829485,7.265704336829815
Diesel,-5.404842676115272,0.3224406152870114,0.5659279228467918,0.445583767838814,7.332736931024717
Diesel,-6.9739670442491,0.16618420682113189,0.3917528023297328,0.5353435062907751,5.323843696502464
Diesel,-6.263828230400633,0.14109360523249728,0.5115619784637795,0.5376522659738668,8.241280388037671
Diesel,-6.965396159181701,0.17052414337517446,0.5234518779557914,0.39564543279211195,8.20747002174523
Diesel,-4.10442522677144,0.10418496170011465,0.5965187685242047,0.3684432307465478,9.135858233260139
Diesel,-5.645181881821607,0.22951811040574727,0.6345086186015082,0.3068008874716461,9.453518595791616
Diesel,-5.201495095384331,0.24577648958623716,0.7264050170507165,0.441767510065196,9.77719088494099
Diesel,-5.622360428213359,0.18904707059876957,0.5993396089516635,0.3976156231863884,7.376730413491348
Diesel,-4.36811115162978,0.2148147682751834,0.6094738475832906,0.43882742549264336,11.575825420084577
Diesel,-7.13172418859966,0.15774807441418623,0.4619428982553003,0.3767400761564514,8.294622131992833
Diesel,-6.465322518341077,0.1730136600924115,0.6142404866628132,0.3497892175170303,8.372210992619406
Diesel,-4.885765653257396,0.23385152349004032,0.6881013347165202,0.508591841150672,8.339393792142443
Diesel,-6.158641026043101,0.16138734645584024,0.5608821836364278,0.34763144673231056,8.878006791945094
Diesel,-5.653217445405804,0.23483789313571507,0.48396631438998483,0.543174948424108,7.487623554191885
Diesel,-7.100016642074663,0.17803911175890938,0.8483765992587509,0.36122831335084327,7.609884234234889
Diesel,-6.192104680629676,0.19256898082842724,0.5218523934198745,0.4143213083206131,9.290713889837996
Diesel,-5.685710684521293,0.14444173505500071,0.5655654095066291,0.34484725998983706,8.06352736188176
Diesel,-4.669548328437683,0.19255586019895585,0.5911845131129609,0.577764481881943,9.051447190005993
Diesel,-5.425918717893465,0.2979065807650888,0.6489811254794013,0.2013472858022478,8.999198909456434
Diesel,-7.59200845711865,0.2226002684291224,0.428625642587076,0.35331445896000807,7.563458564468155
Diesel,-6.7701191072317535,0.18255740014044,0.7032561720360552,0.3286047087840447,8.654169055412648
Diesel,-6.9656496396073,0.19052502118039355,0.632383926632745,0.30034715833814407,6.425935480507173
Diesel,-5.508121849421112,0.25615401996703197,0.5920934980512628,0.3542687093443296,8.186810465226063
Diesel,-5.94452008123462,0.2121451270355626,0.3471754899686285,0.2930895708834037,6.985723873475775
Diesel,-5.849132371488437,0.20929389418111333,0.6636180488684036,0.4257581749210437,6.439117915535197
Diesel,-4.55299538241494,0.2635959151711183,0.47418027099730736,0.43327052943741834,7.285490737708381
Diesel,-5.861136010799452,0.2526655139820935,0.8130104266320959,0.475127770514261,8.353921682132164
Diesel,-6.339821168308297,0.20910674355055883,0.7359771893328313,0.39552912432404147,6.93666481838282
Diesel,-7.6196898655166265,0.22565239337051254,0.6247288125627739,0.33540918267377035,9.231216950848758
Diesel,-6.42177686438763,0.19326779540876024,0.5983335866702056,0.3649047257861912,8.283038078899486
Diesel,-4.848484854066999,0.14287590509407885,0.6488520138474009,0.4172158669606441,8.184516595453648
Diesel,-5.12815543012591,0.20246487126085794,0.6480229261905702,0.47158646295711476,7.394761759543272
Diesel,-5.700816539186202,0.18746061963946842,0.5867318220280104,0.3677938603521668,8.565296484916264
Diesel,-5.918355290981746,0.21972720171583374,0.5982482637104252,0.23958789875296752,8.03764209931965
Diesel,-5.936462044843183,0.21212979685767303,0.5406270806314257,0.2804530283334488,8.749527973873134
Diesel,-6.273606556534169,0.2085622023842498,0.5718539920111704,0.3993938174226405,7.46085758247703
Diesel,-6.968083589153828,0.22368658303843286,0.539687991177388,0.4163951480894811,8.492552266282493
Diesel,-6.586812715603082,0.13980571828135077,0.8426085613853053,0.34722281240545744,8.74810059032139
Diesel,-4.0605364504298755,0.23949538734269468,0.5699557191172449,0.3932883612464889,7.000871336313382
Diesel,-5.118303573042258,0.22831353540293442,0.5485574181738256,0.2957825192901556,6.41451951480357
Diesel,-5.013485996195799,0.20601865644777803,0.621498453633275,0.31770513741376427,6.243796276034713
Diesel,-5.037386425288368,0.20210195184986154,0.6907234660057621,0.3614066873484436,7.71581858835577
Diesel,-5.286701823379368,0.23661740398252623,0.6797565622685954,0.3704798746897304,8.73745668518104
Diesel,-4.890900534523281,0.1947613994159233,0.5486511636225946,0.5342747603316766,7.214665119738432
Diesel,-5.370523502885523,0.19707888447400695,0.41584343835154397,0.512859406747858,4.690575644543158
Diesel,-7.984128066757609,0.2263665039740336,0.6527071198678115,0.3362420142122465,8.177386508363893
Diesel,-8.531430045778004,0.23534877322352998,0.6249725487053597,0.3954357146666205,8.025009778565327
Diesel,-5.506745823806968,0.19855492382510698,0.412594449726878,0.6196332234522522,9.440960983314142
Diesel,-7.284944661954828,0.1827431384761705,0.576396580984396,0.5078849566508964,5.408877277616279
Diesel,-6.499008264429789,0.11196817783312482,0.5714904484171661,0.35274991069150957,8.095632880859254
Diesel,-6.604874399009184,0.1624488304304738,0.6619656691763147,0.44546727409425807,8.66167801133389
Diesel,-6.176900090490843,0.17141307088874053,0.5881147517979229,0.45011620700684524,5.387864358833782
Diesel,-5.605888069629142,0.21545690936673992,0.6062150906085727,0.3850686578128325,4.920656736881104
Diesel,-6.439853263100406,0.2894719355538687,0.6012901295568306,0.3692710161325282,8.020287434708136
Diesel,-5.645227131371992,0.23294101223447322,0.5771119836842058,0.4424919602393684,10.011980963313631
Diesel,-4.993749200567285,0.317015010792849,0.5343229641648284,0.5676189507502015,7.051191632092886
Diesel,-5.646433853259537,0.23662382646190497,0.5489222808095527,0.4087964277474276,9.092553322942209
Diesel,-6.710270898311908,0.2834691729773824,0.4615403375272651,0.5939691442728384,9.20159136175951
Diesel,-6.089725576327779,0.17986658943816344,0.5492971737208976,0.38642043597429854,7.941804966141408
Diesel,-4.744773753365418,0.2984327050192292,0.6199379920654008,0.3154371512010596,7.345128751236567
Diesel,-6.183090784611284,0.14849389473516122,0.48210585978926207,0.6097127212373028,8.363136231135504
Diesel,-6.833133133680347,0.24083017851788566,0.4821653875193154,0.29039879521289463,7.036349118722906
Diesel,-4.345486719134967,0.1873559967110813,0.35582930130975127,0.5210065933175594,7.632342363005171
Diesel,-7.849408005878406,0.1841658256018295,0.6521003896604903,0.44040491665329695,10.158097974997784
Diesel,-6.85276786256993,0.20233600601324864,0.5300430721421578,0.2457807105812777,9.062632846767146
Diesel,-5.536730430852479,0.21418392248494264,0.6426790193258645,0.331452714731158,6.793165895218168
Diesel,-5.96235262783064,0.2580605701205807,0.7608077135453547,0.4795432706807433,8.035009312121716
Diesel,-5.730216070600064,0.2005796929662686,0.49740566603005715,0.4024647378210543,6.398207818893808
Diesel,-6.124077226103039,0.28180525552981595,0.6822859222783352,0.30768808157634703,7.913085116429261
Diesel,-6.834376311754738,0.19687431159113952,0.7041107816524563,0.4653007938309904,10.980972896894404
Diesel,-4.8075225974924285,0.21020001905388458,0.6677149974133293,0.3797556825816665,6.646994903496204
Diesel,-4.694223421712479,0.2504495738465824,0.5758945785406036,0.42739357369313385,9.489127024861768
Diesel,-5.15364857379398,0.12684493743751507,0.6243620021489824,0.3832368474511636,9.335600838966418
Diesel,-4.968957261217339,0.26593039140890223,0.4882105661279792,0.32158884659437614,9.336898923362526
Diesel,-6.591645815342446,0.12392835095428463,0.6532596487614065,0.3452781559734027,10.147748924370081
Diesel,-5.703815446011537,0.2080129643320833,0.5630756108384243,0.5590835333926971,8.430265351867785
Diesel,-6.408499518156206,0.16029581466972767,0.5926526945435782,0.30223531628451944,9.234652930014732
Diesel,-7.808342054024234,0.19302429858334647,0.6610133545087934,0.43421194201096575,7.139260432381197
Diesel,-5.339741293293451,0.15569803058070464,0.597761534350319,0.4651841571980356,8.555495335391736
Diesel,-6.675039011419468,0.2598747258282182,0.6086694571485534,0.47429954109391514,9.834921208007897
Diesel,-4.882479451225393,0.2560064703165522,0.6192679929849472,0.47939351209105097,8.256315889477179
Diesel,-7.209324467778414,0.21513718962525213,0.6256360983738465,0.45837293615218194,7.846403629743926
Diesel,-6.761455556763851,0.23282530415876138,0.4686727712747752,0.545881913585647,7.722298326554009
Diesel,-5.754471827943831,0.2279279076640786,0.6590688044844191,0.25910157000482653,8.988903896653117
Diesel,-5.696846171623727,0.16823693077206955,0.5250333049054086,0.3665946917943155,6.44150997606741
Diesel,-4.277732609012975,0.27430756625716723,0.6451700200975939,0.3776601583657909,7.763470414475125
Diesel,-5.241934293826032,0.28789134497509755,0.5429603260403256,0.2882413957376676,9.857168928314325
Diesel,-7.787138587584451,0.1495734595873677,0.5753142107489148,0.24395665321949697,9.334578875367917
Diesel,-5.1430947294949,0.17126033863923415,0.7279614119177747,0.5449292428403827,7.864195222051924
Diesel,-6.450668177568008,0.31298010138712395,0.6721161822084155,0.42563246529688537,9.636255135967534
Diesel,-5.698069364996979,0.17471897070404058,0.6080159760487553,0.5038654287319735,5.609377320380943
Diesel,-6.288030739439221,0.2691528699290803,0.5488131598906482,0.554610856043141,9.697692583231776
Diesel,-6.0655291154889515,0.17157303475554997,0.5712641125850365,0.6664614492001435,10.249309336319893
Diesel,-5.8746090281932615,0.16959232241897954,0.6117041035581263,0.4243826926616765,6.507969514868775
Diesel,-5.91995873078474,0.2661202162405865,0.4200643318783526,0.4826583965137249,9.649757564065736
Diesel,-6.560557345094368,0.28470878790955284,0.5309662937551655,0.4441082661860404,7.631872778403643
Diesel,-6.306996357162603,0.16913504651209774,0.6698575480862019,0.48488054577314493,7.922693360507374
Diesel,-7.359968213672274,0.2201585083317195,0.6422014359410694,0.3783284988613573,10.24067754461697
Diesel,-7.563929264900654,0.08913581448732161,0.5269165100302329,0.47104245340914497,6.732986435079391
Diesel,-6.980970918526076,0.24755106680890773,0.6462547922797749,0.43770609096284,8.937714703358633
Diesel,-6.425192953272885,0.18105079629709045,0.6809779272561425,0.26551132192188004,5.428736184321744
Diesel,-6.433284173627855,0.2465436644532846,0.6255559698986803,0.4857291504123016,5.580446827492201
Diesel,-5.684503191676508,0.2326932252321189,0.4649202577389315,0.4862057590546545,7.866177324193049
Diesel,-2.928663298393998,0.09113819655516323,0.7369114367674751,0.36058419034739264,6.059417942671947
Diesel,-6.526955143564992,0.2138739620668733,0.7037466669565043,0.5721964288132175,9.70627170644521
Diesel,-6.965382020704494,0.25650823461330585,0.6391284957120873,0.33453969790710125,7.745707287827023
Diesel,-6.709842659444724,0.2018546170968228,0.527034211770588,0.2972005926782561,8.574942953339326
Diesel,-5.371269451740363,0.1906201499954194,0.7367651303935973,0.3739569413504887,7.636670545849354
Diesel,-5.339511017654303,0.19337872075283316,0.6084797729026143,0.1479561529380935,8.02004886168557
Diesel,-7.82719593747126,0.1389524714500565,0.46646774612444947,0.2957416846466174,7.341375368441296
Diesel,-6.486492615545485,0.23321376021285628,0.6222387814134697,0.20989255711820143,8.09995356505617
Diesel,-5.681744753416573,0.1835716741873521,0.5939114023093297,0.4190310125397057,8.917519517162695
Diesel,-7.574879987462735,0.18778414806801758,0.7508336098057729,0.5416661308297956,9.021124313330937
Diesel,-5.463175316044324,0.28273173742010443,0.7917848001606665,0.3870920011953148,6.836681068054016
Diesel,-6.270292317624495,0.35483477568860267,0.44306436572748054,0.3529460860470583,6.304770617008843
Diesel,-5.875236137122615,0.13986544855525662,0.5891248977166382,0.2049904839981241,8.74114479810158
Diesel,-4.777654743532025,0.18080281889682706,0.5864869992924298,0.3836592769268688,8.21709281027003
Diesel,-6.038169586966428,0.23840584762153472,0.7233039133450946,0.3185928777507817,7.628805808670844
Diesel,-5.098380551075255,0.12891654759704838,0.402927871815443,0.4226315952898479,8.595615693284591
Diesel,-6.722300187953592,0.17106744729397724,0.5239807678259101,0.3133074760655566,8.83219498472552
Diesel,-7.180498486997639,0.18672385692833257,0.5094663832485147,0.25447110240987847,9.044213809696124
Diesel,-6.519825222173539,0.20942200402103786,0.44919241201989896,0.3258060546243524,8.907305456834006
Diesel,-3.41272854415469,0.10118919678048442,0.5798892204710574,0.44122805981435004,7.26067981611286
Diesel,-5.150478013005876,0.15666336646698437,0.6153847660216641,0.34779280955016406,9.463317299545727
Diesel,-6.676364503035606,0.18240631018567421,0.6945689037497155,0.29719613409071366,8.082500068116287
Diesel,-7.822534343686602,0.14560332706854626,0.6382131275890803,0.3009302490463768,7.34651248181145
Diesel,-5.506913597952062,0.1710406929426535,0.6822842073216357,0.42156627874860647,8.522819734309403
Diesel,-4.759034401261468,0.2159911531307033,0.7538847290469344,0.4911262283037824,7.371857084198652
Diesel,-4.706851924978729,0.21319330104514728,0.5605320291339496,0.42783856953208826,9.334792189268315
Diesel,-5.544954905757778,0.29111964162756987,0.7086530557898821,0.45231600334021627,6.768718300710611
Diesel,-6.179732514010121,0.20358320698754256,0.6696631501217747,0.4637333041272193,8.203448492261943
Diesel,-5.879650084622829,0.2360228447538035,0.5141413774370014,0.5695515819249857,5.543399737803835
Diesel,-4.544590517827971,0.1977407235787419,0.7002579814271593,0.4363840434292613,8.415241293092961
Diesel,-5.445745523973479,0.24045271445438893,0.567116917341276,0.5034799130526236,6.6986352517054595
Diesel,-6.005330573326125,0.24179849621361385,0.6995017579615889,0.4460788848261401,7.527929074453117
Diesel,-5.103292221631296,0.16653168804406235,0.775140907374891,0.3915329102500336,6.152449166952848
Diesel,-7.194683468016552,0.20218218184397937,0.6139825271326053,0.5969656684951096,6.753800794862928
Diesel,-5.960537800696069,0.14702892964589717,0.5507345146786596,0.5683972030069339,6.636396532212811
Diesel,-5.412957575932166,0.2196453679507196,0.5975828573641792,0.45194366231917377,6.607975541668054
Diesel,-4.343677492196442,0.29624227475617604,0.6047104697759313,0.6423106130613554,7.521166482140096
Diesel,-5.59956800614372,0.27159445318872566,0.554099553977709,0.2618450941120562,6.065939521257375
Diesel,-3.939173436097341,0.17354876746806114,0.5814263236581501,0.28872359216789456,9.138007135195027
Diesel,-6.7815598592245845,0.17543684861693393,0.629952041941616,0.29359540727544275,7.785701276582929
Diesel,-4.59779041049673,0.22141271987584318,0.6130542292428358,0.4214864709463865,7.533037884828124
Diesel,-4.003847680245075,0.15939214347329664,0.621092616196393,0.41150255663428076,9.210515008559762
Diesel,-4.89682606120636,0.19839905977564648,0.629066649311305,0.43285347539139485,5.273430013315272
Diesel,-7.588989602477776,0.16974681546390147,0.5438401323623131,0.2800717578035868,8.899499085648356
Diesel,-5.997881578982527,0.18926527263065815,0.4743844725492613,0.39554551357552115,4.847978292801666
Diesel,-6.162956310805841,0.2031591834403878,0.6241914984321498,0.24358982365207202,8.269780084029769
Diesel,-7.0414312698645425,0.1593765083853833,0.6717931385822664,0.6014113723359744,8.061630510563216
Diesel,-6.817095458640233,0.20943352237549995,0.6939029157499146,0.4620997565872736,11.291735446956496
Diesel,-6.715337569094666,0.21261157399596492,0.7548917953418204,0.5486159237018532,5.659906488170743
Diesel,-6.003357620039981,0.27422603829243497,0.8890642990399138,0.47037958837508187,7.55856404756422
Diesel,-7.00920315243739,0.31093716787654246,0.6728741586465758,0.3151933073114583,7.756212360399462
Diesel,-5.689813483171296,0.2271903326944059,0.510038134245421,0.33858095818745076,6.016478525152448
Diesel,-4.960237710395218,0.18291907666148421,0.6466321649183292,0.5422258508576328,8.263844170848735
Diesel,-6.112970475949068,0.20969607384419675,0.6063193603850227,0.5246164997877945,8.373006077046547
Diesel,-6.544401019578912,0.2523924528444875,0.7230484356358352,0.26616693731795366,9.839340661721726
Diesel,-5.6352882267915145,0.21416349750732994,0.7006624631596514,0.34330236089957217,9.144997417029108
Diesel,-6.376775469737855,0.1262524660144831,0.5002243720893066,0.4567021832903227,6.86543799200641
Diesel,-4.389923876810351,0.2594641726719822,0.7333439166032965,0.4124778579677412,8.309433940753951
Diesel,-7.1937118542442775,0.24978917550787452,0.6379833455037085,0.45673056252922606,10.025974173743458
Diesel,-6.60596298394751,0.1936929225061341,0.6326670921542168,0.30645645945412936,7.774881414467792
Diesel,-5.507050189533031,0.18372893643135846,0.7308989409729112,0.2489075438183006,9.34732548828001
Diesel,-5.338814525183995,0.17155857062217048,0.5075591431770001,0.19197173827575484,7.045789985103399
Diesel,-4.952823344997003,0.1971957136860663,0.7162980880391842,0.33801289293754483,8.848527392127876
Diesel,-6.717498602084421,0.15172124968950806,0.5892872782829324,0.33350334886800037,6.148613421155345
Diesel,-6.182314700716994,0.20532177082156444,0.7268358611496067,0.49368056771330604,9.463931839079397
Diesel,-5.279642501606491,0.21663063794749876,0.4771055093528107,0.4149872197935275,8.716152532796977
Diesel,-4.542562050629564,0.2343144270865907,0.7240383434605422,0.29680021086347613,7.608298848622286
Diesel,-5.570649286338729,0.2580476345371281,0.585477135416108,0.3917554040850847,8.824568367203575
Diesel,-7.125870827145125,0.28037022749117146,0.5120863906892315,0.2081410576440697,8.012080410227096
Diesel,-4.301541297624435,0.22932265651668052,0.6751090543003633,0.4041385762307115,7.817147003274587
Diesel,-7.544909369593116,0.0870306871047907,0.6196272338440864,0.5312549194340226,8.41296044579368
Diesel,-5.376400472947987,0.279185877281977,0.6328766851441058,0.38773448996923804,7.017770233219922
Diesel,-3.977787437027914,0.22632738895768403,0.5056398284080669,0.28288323321987635,9.503676472314694
Diesel,-7.037441696408326,0.29269170787511106,0.32435372029092885,0.5422595197789977,8.584273773394358
Diesel,-5.881405576943125,0.19122707824791185,0.7890729848594029,0.47070588584012035,6.916155669325458
Diesel,-7.718909956028881,0.20886486065736543,0.5998928866462585,0.2480131962624491,7.933527769421197
Diesel,-6.573934633074201,0.20046450341533473,0.6725923611648402,0.5492609947464036,9.090666843643145
Diesel,-6.721440749830205,0.21844575644145972,0.6063107121492024,0.26678710453690996,8.477879341630727
Diesel,-4.143327662082286,0.20162133020935022,0.4405817320274599,0.40302686711086194,6.5435453612321
Diesel,-5.136394493113713,0.22624324958625644,0.5829089946525257,0.3668835734144179,7.745318838061344
Diesel,-5.99172550565768,0.16138824893292292,0.46122469189985627,0.5138698946694649,7.53751882820365
Diesel,-5.832956895830856,0.21426409755837472,0.6322020479655214,0.2826182002901576,5.988991802537782
Diesel,-6.588692524691992,0.2197855766208477,0.5272050132525686,0.3645078646300767,10.552756896499481
Diesel,-7.845423884804536,0.1622483002044751,0.7896604068573928,0.3955401328004777,7.152817801401308
Diesel,-4.83123108298888,0.20276152182405557,0.5651691604955994,0.41923689270375114,7.2102694287406806
Diesel,-7.0174910628880784,0.1943201536182626,0.49890030399239926,0.40106933117964805,8.425287880969206
Diesel,-5.146939543948389,0.25639624927584137,0.5594263498367749,0.44994146079390696,8.591028135447628
Diesel,-5.672181284184016,0.17602702945247709,0.4971932187535889,0.450200188906656,5.95176492536834
Diesel,-6.267839432568311,0.07231844921757012,0.46635975766417365,0.31228660615525755,9.316069049155141
Diesel,-5.3118919755957315,0.1723032658078879,0.672936979512975,0.4887622963380397,7.807202181950334
Diesel,-7.38437814421369,0.1896043844966943,0.5902107594827863,0.2767545609169774,8.440456151515962
Diesel,-5.720188145697644,0.22225213499470936,0.6278923097167444,0.47298430351149834,7.784806366552362
Diesel,-5.798214892629047,0.1801129857877234,0.5415500784378049,0.5338249630762076,5.547477558168205
Diesel,-5.123240010845736,0.168972956227717,0.5249961822356879,0.42615774840654075,6.212468465178797
Diesel,-6.816023071946203,0.15754301767435042,0.5778601741814905,0.3195862311839312,9.921342422767122
Diesel,-4.202983483502046,0.09890032386259684,0.6544322704765736,0.4858663439077575,8.651582242869326
Diesel,-6.658113493091695,0.18779522189207293,0.5251725345222304,0.3579735968841172,6.5480419655993884
Diesel,-6.1147888216345505,0.12485991443474652,0.5799865445771862,0.27514183109002355,8.248179634149684
Diesel,-6.679419560942891,0.21452901739372687,0.7081580728364781,0.5589446936104708,4.966394493175412
Diesel,-6.834194093873783,0.1848456961443993,0.6460327818381483,0.23496454958454707,6.821489111839742
Diesel,-5.86964279734289,0.20424441207633337,0.6377618406420092,0.44436757268881166,8.406313319739034
Diesel,-5.806344683368508,0.2027869886663184,0.6664763089724363,0.1760677333435775,9.853200184365482
Diesel,-8.204482050880324,0.1460419091547754,0.5773239203349855,0.46726128910898423,4.40567973104046
Diesel,-6.028124323941834,0.23961975197078675,0.6994518116028476,0.33026703415025416,7.638997655653961
Diesel,-6.616148128892628,0.1803662673236958,0.49681734492715646,0.3110747837529082,8.521252306434041
Diesel,-5.868384626727258,0.2245793253795237,0.6214014389700837,0.47043386011475957,9.053856797785993
Diesel,-7.741716619866104,0.15728451747928188,0.5768624042509961,0.3977322474512659,7.19589131141836
Diesel,-5.087976329011695,0.2989974184145299,0.6186161955581734,0.40843410321982115,9.019347506125197
Diesel,-7.865839755203436,0.20142344702192053,0.6979035825467517,0.33568460027988883,6.528127304117642
Diesel,-6.185805610099778,0.19696572833990397,0.5091347718084541,0.6096161276050951,7.425564342790465
Diesel,-7.153659351426569,0.19531893404646944,0.6907860637704492,0.4017414248998231,8.582712704052803
Diesel,-6.871510594333158,0.2743844223201757,0.6561711027918443,0.504770156887761,8.438192758970203
Diesel,-5.1751159622712155,0.15634737201613863,0.5508589583310437,0.534648059555603,9.871690336740757
Diesel,-7.147065599719077,0.21248680339319062,0.5569056199514772,0.33029685306351386,8.341807634426539
Diesel,-4.859037067634592,0.2225831236642097,0.5680487550080965,0.451486117993516,7.568028591702919
Diesel,-5.587885699269398,0.2698232850227867,0.3922840340699172,0.4797252298540034,6.153134094115438
Diesel,-4.771672289455538,0.168148719506357,0.4782328622393516,0.46952692270887475,8.437004075770894
Diesel,-6.999186902961658,0.13735001214158032,0.5812518512508718,0.2795913049828804,6.7262324324916465
Diesel,-5.884379209578566,0.15170641828724518,0.6426539290026543,0.5490143595883478,7.821733502119301
Diesel,-5.869848938014416,0.30090483664177436,0.48123988826226527,0.5191235195180742,9.285029117494979
Diesel,-5.145682660826217,0.26458739253663155,0.6280574965958619,0.34170705044007327,9.313487949464681
Diesel,-4.8671577882871055,0.2552656950746644,0.6044502082319236,0.3283805486386674,8.229634704933934
Diesel,-5.0577699824321645,0.25121758949299827,0.5570323872925405,0.431537289612739,6.429466034616853
Diesel,-5.015049896994149,0.1608345621637468,0.6785255359571547,0.28506954226098385,9.23769908772081
Diesel,-5.678164809977229,0.16093211521915268,0.6691356381080525,0.34096383081946696,8.899466044934154
Diesel,-6.274111475380721,0.11394764371851686,0.5017583759519063,0.3569585291312716,9.641826828498294
Diesel,-5.098856369470775,0.2811930706161071,0.7653635216029858,0.3465249195409085,7.7738157682894045
Diesel,-6.411279924330539,0.16642446973494618,0.4158505290663541,0.39852522819831576,6.457321287546668
Diesel,-6.034171881534327,0.30578854047814924,0.5490654903669291,0.41947740056280675,9.087978062971139
Diesel,-5.719708708034093,0.21462420939711482,0.5637597566311919,0.37681220249387676,6.847987373374606
Diesel,-5.153954991110592,0.11292541716929522,0.6971088338382202,0.25963016152547574,9.155128728891983
Diesel,-6.353817526212181,0.138406565593346,0.6579298645079636,0.4928767535075775,7.474305622275756
Diesel,-5.279389451321067,0.08574577526653249,0.4679403710253399,0.5292408930468729,7.731596870962501
Diesel,-7.862213326448847,0.16505669097790032,0.5076599527474919,0.3834038268527076,7.555098819430823
Diesel,-5.821068271061839,0.1965266974193713,0.7359739255037019,0.44245485997196693,8.549205933432303
Diesel,-4.834842876105478,0.18056156247852093,0.47381225566415147,0.520697032463225,8.163010097729735
Diesel,-5.860648792101071,0.1683335039234882,0.5383144666896422,0.4846722338770844,9.181586957765132
Diesel,-5.216176594253342,0.23964808027227377,0.6569029537259758,0.41315227300781565,7.789544378814824
Diesel,-4.789676150058447,0.18131395647547832,0.6369979213880747,0.31959870020457537,7.208841155779459
Diesel,-6.236154567857226,0.15980308116364184,0.67978518254783,0.2651965748454971,8.119075548057287
Diesel,-5.867491903157819,0.10946002108401597,0.5558976179476391,0.42556995380481427,8.514473591952882
Diesel,-6.204307208600166,0.2338444102240358,0.5890683742763959,0.4013652912075057,8.301984642783864
Diesel,-5.073000371265831,0.16621409987922342,0.5513178127481702,0.3331103508270785,7.60136274062968
Diesel,-4.573765741920235,0.22863626596649111,0.48689102548311575,0.33995530344113256,8.447320669131683
Diesel,-6.90650778093277,0.16373299795926216,0.7344959666174149,0.33866243715268135,9.145600179235265
Diesel,-4.744676810469062,0.1633268954415518,0.5110037443442859,0.3723867913518835,6.69364673519165
Diesel,-5.878966121497258,0.18971740440733068,0.6360580015886301,0.5396943456232821,8.980981976924383
Diesel,-5.510760224587644,0.1016975793516041,0.6443375982102375,0.5722627660704549,4.38737298042378
Diesel,-5.3106174570243745,0.1920320712621768,0.5150204996977055,0.4801128583911954,10.051647080728797
Diesel,-5.224769271162247,0.1814404024369237,0.5056530175591843,0.4144627633789544,9.047803150857906
Diesel,-6.387053026233728,0.18548085041746018,0.8822000249838399,0.5078651945959726,9.380154414072358
Diesel,-7.460285906058812,0.16464056603532698,0.6074681639454239,0.2998862442114851,9.920476758667153
Diesel,-4.5896876934093545,0.17332273313079732,0.7783918606607485,0.3995747903280058,11.107267660866858
Diesel,-5.855313869474964,0.2288096375164211,0.7399903441169559,0.527763334980781,8.612878479363072
Diesel,-6.141140319443836,0.22570663499965596,0.5183815828123884,0.4152133718864116,6.668830961002406
Diesel,-7.780881640080302,0.20252133820697216,0.7262277890671672,0.49258046415960594,7.90170524512927
Diesel,-4.253010301824503,0.17154693045767133,0.4082167338201977,0.18178987057990384,6.58257087128514
Diesel,-5.183375256737771,0.1682598658266307,0.6460958641857302,0.5646283383583978,6.679883644906632
Diesel,-5.52150026820411,0.22694815363278611,0.5139262011526896,0.5354210925245083,7.654751533340628
Diesel,-6.383752980913009,0.30558066092089864,0.6522766742366718,0.4925290549685498,9.625871517826207
Diesel,-6.650473999459217,0.262491054852684,0.549810588500233,0.3455376610661703,7.673600033230237
Diesel,-6.622064834944955,0.24110782163285815,0.6267210655145056,0.3508775585382887,8.809406039785786
Diesel,-6.275182437386346,0.1835964814817662,0.6048683884901543,0.4463460355666217,8.467817179252904
Diesel,-6.36324918225283,0.24235556037197012,0.5777605848920344,0.3345015511391281,6.238374021479179
Diesel,-5.016821519000978,0.2006195038097004,0.6210872358510514,0.5045802915699517,7.427112522082621
Diesel,-7.374399248474129,0.20348903511076094,0.6307961552080296,0.37371509338396275,9.768485093691403
Diesel,-8.486166567721357,0.2560028318949892,0.6791153650364226,0.44567707777004595,3.9969181406370846
Diesel,-4.716111216729732,0.14867829446820574,0.5492308021616613,0.3829407335209931,8.48890164158237
Diesel,-5.36057195780745,0.24464202771596483,0.6815853510078516,0.4252927204213126,8.49910719086911
Diesel,-7.090753715822247,0.1624486596590489,0.6895460223674832,0.48372094867286813,8.868559299733304
Diesel,-6.514416761656528,0.2455246065971848,0.48387555475196414,0.5077359809862273,7.686955038504932
Diesel,-4.315829593659368,0.12392789539672576,0.7763404045918522,0.36385356708365385,7.544624892785907
Diesel,-5.8051611810144035,0.16514605435996518,0.5927670998697693,0.3262373734729146,7.158723762824976
Diesel,-5.513114049699428,0.1549217252348242,0.5231805764994517,0.2627208750253591,7.395283184046392
Diesel,-4.688397970276078,0.1577033179948516,0.5268366734812758,0.4193921946481536,7.555044279440568
Diesel,-3.7718455666503505,0.19187360176618717,0.6335218346217372,0.4943768784799322,9.10949343903542
Diesel,-5.766712418442621,0.19194362566569997,0.8024028536379257,0.39002397246857334,7.4699718746858235
Diesel,-6.645848988294018,0.11365983986466222,0.6821615752237163,0.16519316028991737,7.993132590914096
Diesel,-6.204860634271385,0.3119982596115724,0.4168348771286373,0.3098896713015643,7.836684249582021
Diesel,-6.1975293374691685,0.17252277045949777,0.5919012090597833,0.2740437271130259,8.428631454793926
Diesel,-8.321485342077578,0.19871153220613716,0.5399643305736427,0.5016287942756635,10.106373284759966
Diesel,-6.331052168750357,0.26953629645707156,0.5683883719369589,0.303387347687091,10.095084358622744
Diesel,-5.479223555265993,0.20022192613049072,0.6687177475098648,0.4274215035130168,7.916936710470178
Diesel,-7.326434827307996,0.18647316314193668,0.6623255423458473,0.38772285743131896,9.082790913356463
Diesel,-5.616344976133211,0.15609318409572967,0.4680828042167876,0.38428215000698324,7.370925862274495
Diesel,-5.663678190378314,0.16409311706186352,0.5384607674245122,0.5053069717594912,8.177843562353477
Diesel,-6.702727065427293,0.20088209043675098,0.7378911243001682,0.4293786688274723,8.711540971310155
Diesel,-6.7522345365274425,0.25132096885673005,0.8318102260463802,0.32085323574871466,6.581727230753613
Diesel,-5.824457756164851,0.24377525249222054,0.5908610327949738,0.2946793603957337,7.869699005863532
Diesel,-5.401907727222546,0.17964840865269704,0.6607255017754922,0.516471078523991,8.288276750924537
Diesel,-6.027947771278293,0.2414671962613141,0.5143899172562769,0.3045290166307078,7.680113258085218
Diesel,-6.491879454814467,0.15983290123547625,0.7830468474998774,0.6171993209494292,7.575553949293301
Diesel,-5.9082810502516345,0.19060785899681046,0.7107499240118156,0.5305645561840048,5.867283441572424
Diesel,-5.523989199934374,0.1346589329419426,0.7758272157875278,0.4440248030210398,7.011980553964837
Diesel,-6.2413213879378535,0.1855511370866921,0.6525112942885816,0.5041912604177479,6.622151249633948
Diesel,-4.161245499087887,0.28028450539104216,0.5124676432408954,0.40728017943623096,10.052970252937179
Diesel,-4.767081413322517,0.18316284849760522,0.6814339814567874,0.6997198291719139,8.126191978221454
Diesel,-6.63264825144002,0.20862099260456998,0.6246552095497317,0.3475463260999902,8.529950081377061
Diesel,-7.254401059727501,0.16672330664956606,0.6758244776154797,0.22451291484577487,9.083801110393733
Diesel,-8.011981365705703,0.11343377105618425,0.5501021256944114,0.42868638428193506,9.590316323752866
Diesel,-5.942377236840405,0.1876723196212005,0.6579581247984804,0.3129101179532066,8.167298191215687
Diesel,-7.19944625795536,0.20412952584377067,0.5870163674150597,0.31957320785505827,8.198048763845287
Diesel,-5.841450346840357,0.25877270061695673,0.4394366596937212,0.39239510923029575,7.087685120355824
Diesel,-5.130237941823708,0.23769560325960665,0.650787984506862,0.32961667419305374,9.062564699528114
Diesel,-7.530130928743332,0.11323446482036142,0.47241290000980757,0.3966525189673094,8.810197281185953
Diesel,-8.976032474009525,0.2661371415939893,0.6131112196178434,0.2432227652410225,8.121136364347498
Diesel,-4.90747458532158,0.22997205076531296,0.7099073062553966,0.2633753370602889,7.5031937178339145
Diesel,-6.924692230523532,0.2858790102522159,0.663936284348663,0.6847009588957641,7.438868559899327
Diesel,-6.724674211682305,0.1928586680702425,0.7378357221422549,0.3633880310624653,8.149325117488333
Diesel,-5.903309297113181,0.2019748380601095,0.5347601539537522,0.38627089320896335,7.78387687837837
Diesel,-6.0075646596746495,0.24717584090763542,0.7760628034624493,0.31595652373302935,7.529607650254742
Diesel,-6.825011898406187,0.20935507686111365,0.5461650542489023,0.4239796833741989,9.324352292533744
Diesel,-8.525831685804608,0.22458899448003455,0.5539812951102121,0.4460422267984389,6.92423667469976
Diesel,-4.803739011693125,0.24566403090201422,0.6568352148542643,0.47932257178100984,7.1052554393933915
Diesel,-6.6196237546892895,0.237621810040874,0.5232270857231388,0.5445635046658087,7.611690714462762
Diesel,-5.498105610139378,0.3049624759627545,0.5293776645931924,0.4068761750844783,9.265019797564769
Diesel,-5.048722611123469,0.1836092344880321,0.5483269562478146,0.37668640674549486,9.737429319381636
Diesel,-6.279105856359947,0.20390578462417325,0.5573213529076575,0.4705548564795987,8.186630045100388
Diesel,-7.00343381075823,0.15155879429825028,0.4001394433444493,0.3168678590874384,8.952734964358607
Diesel,-4.676239461987732,0.23427791816085922,0.6554632200640681,0.38734739504713506,8.929897465896785
Diesel,-5.713721776918116,0.29022244859935625,0.5901554685823251,0.5343008083736132,9.048936898181433
Diesel,-5.264556713795841,0.099425433726909,0.6929189561547711,0.3872492021090847,7.4672882066781305
Diesel,-7.4829130411779134,0.19972064330159087,0.6033551596818243,0.26969980781851954,6.23206379252757
Diesel,-5.513380519871889,0.24358525655306887,0.6190282909922421,0.5150834649684363,7.896338018778201
Diesel,-6.054351274400203,0.15414859856296048,0.44397580224462824,0.5854662133859585,9.357558860299696
Diesel,-7.392512567138478,0.20778759539156402,0.5899953688896333,0.3726007526836957,7.509178582622073
Diesel,-5.618730853032021,0.24090877627357374,0.6402391169028205,0.38794816256208065,7.811327939730656
Diesel,-5.063185683077333,0.22317224690580312,0.6072689463035433,0.39640987023998925,8.414324611534747
Diesel,-6.468348688559449,0.24107694086541054,0.4924141438162133,0.35885434902335184,8.733327314535229
Diesel,-7.132882813354273,0.12134957286752499,0.606307767542924,0.23035418455535295,6.441435735137766
Diesel,-5.243405881493568,0.18976073711971322,0.7285486949708986,0.2795185659062545,7.8872571612412585
Diesel,-5.600415446792241,0.14147425349355455,0.7031761904499625,0.4510678883166039,6.068855495975079
Diesel,-6.037741796208601,0.21929783681293166,0.5409943326471942,0.25201350944911866,8.334150547336892
Diesel,-3.7887570497174385,0.18065079504211548,0.7569241181284708,0.3247711178238532,8.258654762011941
Diesel,-5.228477469123881,0.19957931670143175,0.5702264351118769,0.4726127521350374,10.269746138323065
Diesel,-5.6994130753608685,0.17419699117348264,0.5810248442740317,0.6519707645645375,8.161888539605753
Diesel,-6.594413698577973,0.142746604175873,0.4174098905887394,0.43635842738461905,8.785570391389404
Diesel,-6.396696179965207,0.1992514790984523,0.4829538290711376,0.4132928464827501,8.57779438468055
Diesel,-6.535164267167638,0.284522633479292,0.5162893673253088,0.42834766040189826,9.017980663645526
Diesel,-6.077289500149383,0.19057615905527545,0.45711338495503373,0.5357341495716283,7.796128157998885
Diesel,-5.4626345750651755,0.23363602439300704,0.5371701507982246,0.3802471395708785,9.601378820892204
Diesel,-7.117197665740445,0.30639590373786285,0.5255127214723726,0.2820482543359488,8.158770824826242
Diesel,-3.7916517356601296,0.10445170322038977,0.5858984281510308,0.4476265017256556,8.040379950242638
Diesel,-5.61807832999699,0.1640983458913863,0.5400278154068618,0.38515773528408004,6.644134294516698
Diesel,-6.04468640144019,0.18056273531642494,0.5529954814845132,0.4320506412598638,5.815208608160836
Diesel,-6.229090103383154,0.3158676882807431,0.49138903136743745,0.5285500496484413,8.065587345095238
Diesel,-6.602957808881419,0.13396791702350966,0.6139681965285232,0.5453397105814677,7.532946625763883
Diesel,-6.080961424736773,0.2505185425095166,0.634087079134628,0.24277242202754215,8.118664659026221
Diesel,-4.487765089334402,0.1981529406766251,0.3258510570522623,0.43882149915910734,7.761852272547157
Diesel,-7.829094413921217,0.1160395954973108,0.6975107143288809,0.32676172544049203,6.91100434311681
Diesel,-6.035638560931669,0.16778985008400307,0.6100048627777744,0.37972799705633303,6.560005303887628
Diesel,-6.511197798561385,0.22213766606545524,0.6041918040238625,0.3918057517608169,10.324861089415261
Diesel,-5.268962474614464,0.24262206324106714,0.5834031592205075,0.42201451903512754,7.482680012569169
Diesel,-5.222450234475872,0.19448000479504784,0.6222377748930555,0.41606113021551683,7.978199742313454
Diesel,-3.06181193284423,0.16666903612526388,0.5324288469841307,0.4694096746811757,7.285797201109785
Diesel,-6.291406361348893,0.1456794523322191,0.6491557919402586,0.45042572444841517,7.621769528091867
Diesel,-5.285183311519927,0.10709374931332043,0.5293146598485656,0.38300208137890696,6.5932610037164565
Diesel,-7.748713037418722,0.18460520174807765,0.6694020087060741,0.5282108391426512,7.343254540153553
Diesel,-5.266784162378406,0.2318271019037834,0.7218608174334497,0.36498089696459984,5.841799405778391
Diesel,-5.929814147577256,0.14931031295151384,0.5276494890937992,0.36987808559468177,7.593286842381028
Diesel,-5.858440733104206,0.2351578158209809,0.5632264416724033,0.4395697506608005,8.017779211916606
Diesel,-5.064505604121555,0.19057040744468418,0.5921073324225444,0.36255995520010936,7.805301752049806
Diesel,-6.783488128345875,0.15587013569282435,0.6775765385282725,0.2916798316815399,7.617058292362516
Diesel,-4.984657213729004,0.18236496024981966,0.6828740453685574,0.34089542792731586,6.738603672379767
Diesel,-7.5948258549008205,0.2656362034636331,0.4863128818365584,0.47471865901250937,6.800063567847941
Diesel,-4.6826160820601785,0.31033913623075504,0.43134699403096627,0.2915243565841186,8.92775823656387
Diesel,-5.4869570766341855,0.23884609273800958,0.5426244449595624,0.5987534161023368,8.14165936002773
Diesel,-7.216962576843519,0.18734257499785276,0.4796433103771167,0.5590941358554106,7.20760248463986
Diesel,-5.507516515255378,0.176466342750891,0.5384612690237487,0.20897458187189494,8.71780952358868
Diesel,-4.700818747370816,0.15420162093174242,0.4454770885001328,0.4803316042737829,6.024510381072499
Diesel,-4.7804670640517415,0.154780243852269,0.48967072571753734,0.42484624211312916,6.754232857986275
Diesel,-6.70711108129321,0.21769909663355033,0.35708876628333536,0.5642419245928323,8.052368158958885
Diesel,-7.292966012403528,0.14913773153565793,0.6991646378260802,0.46010529350741036,9.664136788742253
Diesel,-6.682742844804235,0.21482919185754015,0.6426567911783677,0.4695267500252237,9.352737348118483
Diesel,-6.717263905844347,0.19429148661197598,0.5389850254419855,0.39473881266436245,8.83811933847557
Diesel,-7.654035500260703,0.2554685784729643,0.486081787573625,0.36926296803027686,9.492730309959349
Diesel,-5.671990282016595,0.216976497413183,0.4819373954704889,0.29559140641761594,9.129507676002703
Diesel,-6.58914354548439,0.17525440633500755,0.6963951251054712,0.2950086454630473,8.32308215946351
Diesel,-5.9570926738323084,0.1998657137068379,0.5481564368122496,0.3420144818536672,6.705963003446161
Diesel,-5.517334973958693,0.16659254042416322,0.6968744621167251,0.37754449584093475,6.729859412694755
Diesel,-6.23781388214842,0.1794571400431763,0.7009103411728053,0.3630999810748468,7.668547542559609
Diesel,-4.5884532945075645,0.22541336607316745,0.7662706016003497,0.5259045004063905,6.9354048939645745
Diesel,-5.010049145599893,0.2762651646037296,0.7532813132323419,0.49880959835766875,9.16102759389101
Diesel,-6.30266104367555,0.15813089578252126,0.5647782681102543,0.23352109985672373,9.611354378506046
Diesel,-6.283292959417712,0.264566536453248,0.47685004227784,0.5082624921002211,7.406143210184816
Diesel,-7.284369408309174,0.2813559026079879,0.7107311669340775,0.4211792420185784,8.040725462161955
Diesel,-5.560489981180882,0.20973142889587057,0.5207724045828529,0.3587947730215078,10.352861398446443
Diesel,-3.327843257371986,0.2781334252615342,0.6478223940162623,0.3662250967298065,7.0421769273236405
Diesel,-6.732282410430202,0.17233661706566197,0.8151164041425769,0.5806282296382599,8.895534067922473
Diesel,-6.960613176412826,0.24465279633555184,0.5761382971489395,0.18469905613558787,8.344520764881512
Diesel,-6.841913040834055,0.15959732854549816,0.5749592006431993,0.35016770270575875,7.958891817075191
Diesel,-6.082330550017204,0.10620954535761844,0.7520277988882833,0.30166232770513207,6.8571219378434325
Diesel,-6.328553251790297,0.1945832576315353,0.7458979816831839,0.4269423452054901,8.679758580931441
Diesel,-5.725463812416718,0.21157307912493867,0.6309729503087008,0.20672658574310615,7.700097818192566
Diesel,-4.8377388894288424,0.3971165505403343,0.47956910674604897,0.4423079960324353,7.31474410655079
Diesel,-3.95234809610315,0.13231086196042594,0.662493949031588,0.259278890049581,7.617719998327001
Diesel,-6.034313330749809,0.2534845840869804,0.49228331738414716,0.46633830488473854,8.022533268065537
Diesel,-5.727206613714021,0.24791663573425707,0.4717443306994712,0.48105949731485925,7.31731417629269
Diesel,-4.904126545023174,0.21672788172689403,0.5790471618482944,0.34099740309091786,8.987953993226396
Diesel,-4.7390483145190725,0.17335742295699078,0.4866993434218603,0.46942110429452255,6.2617628695595595
Diesel,-7.305512437582972,0.14686498622360505,0.558454951696125,0.2663668110784555,5.673440108742107
Diesel,-7.135444194337123,0.23212372232863093,0.47284559278732324,0.365973032204583,10.336038154838674
Diesel,-6.04917413002709,0.21712654948647966,0.5053959981748447,0.6163474853700142,7.350446613033886
Diesel,-6.228104684451517,0.2658529338983682,0.5818265755146381,0.4047888782675215,7.661974015053045
Diesel,-6.274832378057227,0.2185251005414046,0.6552943189198105,0.33567515687874333,7.080703452623684
Diesel,-6.609136088857563,0.1299372992900116,0.4409569741480702,0.4297167147224908,9.126314963810135
Diesel,-5.128954706854783,0.08090043634316708,0.575493491295674,0.2897908044407441,8.172484925385028
Diesel,-6.417823518809381,0.22959559531222942,0.5980846909598658,0.2103998105082111,6.839496952640551
Diesel,-5.9942148851733466,0.20450552146155432,0.45943231922959976,0.2463540296453878,8.067494405087814
Diesel,-7.403667306050528,0.11656852867496072,0.5554859487368659,0.35115539086613495,6.945919427192838
Diesel,-6.7037369567249625,0.20069178616111974,0.527983709632018,0.40706970216648397,7.543437756659198
Diesel,-5.832349844613344,0.24391027827183226,0.6839247845390595,0.5288210471066084,9.005776276276592
Diesel,-5.7614424684581955,0.17832841811799277,0.5612239077183776,0.312222269356419,8.005435149261869
Diesel,-5.302612521288065,0.16371661985584898,0.5962782141336226,0.33226377712782307,8.251225196225137
Diesel,-6.549383383949951,0.16302447143529736,0.5320033305067975,0.4503328773845567,7.883900713603574
Diesel,-6.428421730000036,0.21307022512736054,0.5585483782532349,0.5126517893685704,6.831360615568092
Diesel,-6.186971512817282,0.12976173891664997,0.5653125608109906,0.232036450229337,8.895579827070952
Diesel,-5.233496232994421,0.23920850868622381,0.6028872480174468,0.31201295952899083,7.0395912415568604
Diesel,-4.469827944779479,0.2717838551899898,0.6122555156950771,0.3484365965919673,9.642348107238213
Diesel,-6.69450316138481,0.2114424604047954,0.7351957305398458,0.31636615003353724,8.995068302764535
Diesel,-5.47943920415613,0.19802417288842197,0.5006566400866884,0.32755602398967243,8.34734128742079
Diesel,-7.423336794881386,0.2065371929509125,0.6541050984061663,0.4985220172809101,6.321971510647733
Diesel,-4.683752702838726,0.2847681747089968,0.6410151567713593,0.296195141857534,7.606268853967711
Diesel,-6.047597245118507,0.21352317543652785,0.6021981552643603,0.42811651428946174,7.891103891193053
Diesel,-5.734892905487757,0.1769738289419343,0.5661813283017532,0.34239748295233324,10.300711441404886
Diesel,-4.536099213825677,0.2277647095006808,0.7325308997267739,0.4798461338977883,8.217525391416867
Diesel,-7.505571341019683,0.186891803993743,0.5664962107981648,0.28669248269078434,6.216605270472061
Diesel,-5.507280653432975,0.21622521611854065,0.48326030199323877,0.3254121493563811,9.393466727784995
Diesel,-6.87769651351656,0.20853994519669014,0.5810221700432019,0.4506363471062063,6.9726708168122835
Diesel,-5.909916522459893,0.20843612886729387,0.623018080622922,0.40790738579626135,8.413531184712932
Diesel,-3.808229667949189,0.32806488883855534,0.5360783859213278,0.16817570196475012,8.714594360866368
Diesel,-5.813747540098734,0.253052092959179,0.6284885899715317,0.40586039395257195,9.354687915052667
Diesel,-4.731219411586158,0.1306719970609501,0.5183393812860416,0.3894407040711322,8.1181251487095
Diesel,-6.225983203352248,0.22171035889309432,0.69961047893171,0.5722709710720728,8.69469562852748
Diesel,-6.8523336784531095,0.1926311887401091,0.5924647758740442,0.45146402399811597,8.46580164012073
Diesel,-3.9496033488884907,0.1769243432372546,0.6384750533766803,0.6354711397744093,7.297751723715678
Diesel,-5.854851303829645,0.15275597494379925,0.6082086899627431,0.3219782851862359,9.256161084189616
Diesel,-5.852681140968604,0.15323013700088534,0.6840567697791672,0.4179666038871588,9.143382532668145
Diesel,-7.147662627947748,0.2184412206124331,0.6773341694644709,0.35766225097642634,6.489196727638219
Diesel,-6.0416074953703935,0.2614057646890464,0.7125930330634056,0.35715715652444235,6.460297476348269
Diesel,-6.431179720349573,0.17657611746340438,0.6446446783304777,0.3894998497095879,7.0960829459154295
Diesel,-4.895736932739332,0.20702129337224173,0.643541565273094,0.2275014565868733,5.090882155163257
Diesel,-7.437545781444408,0.17597282871966122,0.6576356017613808,0.1657753129592702,9.911422477246385
Diesel,-5.8294339732298734,0.2680147496474955,0.5114029917525871,0.4503859934172491,8.102235115964945
Diesel,-5.182313686945446,0.18831043162001415,0.6473215209007588,0.51021953187712,7.21858844732987
Diesel,-5.75775576751035,0.10560688813888258,0.6702503019063357,0.595466254346249,6.506676742701566
Diesel,-6.091381260427943,0.2440240650457057,0.603141747346655,0.4165099551493226,7.530800670171634
Diesel,-6.428152253087915,0.19566529232073107,0.6041671422139356,0.281855873842269,7.920773616864765
Diesel,-4.431466061290673,0.1790433103205548,0.4762745017125372,0.38485839320135734,7.142464625450844
Diesel,-7.3383418253219395,0.20695842308663107,0.5289717962848922,0.3375285833146725,8.184112856462466
Diesel,-7.533174595362334,0.11292151748744376,0.6670872194501931,0.2069166399275917,6.827986765631175
Diesel,-7.799839535388438,0.1756931766575584,0.6428058747651165,0.4112337948732377,10.87024806734874
Diesel,-4.913084382210999,0.15344210749216994,0.4802944995173589,0.6706687940975502,9.275086406880035
Diesel,-5.410630392730428,0.2037425906107809,0.6273521567475017,0.2517926724517574,8.18844700423612
Diesel,-5.928768602540986,0.154793057844926,0.5461473546431521,0.5515176393443556,7.849790095646165
Diesel,-3.9288286974668893,0.11296602817563084,0.5477869813774252,0.24527214487530813,6.548693055329799
Diesel,-6.828205705659297,0.21576548133852957,0.6266826171080387,0.33207096803723946,5.326640531196102
Diesel,-4.522307126967847,0.1857117641981822,0.48837098296988607,0.42749307810700876,8.24533420462781
Diesel,-6.322676464999965,0.20742655078207525,0.48449701595919814,0.47599128431764837,6.803759486291756
Diesel,-6.605569655303432,0.23244009080757877,0.7203958965010233,0.5585774568046339,9.266957886159886
Diesel,-6.324072183801782,0.12294834654497686,0.7405055585602893,0.5370695988904977,7.193628615975805
Diesel,-5.07881096217544,0.18339111030346308,0.7501276883511728,0.3485135337596218,10.374381545058204
Diesel,-5.213879452401755,0.28987724223429934,0.553620273035012,0.44050296044441933,6.836864961986762
Diesel,-5.156010747880804,0.24495207664185623,0.8397023918201186,0.44820397972196496,8.868913043007312
Diesel,-6.470830376503782,0.22706896863176196,0.5620108791312416,0.4115860758842,8.209418793854955
Diesel,-6.35230487334917,0.2031472548270997,0.5624704830286579,0.3620268874966161,9.291997581802725
Diesel,-5.824586358173589,0.21735331361001387,0.45426952310144636,0.442345833183039,8.636508156770285
Diesel,-6.398338622688753,0.3042514838130346,0.3710772735815934,0.4784367135770547,8.855365765945836
Diesel,-5.458417068000588,0.20881063528193117,0.6550679322625037,0.4868175479555894,7.1289348994016075
Diesel,-5.70080437781991,0.19083415789883482,0.4906231599774491,0.471716997461329,7.32276749037916
Diesel,-7.497858674779467,0.17304446696491757,0.5201101101906869,0.5028479009190111,8.183831768669693
Diesel,-4.61761725431006,0.16667218843834772,0.6874169871896499,0.6839622914807914,8.427238960552568
Diesel,-5.138351137676847,0.2346758832112703,0.4577924672574173,0.4585817297467451,8.367747584779483
Diesel,-6.2597473833983095,0.15579818128975598,0.6693983240327037,0.3027596260389379,10.560374725618276
Diesel,-5.885830916511872,0.13883464761067482,0.5486003721671661,0.3721865661710183,10.894851984708614
Diesel,-6.8845889468094965,0.19418913683743064,0.5462171630134978,0.4499258485581664,7.373739903553947
Diesel,-7.139056666139711,0.19023527101019008,0.5700606156667757,0.3407755622375987,7.353427569323459
Diesel,-4.8153042021189965,0.1840129892866248,0.4865872337521567,0.3537884036200144,8.065202791358471
Diesel,-7.336269636551354,0.28129889800031993,0.6867579477506272,0.543017274361878,8.47055375058522
Diesel,-8.093697450130101,0.2767666858319257,0.5136431640290107,0.3217813255997901,8.187590172746532
Diesel,-4.621770153329851,0.25266435669762,0.6906281120176021,0.3688172947125447,7.606870968689466
Diesel,-5.654056332019933,0.19349645793582337,0.6889317907329353,0.4830117664495227,8.709609585407247
Diesel,-8.525961281769378,0.2063994181838632,0.5891146119267299,0.4168025601759532,7.094810433744311
Diesel,-7.324785910399225,0.223156923998752,0.5643698682267938,0.45746929937076,7.194902746778275
Diesel,-4.584089359507323,0.2500532421285382,0.629682710854588,0.3786711586614053,9.022890653357836
Diesel,-5.607452184762594,0.21192920939653026,0.7042865409559609,0.542653615440664,6.4971065786173465
Diesel,-7.050384107349807,0.1609869637260601,0.4497575402356448,0.3937251474430849,8.720139746293407
Diesel,-6.021418294952337,0.17329391791935522,0.7126457757129158,0.414055640320675,8.411579560839582
Diesel,-4.84576519510024,0.19383790305744333,0.8060214072624681,0.3552184996128234,10.39753784541548
Diesel,-6.97473518191242,0.22587424514402207,0.5357467831193763,0.5119566116981092,7.426120870569886
Diesel,-5.7091288093559145,0.16747290019792152,0.6937225173666615,0.3344248739360861,10.020097813691203
Diesel,-6.99599710696139,0.13271860408359268,0.6951552078079086,0.34083563597364785,7.991315223860557
Diesel,-6.322241153835721,0.1343695866423655,0.5923006335861661,0.5264915894972302,9.203764403966678
Diesel,-5.768207237374075,0.25561341465175536,0.4940481415305823,0.3674545671094994,8.47496592887625
Diesel,-6.130414826817112,0.18765883347617215,0.4799356267678905,0.19186586113572887,8.981439709939563
Diesel,-5.756778426747774,0.24509991891050467,0.5562764057841625,0.3287222115172406,8.007857559963961
Diesel,-5.145800351387184,0.1884273892506173,0.6801785184328486,0.29936919944069135,7.806263440196159
Diesel,-6.0701141440780315,0.261319497196096,0.6207627398015908,0.5746077518294195,6.382778240063021
Diesel,-5.87008109558872,0.2089699019590223,0.6620093197586867,0.3186640063551109,10.021335607293004
Diesel,-5.987036058528241,0.1456466243532541,0.5983975009586381,0.36868384771198864,11.339882170696795
Diesel,-4.9500564004749865,0.2024830677854109,0.5888083314800795,0.49510568624814655,9.198634592393857
Diesel,-8.911549919320649,0.2321496577366667,0.6027966543978627,0.2688856178213024,9.056256967549013
Diesel,-3.7538119864417347,0.22783979734138904,0.7100428442256864,0.5804119091964404,7.003685419135938
Diesel,-7.857571445166917,0.2328433031654751,0.5752388463558549,0.2625826547628457,7.906196076637048
Diesel,-5.27245262620938,0.192551416761782,0.5213172369264962,0.377649293970349,7.976628241638386
Diesel,-7.929482262626082,0.19286125234146534,0.4655659527855108,0.46590259520210964,6.126748909295866
Diesel,-4.987307795449064,0.17954174653930294,0.5457024293227988,0.4294454597301972,6.960758665731929
Diesel,-5.721254245869936,0.16339456126558147,0.5443265487675231,0.44053541693291354,6.63370311951874
Diesel,-7.264337301762357,0.2124112753705171,0.5973100147510615,0.41686927448093924,8.393167084065706
Diesel,-5.942624446193019,0.23040463119835344,0.6097436286978658,0.1992696100324697,5.902538486405773
Diesel,-4.0720508197579175,0.20000359335294315,0.6950241651717096,0.3654296094372924,7.930381886727283
Diesel,-6.453364654270843,0.32329636657306826,0.6253242422364143,0.3465142094493803,6.018152343883771
Diesel,-4.026266557264147,0.19183608073858485,0.6744229119561597,0.4855997290306546,7.444603371883555
Diesel,-5.327547224613844,0.16979308566241913,0.5009573637960584,0.5164464692512213,7.810172744213361
Diesel,-5.481487166397344,0.22054604969408856,0.6637931960055289,0.24434630657983752,7.297651362420356
Diesel,-6.324475157496425,0.15842606635492548,0.6429006848016388,0.5186893077595898,9.614221586415557
Diesel,-6.3392047652098835,0.21459829312289536,0.64456435044901,0.46212560942035297,6.946237912312827
Diesel,-4.179419731735034,0.24632600921732226,0.6952649343692441,0.5203460056900397,8.64096313071918
Diesel,-7.027313423050972,0.1930513634222447,0.4348946604938084,0.44150725096990845,7.796943610201344
Diesel,-6.040522383526931,0.2602000565042826,0.554300596144354,0.3747876841227924,8.026367955155859
Diesel,-7.8399922494136325,0.18669681721189985,0.35142050877138165,0.3414478438104261,9.026226864071393
Diesel,-5.552733441748931,0.1702589844772962,0.6040798218223812,0.2925010432869595,7.997187916220576
Diesel,-3.06967971450749,0.2922900660185966,0.6052622130017261,0.4160144164915375,6.824521622438539
Diesel,-6.80178910795105,0.2181092161052347,0.5475107434363514,0.49041495948515823,9.883622817173308
Diesel,-5.667379215218961,0.20508686029199635,0.4319220375089348,0.47476102452720503,6.62759443815313
Diesel,-6.41800912863342,0.24797879461925676,0.7029758164309032,0.3533492472649883,7.509301358096017
Diesel,-6.699318873256672,0.14010731273370447,0.5365204517895757,0.23868699810853114,8.819675097809919
Diesel,-5.605476394838124,0.22802646424352566,0.5045595949424857,0.28049294364849436,8.064217129176273
Diesel,-5.935897435049775,0.19263650862435275,0.5710516730812151,0.5710775777694387,8.511230014151574
Diesel,-4.029321608533509,0.26344825127158167,0.7703270926017345,0.29255372336439983,8.711805189197635
Diesel,-6.431765488993373,0.11683066443202336,0.7496003169555525,0.3706307474294371,6.7338780436799786
Diesel,-6.414563863248693,0.16018879386130905,0.5306302032383332,0.37783966098173505,10.076978231653692
Diesel,-6.666317216544626,0.2829635332109595,0.6848836795979522,0.4396271563586086,8.89774403870225
Diesel,-5.986344336162542,0.26430250519317133,0.65669802632671,0.23353340149744872,8.355502318267957
Diesel,-5.216026857007385,0.18554993906993913,0.6126255872713933,0.3387142005325593,6.346849212723727
Diesel,-7.55037687093124,0.12314660064655683,0.6669044742470532,0.15097182916236715,7.200224087643822
Diesel,-6.765653285245378,0.18589202320062678,0.4143568450063797,0.4403888094740619,6.472206327008121
Diesel,-4.867594459290731,0.1689117156205584,0.590438697658808,0.40037738565552067,8.293089263432686
Diesel,-5.962985622503858,0.1786444725633684,0.6343048530694043,0.44661471304949546,7.081838399468456
Diesel,-5.573632181026443,0.25958601512008483,0.6705894196104553,0.4932375241647188,8.206305018688935
Diesel,-6.936150446074879,0.15951777701481776,0.6319887967854412,0.49427637251523104,11.343094296792867
Diesel,-5.018178055561396,0.1414782121251249,0.5232727427640017,0.6278517315955999,7.742733281627866
Diesel,-5.9524853652387115,0.15197915397953857,0.7565103405574244,0.45003332073206254,7.070478382537626
Diesel,-6.993825288857272,0.2153601972948936,0.6044206174880452,0.4832110217221127,8.65636216775264
Diesel,-6.264480348768623,0.1728099202269317,0.5840057851701166,0.34493191533432377,7.843765360634285
Diesel,-5.983559071380618,0.15510345533099715,0.663067986209788,0.362957228553033,6.989738779657588
Diesel,-6.351607428281868,0.21211290783101433,0.6083038199813303,0.44221181149044625,9.078015350090634
Diesel,-4.695059795991967,0.21427430813440268,0.4930597612764503,0.37308891974696995,6.79481793874039
Diesel,-4.303145926287718,0.2993700441263582,0.6650311197496342,0.48584588426390307,8.30113183188399
Diesel,-5.633944084539209,0.12012728908354388,0.592606763474309,0.31188469376537403,8.337627845046045
Diesel,-6.059609845388534,0.29734109811730575,0.6916627688722842,0.4284511982521645,7.679672375432449
Diesel,-4.32397854124007,0.19850226769367352,0.6331673961635277,0.4042249604426835,7.5150153131512125
Diesel,-5.96349377761448,0.1019016574660842,0.44522935987588125,0.4349630541669628,9.881839628632983
Diesel,-5.6517788958558315,0.1639815572551673,0.45571462459326645,0.4784527260475639,7.319365818781879
Diesel,-5.35676458144744,0.2194932579032859,0.6478300392254689,0.4033601707353556,8.46037326196357
Diesel,-6.119454401256335,0.16823467328158984,0.5036500939483948,0.16149912020290214,7.782668525114588
Diesel,-4.480621817048047,0.23650400462687987,0.6227709118475958,0.32659950057108494,9.196807070910893
Diesel,-6.119309311803025,0.2787467156894529,0.5018912736705319,0.3250030472027344,6.983276066936446
Diesel,-7.482118370434013,0.1531477657404119,0.6103216259765918,0.32877989751493725,3.372349604911284
Diesel,-4.925726702579878,0.11579531353262973,0.6589228284886637,0.4031214589669565,10.540847379704411
Diesel,-5.00304251847738,0.1747697702257513,0.5297936437644688,0.5502727680799285,6.228954683478306
Diesel,-5.809120064081292,0.1934439768375164,0.5656773931295324,0.43535139844484255,8.22747183261041
Diesel,-5.542599257208256,0.2069487826181642,0.6417681405017247,0.4093365192931595,7.208687735340423
Diesel,-5.9959987397634045,0.164280672014799,0.521962339526915,0.36638499972822486,7.856692207116989
Diesel,-5.964774693652189,0.24581894136816654,0.5501535917459156,0.41968519264748205,8.141633256732582
Diesel,-6.608628287466065,0.20368703931032725,0.7002721415177313,0.41865062168834,8.27190071483277
Diesel,-6.705328330942668,0.29844294256024384,0.5351643629677498,0.2332216539452522,9.032220944261692
Diesel,-6.114817039648426,0.18484790895264624,0.5454446219588472,0.5871714624315838,8.425508334325619
Diesel,-5.450248778354915,0.20813078117911338,0.6270049613445196,0.5398624610559415,7.698974406526766
Diesel,-7.45693754552073,0.24340273271138885,0.6496701612242392,0.4107979812885043,8.564903889857344
Diesel,-6.370744220294174,0.201034629142713,0.586829974614009,0.34085117429290834,9.427007339726003
Diesel,-7.412258627417801,0.31804410859064836,0.6877362209206476,0.22220244652976492,7.731000404610884
Diesel,-6.168545915903557,0.21959433144710563,0.501062172926028,0.40320253433682174,7.854656722252824
Diesel,-6.737618362573439,0.15616238842643843,0.6918804646702357,0.23034174599574064,8.573454723315262
Diesel,-5.202489693121876,0.18907208308307918,0.6052372839724995,0.5163494999697381,7.154178187131132
Diesel,-6.601652428889124,0.17522581594503459,0.7165325599223281,0.5292293746884708,6.324931718643657
Diesel,-4.993759252688363,0.24094541531736421,0.7553594810449827,0.43851080321263797,7.946887855665708
Diesel,-4.854783313428341,0.23494518957508828,0.8244898414148727,0.4958707844961828,8.184257571708699
Diesel,-7.174104380376171,0.17095414114029409,0.45640450219719836,0.3784937963939137,9.111281111879414
Diesel,-6.003671088480515,0.25108626343800367,0.6337573733439014,0.35969077102459907,8.105150186203957
Diesel,-5.527903308944904,0.2069611699231808,0.6150684228851914,0.3230949892413294,7.480428481709341
Diesel,-3.7415392038453557,0.2614233245211771,0.45261591031902837,0.16330310424936384,8.091430905738466
Diesel,-5.10652710557401,0.17400290812888966,0.7021658728197938,0.4059654565007084,7.80432646432763
Diesel,-5.243884823824819,0.17340621035488657,0.5713293678196346,0.4670167262130463,7.962324875520771
Diesel,-4.091223726622264,0.23469127064280093,0.6628813828332761,0.3950495353934932,9.049705612051527
Diesel,-6.322607772801646,0.21411888755997577,0.5083706952995439,0.5039441392230591,8.34872563671415
Diesel,-4.017486936302124,0.31961491918348794,0.6763319451433147,0.4068425311207904,6.864722585449318
Diesel,-5.095250196741175,0.21051422819476143,0.6538034839154462,0.5729787387456243,7.010692053603984
Diesel,-6.924304168481337,0.188178703081466,0.6821201149751823,0.45548672402144885,6.9251737859650735
Diesel,-5.2434470992975175,0.13993935905533686,0.5162258325651142,0.3884542682810811,7.335882504829736
Diesel,-5.110140511349066,0.21431892415005474,0.776556117762726,0.3752814634645586,7.8533574187511075
Diesel,-4.789617390938237,0.19545395984381023,0.7494005247707546,0.45408282103844916,5.176656236137569
Diesel,-4.822429585850536,0.24563634065599044,0.6951332606110545,0.2089021621454742,7.204412046474743
Diesel,-6.58870483355677,0.1579439316219804,0.7741922531893938,0.3988232162176366,7.956126868844995
Diesel,-5.447991689684221,0.2284650833944691,0.266510728937417,0.33536424628506367,6.304653706650468
Diesel,-5.5996939068451805,0.18555537928329763,0.6015387564501269,0.19214802511094772,7.628177330371402
Diesel,-4.884869748167184,0.2704724741551084,0.6718863419540699,0.26645347065518815,9.511282163590549
Diesel,-5.275997744999984,0.19414054829677307,0.39749636854902554,0.4953594950662517,7.289400404019945
Diesel,-5.653834178945219,0.20341969303183313,0.7538394984438278,0.38746330140024915,7.981863691896862
Diesel,-4.42138460952137,0.1670888878124906,0.6814322851407777,0.3801384277121536,6.7969496455940845
Diesel,-5.998839013279127,0.2345852556803994,0.7353709839976511,0.5474693985345682,7.646283110929361
Diesel,-6.987249232032213,0.18406305502112605,0.4818469246669844,0.37826138005834953,7.59000165965629
Diesel,-5.272509795843234,0.08970324100428109,0.526639205391336,0.32744816955580847,9.424552702889631
Diesel,-7.113844377401017,0.2113328679824497,0.5871871585580218,0.5043042526836382,8.714998237412656
Diesel,-5.878756268179621,0.1722666562705966,0.41476574968901236,0.42470856556874054,8.636587758235848
Diesel,-7.5748676124746535,0.13831529178357255,0.6252329973371675,0.433914168620787,6.811223227889529
Diesel,-6.574064713568038,0.10817555807147868,0.7377263903813234,0.27001255926315476,8.650711269498261
Diesel,-6.03496069615338,0.264479680981238,0.5207745907225243,0.4061252710340387,5.96188770891518
Diesel,-7.9385268369397535,0.2298166791932737,0.42149741609302976,0.3771782465565469,9.213554537567504
Diesel,-5.25331514390532,0.16677072560257034,0.4411496863591827,0.45094948616555286,9.610708139432218
Diesel,-6.662238078665624,0.1598343570796442,0.5475098037131001,0.4571608710807116,9.474221127697895
Diesel,-7.239606811380522,0.12508590953376736,0.8339996321932448,0.3822677212109961,8.303471354828371
Diesel,-6.691930840617639,0.22449811547263582,0.6960060874701522,0.429979617157293,10.089029692417322
Diesel,-6.326744589941092,0.1868558763482312,0.6231406351277415,0.44649616455060975,8.273536714475132
Diesel,-7.284415026955091,0.2156257583097781,0.5625826415196562,0.34190229859253546,8.038978465703892
Diesel,-6.961522687329214,0.14323043380633843,0.338453103999615,0.5747237328509891,8.666877582923602
Diesel,-6.116764121306305,0.1666388381556676,0.3123967717953583,0.3271471123778516,8.85903960459689
Diesel,-5.057825696406131,0.2321145996801651,0.6158391955752468,0.5303874145931379,7.605755333493752
Diesel,-4.914811083865638,0.18077087781398937,0.5118858691122238,0.2994287019577479,6.722604294592457
Diesel,-5.340931971197515,0.16286272144514607,0.4966971154965056,0.471373521966136,8.39356446856668
Diesel,-5.037408017154198,0.22562997556363992,0.5246888419802688,0.4076102416468588,8.150159588923612
Diesel,-6.919158658474002,0.14476875129530037,0.5319278390882295,0.6036582356672081,7.5047070869341415
Diesel,-4.767133208613286,0.1765669745260101,0.6888838819539992,0.49024916555578474,9.143108609542454
Diesel,-5.612172657991041,0.2688683289390576,0.6378353969352728,0.571352972934028,6.05609623617388
Diesel,-5.6517137523331815,0.21416617962678333,0.5063480154194508,0.45795842217637384,6.211900789308058
Diesel,-6.654184325760329,0.10004560935510962,0.7558626516962814,0.37684505060547047,10.600260841779575
Diesel,-5.197050073480505,0.22240491066755125,0.5413772305719,0.295364996431258,8.627565888676335
Diesel,-6.071514009272982,0.13303648422573497,0.4483141583491681,0.3041296270856416,10.185160670319476
Diesel,-3.786722081988696,0.2102494573654455,0.6148942796241288,0.3663679628170479,6.878617582028597
Diesel,-4.6248209423927555,0.2936788196948568,0.5106580914160714,0.39171616215753985,7.460160439147798
Diesel,-6.420239074864977,0.2592954127714931,0.46880384546338777,0.44664696909363066,8.87388572876704
Diesel,-6.142151173601819,0.24465339134933864,0.614765184053745,0.5217129921156113,6.173353634088975
Diesel,-6.348775261006869,0.1964093428574483,0.332779261552865,0.2914047266421465,7.0236808947694565
Diesel,-5.05179400517665,0.16465783268426998,0.5181921012694023,0.4817485780656192,6.058507225051935
Diesel,-8.071244067443573,0.18192038499653268,0.4552293231921644,0.2590320705340351,8.688120550025578
Diesel,-5.124026162087421,0.23944321079260628,0.7108776660307232,0.5241134320014802,5.4456917494076835
Diesel,-5.5495880400705335,0.17351959002152206,0.5252575754009564,0.4560414632208706,5.923645424125098
Diesel,-7.75110860587232,0.23167863720408588,0.6487786017510898,0.41367326558715106,6.944103914332236
Diesel,-5.2561703654178755,0.2340151446030238,0.6085304515047454,0.28226789587302287,7.489701985124592
Diesel,-5.162166322475557,0.26635956114008935,0.5673463396623671,0.37503270321917376,7.805973070369927
Diesel,-5.725106991089028,0.17094663499699883,0.3105814942428416,0.5192769001647097,10.15362673659506
Diesel,-6.612399859605713,0.1466673315540613,0.5862899477609778,0.38124961162712273,9.19462229259555
Diesel,-5.945360558354962,0.16036885848144086,0.4681590549441951,0.4865634184819674,8.7194134893971
Diesel,-4.939440121908181,0.1515906624639453,0.7838436899528329,0.2256305492942763,8.851521225681775
Diesel,-7.909582767196902,0.16048343091507664,0.7561022930447959,0.483136425447599,7.344535501415382
Diesel,-6.518837042821688,0.20503110554177212,0.6514140990760723,0.5251579382682697,7.452519194469807
Diesel,-7.6117850634872015,0.20784843135243802,0.5542569162491605,0.2699366295251553,8.357202698375353
Diesel,-6.213113754092789,0.21532561032348974,0.510555579981282,0.4486710530325499,6.419482163894026
Diesel,-6.827731389696583,0.18785428844563612,0.7741818414959714,0.47848253685484937,9.292631005121347
Diesel,-4.582922966656856,0.3801416067905437,0.6041589067558434,0.5420400923129856,9.215162305282329
Diesel,-5.003967496692474,0.28871198090200906,0.5580686969015524,0.3501314976063621,8.383718616178234
Diesel,-6.182699771921887,0.21592504264990867,0.7562748785053012,0.35218532772937217,7.634385244887524
Diesel,-5.825688996473422,0.18858407869874153,0.4085994171986512,0.3419872357301061,8.824847890685005
Diesel,-4.562453249067353,0.14226907162311367,0.48407176007691566,0.40302338027173357,5.509285922146596
Diesel,-6.444970202987127,0.11319789702243033,0.7369061299842465,0.3230668845649596,9.983401023606833
Diesel,-4.886478646541661,0.16768413511512917,0.4928040363153922,0.3806454250832412,7.874424050890156
Diesel,-5.653853056047598,0.16117283552349107,0.6746394873522202,0.42653280549998995,7.591525811940963
Diesel,-6.712040655418023,0.1907557508450657,0.5183098748172431,0.40584386948835877,8.102526422263892
Diesel,-5.73829271652366,0.2883121204835927,0.5867555280300427,0.5004597867124483,8.275504876370842
Diesel,-6.238244301898454,0.19404203650243831,0.594117359083195,0.42797677077282165,6.848815081737237
Diesel,-7.465340383444967,0.23271486967371377,0.6898123832581259,0.4745635832802803,8.185966422267768
Diesel,-5.232775372546711,0.23567145130085712,0.6787629358954954,0.31404591786578867,6.6836578434144425
Diesel,-6.388569246752271,0.19913079452286725,0.575807887286771,0.21233096686621247,10.06603113456217
Diesel,-6.274045988885735,0.2086352208288477,0.7244548990763059,0.1655027730478795,7.385967353705945
Diesel,-6.387117273579805,0.18318449772746778,0.5826513409286047,0.5447134798444845,8.808150650872667
Diesel,-5.041964731371171,0.2023560135905462,0.46006269538544986,0.19203029648539932,6.1647107321220425
Diesel,-5.640234295833981,0.20158848563488177,0.5789836352443992,0.36314230932598635,10.414065890531296
Diesel,-6.822903590976474,0.24639097280580297,0.6001912936020993,0.39390604882140035,9.411965058340092
Diesel,-4.537469617308555,0.1880225271557581,0.6799202719242142,0.4363891362150054,8.008924566571897
Diesel,-5.795745057342974,0.16559955925775813,0.5693900606668915,0.3419364720247294,9.081652059714704
Diesel,-6.095201115541062,0.1351142987692481,0.5276562776836912,0.08007353547878218,7.406608877741422
Diesel,-5.962354934902851,0.19319320755665131,0.7980154351531392,0.4574906040915037,8.63654222370698
Diesel,-7.643269034570277,0.1817678972941434,0.5513337192676304,0.3213918801191992,7.040143201383985
Diesel,-7.8081229539416235,0.13620733976593358,0.6874093402764949,0.3857085308006818,7.392317098070799
Diesel,-6.005411334652708,0.25836953393505757,0.6004210520875786,0.45403741309310386,6.984074189134091
Diesel,-6.618629950746719,0.21769884425318378,0.7892653708337114,0.5429774859514874,8.699393683347367
Diesel,-5.848566239839282,0.2700534677813586,0.6794678323045124,0.1706337977629339,6.735282982573733
Diesel,-5.661859674642068,0.1106516217224514,0.5102410995243137,0.3300185056342026,7.692600912504999
Diesel,-6.2874302082262075,0.18554397864165867,0.6825307517240313,0.37347761345494657,7.538443841514519
Diesel,-7.349172104143516,0.25121731009929127,0.5328502486052513,0.29129696719987247,8.255708689842765
Diesel,-6.766941262383063,0.1737023630102853,0.6258460174319068,0.3673517376220444,10.77393125036076
Diesel,-6.074828543319198,0.2308919109439611,0.4058305952507055,0.313935086808527,6.6957035660999455
Diesel,-6.954379723302629,0.22077689969185013,0.703556506777741,0.43446305046345113,7.728026451720429
Diesel,-6.630855038712419,0.2556799875593255,0.8071255454154862,0.4135055704783691,9.127235676885887
Diesel,-5.656629650204525,0.23777524532327948,0.4835453221889883,0.3511863719857876,8.474563328054701
Diesel,-4.7875090559180205,0.15909328891811628,0.39667008889598726,0.35017355735587513,9.2121568572179
Diesel,-7.58389559108785,0.1411540053934208,0.6155918586051111,0.38840287472385365,8.713359777863873
Diesel,-7.228726760445579,0.18375107029156662,0.7195185402403097,0.28071038063632164,9.772294755572322
Diesel,-7.067416985888689,0.24246907886888056,0.5627041489786874,0.28550917423610234,7.403721143416882
Diesel,-5.455070811821006,0.19965730025492545,0.7118469411443343,0.5435740060934882,6.58036320161858
Diesel,-7.256269144910345,0.1347603113189579,0.510080390395198,0.5104214520819744,8.672434340800082
Diesel,-6.545027572922431,0.19944487046885828,0.7404305505165939,0.590801085097912,8.311261200131362
Diesel,-8.659281184047398,0.21486435473799867,0.6934748129541347,0.42246323158560756,8.871817902481741
Diesel,-5.642934625539616,0.13826772912590674,0.5113761566636537,0.3678847812869844,9.278497733886022
Diesel,-6.765884068320621,0.22279513165838236,0.6303692593921196,0.558619726507913,7.9499842662447024
Diesel,-7.754758418276259,0.23234352324483892,0.8138055211634004,0.47123833448664565,7.054806089827511
Diesel,-7.081945879178965,0.15235155832462974,0.8003311880382046,0.3672672559478564,7.204827927406367
Diesel,-6.158436644127233,0.18415464756971492,0.7567650359787503,0.29855225089836973,9.416771877992536
Diesel,-5.877907903548915,0.2603513256713843,0.7582619043734051,0.40847976339130954,7.621923668481001
Diesel,-5.933821168134897,0.19526146639974343,0.43430335442612716,0.5552480373785074,8.294942020857428
Diesel,-7.163099185051054,0.09662383399007957,0.36724007670696507,0.47704804366875037,7.257226917911486
Diesel,-6.454900668105133,0.2244077132269412,0.5483951843898222,0.45465244160535134,8.114316877252058
Diesel,-6.084129583149236,0.12136247971542556,0.518026864356114,0.4602535365586866,7.181573822163139
Diesel,-4.794630444215509,0.31732006619966996,0.6656385300841322,0.5492831891365157,8.864872685955282
Diesel,-6.534262022672188,0.21000758324037125,0.8013320946097442,0.3476446257372549,6.752807241346312
Diesel,-7.13419442311527,0.18912353080832256,0.4996527911356938,0.5674019427437238,8.259627841509545
Diesel,-5.028273690239497,0.1850667304710151,0.48598028022438816,0.26906060545667226,6.910409909386255
Diesel,-5.652474505973289,0.2259941465883974,0.6603196073058685,0.2511327316218143,7.999508976922076
Diesel,-7.026061830892393,0.22007329837922643,0.6479077055497452,0.28278269529735617,9.161635528635617
Diesel,-3.6611770584717553,0.24174178687923312,0.5837165960448895,0.36834542967902584,7.74912322199299
Diesel,-6.76073384677701,0.21261991033260247,0.48615374088456953,0.21103022134021,8.263522018176259
Diesel,-5.978766934224179,0.1714414991781403,0.4717303377389633,0.4289744026914035,6.811789953715459
Diesel,-6.1389443508653345,0.28824859270632225,0.6651189769575384,0.26308673376183034,6.470178114785237
Diesel,-5.848180907256241,0.13123396589704897,0.3998274518765713,0.45323720112967236,8.38512290518504
Diesel,-5.549401668720868,0.2131517590908952,0.5934689288327605,0.33378114523233393,8.619361959305532
Diesel,-4.470116511594849,0.17493854962782732,0.4979259789791701,0.2864880580588761,6.959923719999539
Diesel,-5.797401475523926,0.09301862182232197,0.6439170424432326,0.4643913010296156,5.842305968068544
Diesel,-6.979180436277599,0.2039840489922707,0.5856530269695602,0.4519637468268591,7.8306358141803605
Diesel,-4.735230473225035,0.1839415300478159,0.5016967013280246,0.29365581337382435,8.882562211138026
Diesel,-5.970378858043084,0.23168579503625975,0.6613122499229184,0.19801501472361593,6.631900878771868
Diesel,-7.020625040503821,0.1591967905754119,0.5579644673423474,0.4999149594617186,9.43817882286068
Diesel,-6.292890830202997,0.18743595693376278,0.5294566275942714,0.40891876972385444,8.243025059280724
Diesel,-5.193524444997735,0.23992193629912767,0.36978819489309483,0.3847455052362882,9.660920037068124
Diesel,-6.438114927304917,0.25696209091816447,0.569354819998881,0.4174923467441964,6.635731169121021
Diesel,-7.099248557566515,0.23627457861315074,0.6881818280200664,0.4026428906200493,6.52697090883393
Diesel,-5.956195443392786,0.26286174803371387,0.774286647005176,0.3683292067674086,6.008158579690652
Diesel,-5.159636400445221,0.18620184517724997,0.6943040641561039,0.428107222501762,6.93986707308578
Diesel,-5.941755639340619,0.2654169183527164,0.5850846011032756,0.29651948365546227,6.093626997684012
Diesel,-6.7721646868646515,0.1794931869114509,0.6819999135917258,0.28791507321883786,9.864502262875563
Diesel,-7.337152210841191,0.31657430462784186,0.772551855675447,0.41411662493879925,6.02276775827649
Diesel,-6.055424061982422,0.18065795210067473,0.4725712776949076,0.42910096272474424,7.011628244173227
Diesel,-6.7149058470495815,0.18981606827138223,0.5425091171294296,0.607815661711003,7.3571424404005406
Diesel,-5.559118988605524,0.20727612461051811,0.6352750225258872,0.44290884036109324,9.057633783927347
Diesel,-5.733553924381358,0.211244789744316,0.6058477068468139,0.3861582147660026,6.905842542007187
Diesel,-6.060868377420201,0.21206336876327667,0.6402164556572795,0.41802847729902365,7.720453983861759
Diesel,-6.0570799031958975,0.1723176757724604,0.6313223991006564,0.37788717720858783,8.216673125836964
Diesel,-4.999196956617448,0.16453205451787903,0.6596695380910484,0.4033210179885373,10.425432319496906
Diesel,-6.216300328463509,0.23475822915755332,0.6015353451755977,0.26116954916865065,7.3751730853770265
Diesel,-5.119528894571607,0.17836527696958634,0.37797436851603855,0.39685969830754964,6.689196442458788
Diesel,-5.868182267403281,0.27755735406990095,0.6769457310802903,0.5536655828739978,7.32618557426661
Diesel,-6.143166333635532,0.14777819015961102,0.5315956554959904,0.307311516771382,6.431932436945651
Diesel,-4.6341433746686596,0.09540198524867889,0.7370138904804556,0.5246058924920232,8.599751210574798
Diesel,-7.114507268094069,0.12089124442783965,0.5451596318736436,0.4625120456339924,8.00367636492881
Diesel,-7.043499495094758,0.2574102392328245,0.7684383328181538,0.37734008359854027,8.131204284316814
Diesel,-7.508848683629496,0.17928066419454824,0.6510439978000994,0.43548565402577777,7.390798580948352
Diesel,-6.274243508476447,0.1776394631727724,0.5721535286281615,0.4423234802518127,5.638955497557053
Diesel,-6.074349514807922,0.21749877678128446,0.5429515314358923,0.3520666956035119,7.459526671021461
Diesel,-6.47904997353716,0.20029418889251868,0.6129002758013784,0.18994856837662005,8.783456445766745
Diesel,-6.289998884346959,0.2966481587734267,0.4808351461101291,0.31326854912456686,7.7565092257000865
Diesel,-5.586774550313964,0.10246163363142492,0.5170899947883894,0.45913201605738435,6.862251264280949
Diesel,-4.629973623623773,0.1773058200575464,0.5100626798658103,0.461024425778952,9.929140864189336
Diesel,-5.583603741256104,0.26302146996116293,0.7676635340636964,0.30781413200724217,9.126069600871503
Diesel,-7.523470509303547,0.22124512658931925,0.592868210948518,0.5242950203042063,9.406701815581808
Diesel,-5.4302166494655975,0.21492139497414092,0.6508368676721951,0.4061770871376546,7.9265651106705155
Diesel,-4.557421827747557,0.2781444909839088,0.5858340802297792,0.4237636403010745,8.097986269727329
Diesel,-7.611698441937194,0.1831782211193997,0.7599704201048103,0.32502241249681896,10.537452154761562
Diesel,-4.827873690410618,0.22007490752731046,0.656084328597642,0.3082793303664975,7.6817254973303575
Diesel,-4.558600889678241,0.16927353304132334,0.7061131756948799,0.26229598105629415,6.562209905029987
Diesel,-4.098615334413684,0.1994081426879838,0.5461500113005658,0.5362740826998963,9.494985865956204
Diesel,-5.079245434742761,0.17150510402939473,0.5713082424062325,0.431162882372473,8.833279210576684
Diesel,-6.508483574018538,0.20853685553103485,0.6267391300797406,0.5286769756375254,8.905358994722143
Diesel,-7.50680164483529,0.18931848457573072,0.5071216630016584,0.4568087420611674,9.107784020606053
Diesel,-5.898444014389756,0.18659364846860751,0.6069169793035983,0.42089192734777553,7.231880417939712
Diesel,-7.218711100769365,0.09749304787223234,0.7267182131738884,0.4496366243634966,8.435013213613006
Diesel,-4.73480111204705,0.13722659951537913,0.4264369124144981,0.438423191651909,8.351925650532117
Diesel,-7.731306809672754,0.21797605310702362,0.5599777047600432,0.31929119402624184,7.599891550061105
Diesel,-8.44152857091847,0.17043128883040312,0.5295705430515795,0.45571024469361404,7.8101238361869365
Diesel,-5.361131126321118,0.07252303276316596,0.5160901777428951,0.45559970515714443,7.629362443312214
Diesel,-5.154539467025633,0.10976985453053884,0.6731110839689474,0.336086078221496,7.116563498740791
Diesel,-5.008952953072548,0.2580950564978253,0.7034699696087282,0.6038641925048266,9.520164330132001
Diesel,-6.7954365837322985,0.20708190640678253,0.5639802091515065,0.6029089859949066,9.325843945638452
Diesel,-6.188880136713456,0.2438954898876501,0.4767801533686895,0.4250261737645473,6.874493008876299
Diesel,-7.688592200627407,0.2392268118764917,0.6908591095187552,0.4457212636211986,7.780439551320199
Diesel,-7.266358654846409,0.14193265646413764,0.5030720020261202,0.3766326708275077,9.291414480325898
Diesel,-4.9395957889213475,0.11757162001935616,0.5306766663283052,0.32798389804281614,4.9621002457985055
Diesel,-5.4338790530500924,0.18769200878407394,0.5886857463369024,0.5345871058375639,8.105970815941228
Diesel,-6.430730464966018,0.22860388105024718,0.7058871846575562,0.4296467566049226,8.827027518437779
Diesel,-6.145567649742884,0.19590711268201688,0.6113020710298829,0.32468790495673383,7.318326062756479
Diesel,-4.622120358181526,0.30039780479311606,0.759219791403818,0.2676742643231453,6.296170958498033
Diesel,-7.1907094319451605,0.20671937209397406,0.3191275407642336,0.34111984333804996,9.688519146993336
Diesel,-5.017561169271092,0.17454526747132465,0.5566644558829362,0.45672417068069043,9.122322506293038
Diesel,-6.53313726773976,0.18828169891402813,0.5433990271479977,0.2668650558624786,7.736307502373823
Diesel,-6.295927540208764,0.13696779420056723,0.664608093763773,0.44833206786258895,8.834863641014092
Diesel,-6.768070355464368,0.10082121609426764,0.6467331129645649,0.3335887285370287,6.931198240105159
Diesel,-7.2570530746434425,0.1862338735956423,0.7577327297050472,0.3494550478644486,6.69223634699968
Diesel,-5.348066598969972,0.2086406139885642,0.3880698632311792,0.46623463197532866,10.554161322201919
Diesel,-8.600535927429023,0.1382146987988938,0.31514729113483936,0.39246955792591653,9.188463483933623
Diesel,-5.894499250203721,0.26959978490563347,0.6830550290330134,0.5702147323502177,9.392252921728513
Diesel,-6.402943068609504,0.203336322811742,0.5131323084519027,0.37693438311319516,8.074198006421744
Diesel,-6.084907323535354,0.26711267631518054,0.5669831937493169,0.3067913586442643,6.956466758116176
Diesel,-5.344899728377469,0.12984307959555003,0.5798813829849082,0.5327500245455421,8.351118134888996
Diesel,-6.074605389118754,0.1982044798180785,0.4970435407772827,0.3142865289565459,7.765781992502507
Diesel,-5.728726969890706,0.24740750059010555,0.6092560617171434,0.5352774175754248,9.926237618251431
Diesel,-5.204732787517796,0.2612490704027942,0.5009286478611905,0.28508010653119376,8.621568051548198
Diesel,-7.3412098118670475,0.18548140779920336,0.6771191905329739,0.5413372924685207,7.694941219654321
Diesel,-6.649944295307691,0.21602308107557913,0.492645655647611,0.3826721351706573,7.990399942068462
Diesel,-6.027983992670795,0.2044251736908941,0.5165485144427858,0.3273007007381583,7.103460486760856
Diesel,-7.620094339195057,0.21709151609230531,0.6894657451692005,0.4796310082853536,7.685003767447094
Diesel,-6.811005239463888,0.2372157321181345,0.6638923022374551,0.4217420642436296,10.093173502907927
Diesel,-6.026425521367063,0.18715550080375556,0.56001826689254,0.24391222935191928,8.793607956970751
Diesel,-6.105485367157777,0.22549656206783977,0.784187800209124,0.3609248230095383,5.194389539850139
Diesel,-5.518929630489228,0.2083429694946338,0.5267546124028679,0.4397266335621498,8.94331558412525
Diesel,-6.9466099102115475,0.1849334069298309,0.7476753729848927,0.3278377808770635,8.080003706496543
Diesel,-8.624411166043885,0.12590772494593525,0.61575174973328,0.5227987809585601,6.365564381598799
Diesel,-5.925435937939503,0.18121410454731418,0.6953088054992493,0.2782196694677415,8.516093178040983
Diesel,-6.653690686996256,0.21115190124132377,0.6068931052308473,0.37482209258573823,8.57337421552326
Diesel,-5.956347265697039,0.19335968489616526,0.5643583465977257,0.4077598389745337,8.266452257775287
Diesel,-6.9891420800806205,0.1825264381041312,0.4944814055368827,0.3960154577219214,7.289201354175167
Diesel,-5.2292168520187445,0.2336363488878345,0.507725143643563,0.39976926546015257,8.766219895098036
Diesel,-6.175308320164029,0.16358912375972276,0.4907596471955204,0.48542675615783626,9.083255777941964
Diesel,-6.207947598874049,0.23830687922633387,0.3034789470114659,0.5327554650709236,7.811666233667386
Diesel,-5.858223439200511,0.18397411381670153,0.7395707481867505,0.29392683760444666,9.769352391928203
Diesel,-5.603729079054889,0.2311332107959079,0.5670795436671083,0.26917808021036294,9.116612918643321
Diesel,-5.688591648810669,0.26808117291544087,0.5806223679784301,0.35807686211010853,9.665705883968362
Diesel,-4.088105835502556,0.2004673588182865,0.5247242503142894,0.48105307627895494,7.695175320595191
Diesel,-5.400737174599202,0.18703620128106235,0.7564014018211813,0.3300510494949301,8.576635595026351
Diesel,-6.488701970232124,0.18592467192896156,0.5587944345239423,0.47386080660934154,9.102035737920644
Diesel,-5.442261171067629,0.19460082666273648,0.6140180031001593,0.4897721568459425,9.115173904649126
Diesel,-8.690275631353535,0.18638889141136522,0.5775741208560514,0.46692525641261623,7.919875018747105
Diesel,-5.280816619050713,0.1460669614484724,0.626005451546078,0.49002056534504945,6.230740556818223
Diesel,-3.486356531791097,0.25954429664332596,0.6001353302465642,0.3171591892761232,7.789897819671553
Diesel,-5.91619764038866,0.2220331278406024,0.750066084946003,0.3523901530557154,8.675251805087074
Diesel,-7.292429162600113,0.17931996428373664,0.6376716847869358,0.46912624910088047,7.0961210280024565
Diesel,-6.440791696011914,0.2730278317791773,0.7161908619628045,0.42084572170523665,5.3160258161351415
Diesel,-3.4888674523099916,0.19900342191713777,0.5687432941978673,0.34776400741458857,8.451640444638931
Diesel,-5.61341741082907,0.24753139365632562,0.5073937835650987,0.3687505121858739,10.436654867869043
Diesel,-5.775409366750008,0.1913737813336627,0.5058382234416298,0.4505934305820752,9.237221860450934
Diesel,-5.125412354190193,0.18705995681955417,0.6361252283363535,0.5671659436648612,9.285058750605762
Diesel,-6.7841627421933195,0.07269974676892653,0.6296772507084235,0.4798568126748433,6.692930609752085
Diesel,-6.008789522122778,0.18681504670634608,0.6104286322232199,0.34553037128802877,9.548613197153593
Diesel,-5.852031119367237,0.1560491556917625,0.691746215359372,0.2735812404008295,9.541393253042159
Diesel,-5.008940575777436,0.26948876476603933,0.5841753627558384,0.35038860202166233,8.100826113119712
Diesel,-6.084436786355531,0.1673631857218244,0.5446376685874357,0.3633627152733536,6.5959955762721645
Diesel,-5.322036710400665,0.1973851431214497,0.5691621530766353,0.2889645839058323,6.607552426799042
Diesel,-4.064085949277588,0.16863712685692153,0.6610528394209326,0.4162634469900177,4.669773846670277
Diesel,-4.2075491768614075,0.2342041989388058,0.523232984569519,0.39716334955704047,6.620979959115601
Diesel,-4.173779521538866,0.1546171145879268,0.547691600330534,0.3270438921852409,8.096455280251003
Diesel,-4.629683499860686,0.2894687224547579,0.5601003855777703,0.43782589823179224,8.098286495124889
Diesel,-6.981609264444058,0.32112777872979725,0.7362759562296255,0.4189115849711035,9.898251312198786
Diesel,-4.787893287282195,0.2040930670540878,0.6325963605327993,0.5512126142376654,6.864615702644383
Diesel,-4.326309302678661,0.1887443719657442,0.7524676742847567,0.399477340253718,8.405127466967567
Diesel,-6.034308356572459,0.17340781885943865,0.5729945101855688,0.5379111403168567,5.223003220793038
Diesel,-7.238965944804837,0.1637264145320949,0.49216552075639786,0.550997961041549,9.509212373423845
Diesel,-5.407968190605384,0.16810979662612324,0.7335051866794137,0.2411870074004456,10.570379168177523
Diesel,-6.684629797177551,0.1868982389079281,0.5570656149505285,0.29268925859013234,10.310135748724303
Diesel,-5.211105369215513,0.2607735271039894,0.47763307279392286,0.4180937827004,8.625234427197684
Diesel,-5.729243476450157,0.1419813274466,0.7075500021130637,0.4121550082785155,6.854043157228396
Diesel,-7.855250539552664,0.23033332567449402,0.8450455734131501,0.29847457266537186,8.204536460495559
Diesel,-4.889502720908423,0.13651738669493493,0.5520043230914975,0.31398412207385984,9.181612033789456
Diesel,-4.674477430645941,0.20795181323658676,0.5158265931005899,0.35572090620721525,7.243401782903896
Diesel,-6.977268861623006,0.1948980899590768,0.6574826484461862,0.449025744442852,7.990121162516587
Diesel,-5.9429461631746365,0.19592246024551108,0.4702788460833726,0.4160134896982873,7.29964929745442
Diesel,-7.347343219159438,0.2185352783557792,0.5388269963581455,0.4227753921258836,9.017165378083313
Diesel,-6.950238721145232,0.2046060641036486,0.41895771182696384,0.5532533090609276,6.369120203733462
Diesel,-6.514819662397374,0.2669189951881979,0.5765477073919014,0.28026023136996997,8.855687878743842
Diesel,-5.309467537848815,0.16834068303173835,0.5475073479219601,0.3564591029381914,7.751571247176763
Diesel,-7.892971076921807,0.19092880694409503,0.7783914198183148,0.3104030032763296,7.299807687836283
Diesel,-7.1836176631963955,0.2306080963197677,0.7203197358142376,0.5180317839177625,6.502387293327608
Diesel,-5.50020826950304,0.2716875017107118,0.6509663107710123,0.4478409683343777,7.43402890563781
Diesel,-5.779890176206337,0.26181590898532026,0.6328208968428763,0.2751725243970274,7.452749990856835
Diesel,-4.790720461111007,0.21623716601755477,0.6119062078243076,0.34459844667533,9.426319016641322
Diesel,-4.337587402177743,0.26315945615090164,0.7442591621445372,0.36412937592338335,7.399797083151316
Diesel,-6.156345173499186,0.2019286620988127,0.7431019780125255,0.5165886739468417,8.646163264705393
Diesel,-7.4311867658468875,0.11559890777015625,0.6240462744801702,0.48802632056007167,7.904519541216635
Diesel,-4.085095495021595,0.1458779478109782,0.47916480505044007,0.3335719025525679,7.157243344170517
Diesel,-5.473714131318021,0.17891440740782488,0.4452159538721338,0.4891578456695117,5.888057688713444
Diesel,-7.0712182230107095,0.11886467146280656,0.6207121277070874,0.41860477121512124,10.299745185219624
Diesel,-5.086173343854449,0.27208230916711,0.6288609651298492,0.30230681789094366,8.153729122392196
Diesel,-5.407578992612693,0.23519036911257876,0.5527587855891658,0.44887864737823996,6.880366434990482
Diesel,-7.043277594110717,0.14421076443072575,0.6024625988556797,0.28221636449236964,7.4903067321547905
Diesel,-5.097083448586042,0.14854351609608477,0.5495687966495683,0.407163127677617,8.29626428183872
Diesel,-6.499290590805561,0.23934300343675785,0.6590452300784725,0.5139856604361703,7.902077690783528
Diesel,-6.512818809456343,0.16586839889939392,0.6307027517929362,0.3622844217188727,7.316996266783053
Diesel,-6.448287264245322,0.16581547574378744,0.6199021112762731,0.2587416817455939,8.363619550969956
Diesel,-5.323451239597049,0.17095604309113513,0.7922036939606547,0.4017621310976853,6.126388420280134
Diesel,-6.28124290633667,0.20313280724678984,0.6448967555570214,0.37425694758891537,6.786115669154731
Diesel,-7.094980618112283,0.16732003574091645,0.5442224637481237,0.28650258351007424,7.120624206675561
Diesel,-5.340541475560645,0.28242063038472437,0.6755461713870963,0.5305861086186813,9.168942161880437
Diesel,-5.166869671601655,0.1831101868471336,0.6140910878386947,0.3579380657543979,7.737071405199647
Diesel,-5.931832899613414,0.23567830757895136,0.6423323381515124,0.3838170736985644,8.06664648907
Diesel,-5.5665363258064735,0.23336972190289176,0.44810048367427974,0.2922611036101063,9.32877264072721
Diesel,-6.060869569931058,0.17879617033165107,0.5736500527073961,0.37362946944234465,8.66952533782925
Diesel,-7.108016393980767,0.20123888732483808,0.6246117729450404,0.4396267916565504,8.267436795452351
Diesel,-5.4840937696859715,0.17136519244708437,0.5058197267675044,0.6457004443250514,7.638482378510917
Diesel,-6.184454470654568,0.2338920048858942,0.7596089292194241,0.3455471883065304,6.801421678172569
Diesel,-7.24215335079161,0.2796553110751463,0.49618930135389655,0.3972444063484433,6.827258201548437
Diesel,-7.448355917958304,0.1853812323453157,0.5062213333658839,0.33083715745766873,10.407326116900885
Diesel,-5.575103895827597,0.24657347597769946,0.6824659562849252,0.38991390769209755,7.472337968746851
Diesel,-5.751065388138883,0.20842253849662473,0.5431194582834692,0.41298478304668607,7.152404351964449
Diesel,-6.17145793064084,0.18323582627413318,0.47311274073942206,0.16488417868878302,6.873124100072361
Diesel,-4.195895335413699,0.1845159108981636,0.6775968160896404,0.1875554856906642,6.7900567184428064
Diesel,-7.354489617362351,0.18988499949564427,0.8421955480535244,0.4460238943227918,10.034735039933704
Diesel,-6.254436727685664,0.2682434686927536,0.8073256706682891,0.38906309335895417,7.352882346527162
Diesel,-7.317810936990153,0.18454698707115152,0.6081896675200791,0.603095361734915,6.446031231084697
Diesel,-5.940338106303022,0.10928459393051915,0.5573237171161431,0.4311395357412019,8.61509978322627
Diesel,-5.410976920358078,0.2198702016443423,0.658042194009624,0.40457391290026634,6.742560432813234
Diesel,-7.851656963680056,0.17266560891313917,0.586538456693677,0.5253931797175481,7.879277989812576
Diesel,-6.196569034216693,0.21927635634208897,0.5729988012548798,0.4810541998946939,10.375200342060653
Diesel,-3.8092144857892993,0.20485203136222446,0.6336892364695448,0.5578856120373483,7.820045572524474
Diesel,-5.3208078580758205,0.14324199351570874,0.5689160851725001,0.5156114616645308,7.138165239454852
Diesel,-6.128051178729677,0.12128951771989403,0.8005768294509636,0.5263028069816903,8.225719479383297
Diesel,-5.492487127917672,0.21979490534716845,0.7384311753030786,0.3481199957628628,8.878721143913879
Diesel,-4.922583501147827,0.2607662985238229,0.3740629116168302,0.3400725521734856,6.776995254437715
Diesel,-5.850411714429314,0.0991984890242864,0.39543771090543967,0.617009499187626,8.741227265916008
Diesel,-5.878990756801189,0.21818363239194913,0.614634092374918,0.49973506565515263,7.241066969523225
Diesel,-5.813385173926431,0.21137106339688577,0.4953142041541662,0.5276983059063053,7.465187912118309
Diesel,-4.9825783301910995,0.205745636318574,0.7633584832409058,0.2958620911478476,6.6982894381874605
Diesel,-6.905695591004308,0.2066647775257187,0.7541468395778205,0.559309361816525,5.228037679473872
Diesel,-5.750292838777462,0.039352319474248866,0.6795031793785035,0.5118169414895207,7.951706870369377
Diesel,-5.916018422505245,0.203681944647012,0.5215558081258753,0.44317057853214803,7.722310398016091
Diesel,-5.069708290710381,0.19431865327403852,0.5138976893511741,0.24641353291344897,5.763122209933146
Diesel,-4.687490656045565,0.17711053235704904,0.6338574190081648,0.5783229891744519,7.324634802442531
Diesel,-6.627477484381154,0.19339191238223383,0.6029432700419992,0.5887551350255846,9.878984712912937
Diesel,-5.379124584093253,0.2724706884498434,0.5821780987432144,0.4299164567188479,7.638183626553566
Diesel,-7.29036838257964,0.26019373708967974,0.653169873398986,0.4018073473423664,7.997038580825389
Diesel,-7.506214870906509,0.15112623334236425,0.6336153170114025,0.34708873327254947,7.738744350539012
Diesel,-6.1046560647791015,0.16587656154914449,0.5032081679975949,0.23876423690746265,7.824178065186151
Diesel,-5.381391452389717,0.11781829288900249,0.5975952174900173,0.4281143252691561,6.812503515525027
Diesel,-4.577858188451912,0.1807142315480796,0.5898740311543489,0.38387304994020216,5.875070692890733
Diesel,-4.991247928315956,0.15222406157903814,0.5763479484594264,0.45976610012779956,9.753084111373441
Diesel,-7.0799322818968395,0.17767582072027865,0.7382418630007154,0.4463713879275447,8.80540563086193
Diesel,-7.051131735776168,0.1810395235036721,0.5832164567619569,0.3142105242657026,5.990516449191311
Diesel,-6.5104985587635955,0.2677144099792215,0.6059173465560496,0.5374290913573376,8.214825097075423
Diesel,-6.764707729587963,0.2638809506615861,0.6212326140667899,0.49618388324273976,6.718006194655314
Diesel,-4.961243710385497,0.2534444637772099,0.6289767144356535,0.31930779141902177,7.944789405544865
Diesel,-5.388708852761756,0.2117285009968267,0.6601082738107764,0.5012245907652906,7.221864015953694
Diesel,-7.155075620960139,0.19812305993138793,0.5670256841130132,0.478584641315615,6.71060193240943
Diesel,-4.97961812582232,0.2676806054773383,0.600030496426229,0.40607361255813046,7.078944198523816
Diesel,-6.542660898974066,0.1795831659677158,0.7442940067837931,0.3928129214189226,6.41339245203199
Diesel,-5.744645657887997,0.2413145062311138,0.5974588630678405,0.546921343972699,8.933010400719077
Diesel,-7.049128729887854,0.17242835938017992,0.6226226281424608,0.23338107619733928,8.403628084964737
Diesel,-7.761582427254648,0.2511716727782255,0.6907273684791708,0.4504781360915071,7.188945962777226
Diesel,-5.829797175386461,0.17433112562426756,0.49691847225499336,0.36612569882285895,8.837918643790514
Diesel,-5.956185807168239,0.2725354962067212,0.6765780539480275,0.4658690813905619,6.069288140665275
Diesel,-6.285158530155279,0.14678137947829004,0.5816997120376096,0.33067238760768436,7.5468740563304735
Diesel,-4.938837267626149,0.2237624964502917,0.7007114428981635,0.23993168909840146,8.069569635938796
Diesel,-5.033295018603399,0.2753147957443578,0.4451911610307507,0.364851636383883,9.241072008805716
Diesel,-6.192278312811445,0.1544791162915138,0.4450000821503992,0.30512984653368336,5.973317997723525
Diesel,-5.941539543165974,0.244815509288933,0.4739025241091396,0.4257729741211053,9.01432523533504
Diesel,-6.002708326848349,0.11946528525413774,0.6386211554662503,0.394535305523553,7.812194421678973
Diesel,-6.546837245760464,0.20433937131370208,0.650981790844696,0.6390648134335849,8.134798482064646
Diesel,-4.488858839987326,0.21788775417134384,0.5900471672352247,0.41485475277112926,6.533916356368989
Diesel,-5.694139729247962,0.10039674675893139,0.5137333642111468,0.4109843093133811,9.432778727814613
Diesel,-4.569375603001606,0.18817267101795326,0.615571731953044,0.4984362469582028,6.404607713368497
Diesel,-5.595252494684496,0.15860535663170955,0.5828174955323281,0.3540976749505685,8.522429752457777
Diesel,-5.44969632599091,0.24455393386986987,0.6348198828464449,0.41716537699688966,10.224828560526321
Diesel,-7.524359070197177,0.28478049300646197,0.5710178091131602,0.45708915863683053,7.609208383287679
Diesel,-6.702541629551626,0.22422885963971143,0.7042128308614443,0.4473007954967405,7.349461055980542
Diesel,-2.3886499371843306,0.2599286835433126,0.6933342304207253,0.3647035769257796,7.249801054053153
Diesel,-6.279839075842939,0.25407032721962414,0.5009395662924172,0.29317961685456834,8.647457040033222
Diesel,-5.68080355535788,0.1614843231054552,0.4908796421584775,0.5437896993368432,8.428405310359475
Diesel,-7.363535863728033,0.1353187231958853,0.5638488027549531,0.47328418069976336,8.714010562529936
Diesel,-4.868321462998782,0.12548250962696014,0.6223846689779656,0.5425910332321361,9.59936207657132
Diesel,-5.641090018587314,0.3174009254326938,0.660928511641586,0.5042746632841343,8.053337502530608
Diesel,-6.780975292844287,0.1562395399610627,0.618161521479442,0.3788497993149793,5.8776971961038225
Diesel,-7.025793584925741,0.18407982129729536,0.672727937593716,0.39839261138379256,7.913522947399383
Diesel,-6.986912627003316,0.20115830400310494,0.7319101027445988,0.4155575112758557,6.191223702221766
Diesel,-7.251522794304531,0.22943944386115767,0.577568452477738,0.3925419769896486,7.264718989982292
Diesel,-5.496587787800087,0.18495411433773254,0.5813386778271395,0.3148776608336874,9.106029557771324
Diesel,-6.221132791616421,0.230394016655988,0.4806408435965982,0.5733883138378608,9.532848846215867
Diesel,-7.909797669658927,0.15990312624681427,0.6477634391009884,0.2680271343850996,7.842087101404009
Diesel,-5.573368214023203,0.19076370440102583,0.6538838703537095,0.3306670095398119,5.306982149398253
Diesel,-5.01788468783494,0.24879073268012653,0.8503636642288332,0.17928134820656855,8.900998531216178
Diesel,-7.968682138083387,0.28782466408376595,0.6487866833696009,0.3048071152323747,8.936266969521723
Diesel,-6.5530450077169355,0.21502080497756346,0.6205960716209084,0.5744168136147295,10.177911092103814
Diesel,-6.597265373273506,0.2529052808998018,0.6354840155570297,0.25873179329930884,7.164525943553384
Diesel,-3.663853900400376,0.21789272005523277,0.6999779579517522,0.37879556876330095,7.35206970233679
Diesel,-5.972735492365525,0.18669479723768914,0.45067470689684014,0.29966745425459684,8.849461417294677
Diesel,-6.380690689102411,0.20128524410139537,0.6234923050497211,0.431305004881872,9.375894873578444
Diesel,-7.098695815068532,0.22851263617718123,0.6755027793519648,0.49858517790015056,6.304498880702154
Diesel,-5.745180781653001,0.2858037973199259,0.5900879480843376,0.4483494701964292,8.936474713502221
Diesel,-7.02546984439826,0.2916912364499987,0.6499500796968903,0.4519502814193426,6.005567146387358
Diesel,-5.2054552017866875,0.22532051706895687,0.7624191327722064,0.36887347856956465,6.81481000448187
Diesel,-6.682238994774333,0.17475108824963506,0.4881153481868626,0.5290160023765993,9.593237435518
Diesel,-6.195791701140055,0.1803620038957903,0.41845180866806875,0.4695961255303605,9.984128130591012
Diesel,-6.637194717259557,0.1941607737111801,0.6434291461315731,0.5724418360609906,8.239731466202114
Diesel,-5.8045700839734815,0.20896592505799017,0.45749674930963263,0.25532093461701355,7.030405797062153
Diesel,-4.987109425962627,0.18323214647270036,0.5470395951197707,0.34528253958562327,7.834811745832787
Diesel,-4.29789206589836,0.19244013071514393,0.5213702594625141,0.4025245629081633,10.106100326913845
Diesel,-6.502824718935615,0.14094974957845274,0.5499008730269582,0.4128763736348433,8.825889140990407
Diesel,-4.993116421317755,0.1477141363018836,0.504915466554093,0.367673774061251,8.821391629636276
Diesel,-7.2600078976522555,0.16963365447911516,0.5407256270588052,0.49417488553643707,8.633912912797324
Diesel,-5.09628163895008,0.26693389871165274,0.5694349904910919,0.28125938451463184,6.582843658583576
Diesel,-7.83810756505884,0.17706165851669037,0.5615777385168261,0.4787553406805048,8.020297060611925
Diesel,-6.490328444342606,0.1942000636919707,0.49610265162852357,0.5025406570751286,7.05690132462859
Diesel,-7.139931271935896,0.2408940983353735,0.6574164208363852,0.22763146214409885,9.026001961652266
Diesel,-6.741592639094057,0.18129477362180402,0.6187020107693937,0.4586624882616822,8.534575009625032
Diesel,-6.049818330906002,0.17876783355420447,0.6412220693565447,0.3881612162655772,10.166425350951108
Diesel,-5.413590990030098,0.15382921875048228,0.5522400048626348,0.40481921772598295,9.559317458084546
Diesel,-4.588894990887865,0.18019326398172178,0.5066365783410557,0.29385023587938125,8.302914508658937
Diesel,-3.696215690782507,0.22695470521275513,0.44060874733159927,0.3273995896753999,7.251302957786105
Diesel,-6.822002520114908,0.180605308753289,0.6369394861019941,0.4681981169322647,9.310116189099972
Diesel,-5.4757974269528225,0.10229248798355796,0.4942695412468686,0.3841905963140809,8.176735826920975
Diesel,-5.138581640123743,0.20215920881083865,0.6050707253863674,0.4237797363139059,7.693973913462558
Diesel,-5.913114860122189,0.25629160895058756,0.5916089101215998,0.39697872732157174,7.959697514279372
Diesel,-4.702226186208831,0.1445973336585279,0.7775846894791195,0.2823618145484487,7.214935686406689
Diesel,-5.255261730284681,0.25151583477368356,0.4596500983001512,0.29072981367529144,8.333411371366218
Diesel,-3.655580612236204,0.26231313904993403,0.575190295036819,0.1580870861924244,8.09797128130539
Diesel,-5.6377031963534465,0.18086524294585982,0.5149276009453404,0.41591652603213886,6.869286567327247
Diesel,-4.127551339191276,0.27583723987669084,0.6657912631592761,0.40897105691193164,7.207803096063728
Diesel,-6.020787183890901,0.2819648567603638,0.6868654058436628,0.42036922784764597,9.108769201001115
Diesel,-5.454389336619172,0.2198138769943436,0.6980563258991536,0.4517027644824758,9.030261764124054
Diesel,-5.838612950365491,0.18729370884049484,0.545183712105985,0.33326903945290415,6.073795469070161
Diesel,-6.911939946811664,0.15295732352089098,0.5492654804015964,0.5562244210638292,7.810925653335468
Diesel,-5.7582331101156905,0.21366598222559638,0.7587580912842367,0.3424414546154709,7.732973503690326
Diesel,-6.106199371774183,0.2568267427887384,0.7344105693754455,0.44745838196939447,9.479491248874256
Diesel,-5.8223390035310105,0.19136983761915888,0.7178724086585622,0.4487617675233798,7.117363200910901
Diesel,-5.002579061875649,0.18957536844898604,0.5669176477275796,0.48930043681997126,7.8934014309861045
Diesel,-5.611041463959711,0.23309697920353997,0.5217056920727615,0.4384850564682202,9.619367726313948
Diesel,-6.95646714373961,0.2224954444415614,0.5170532265419712,0.5021397683840398,9.214286700499725
Diesel,-6.354322340249099,0.31048143260954314,0.7106625309137284,0.47069289851361695,8.780733075327364
Diesel,-5.0160730907937765,0.150217879637792,0.6194607598461024,0.4383190385377328,7.519836724036928
Diesel,-5.535204730556035,0.2615847150217003,0.5578230912234093,0.39455756996286945,7.015297644975266
Diesel,-7.786989009810792,0.23894660902602555,0.5974266205160752,0.4047579417152788,6.815871658191767
Diesel,-6.185503529036191,0.25482968945910617,0.6000821336779459,0.4029183758055413,8.249033933436108
Diesel,-7.236382128406456,0.23124602320511786,0.4744801885084169,0.3060384418720974,6.740942277191402
Diesel,-6.175224966630545,0.18237736482310715,0.5998774961691745,0.3094743840223557,9.206594384367653
Diesel,-5.165972431273669,0.19130932435541398,0.5521633283412062,0.3420642506654801,7.627826005987185
Diesel,-7.400245228751176,0.152019634389408,0.6860120391984966,0.4301812486075869,9.961129383171837
Diesel,-6.2991951501693215,0.18192433864465665,0.5592101075456352,0.36808355167818313,7.208055184224082
Diesel,-5.7290117853128,0.20145520335742056,0.5490085498161728,0.5251148913018903,10.275899506983569
Diesel,-4.8334227944266,0.22790620065416975,0.6761769726263773,0.5856415517826336,8.912383178911309
Diesel,-6.585185852599285,0.21961362633252743,0.6626244266063318,0.300528272596408,7.658083017628186
Diesel,-4.899608175944534,0.10882536324752069,0.47495714549594054,0.3823592946371672,8.424415514606846
Diesel,-7.357632444948907,0.19366053741670294,0.7153768539088566,0.4068651457074284,9.126906732357357
Diesel,-6.592114121335003,0.15950415716054092,0.6848873830285047,0.436926553465619,6.577284790670649
Diesel,-6.800840916162789,0.27822906205287073,0.5075444780530683,0.4934328746725998,7.426175963319561
Diesel,-6.003175856767132,0.21472963104716863,0.3899018789500401,0.2537282664572701,8.103599622544595
Diesel,-6.7243075637838805,0.24982906476373112,0.4393879119131875,0.45652550562579874,6.348534535514808
Diesel,-6.352104994144429,0.1467811117881018,0.7902429880471198,0.26605078370299645,7.853528365557172
Diesel,-7.726836148020152,0.2799785061035295,0.6401282416177205,0.4136973089598668,9.76917552715007
Diesel,-5.852577558577388,0.21097856780705387,0.6131725288065152,0.45636343254431194,7.409070339294485
Diesel,-6.214287307363333,0.2405167314228723,0.6277372951557881,0.38857560858978746,6.319373130763145
Diesel,-4.501949715463405,0.1669272945024615,0.6987237238419257,0.41757536516880855,6.447859372724156
Diesel,-4.747724522469385,0.212727032319977,0.7335345356737042,0.38175912992640815,8.844861475960466
Diesel,-7.762527111345014,0.17498920682031216,0.4727006667768728,0.36252161499616087,8.566174087407374
Diesel,-6.604580087654146,0.2431921046819391,0.5143387356449989,0.48852366136499786,9.571708599048844
Diesel,-4.986473864909014,0.18279054740851136,0.3874546402055857,0.4582166996737348,7.849718342341635
Diesel,-6.978392940127353,0.1721860467564795,0.7434425316444802,0.28626597993898456,8.561971010745454
Diesel,-5.782041824362596,0.1821306167668384,0.6644532687313046,0.5632245258898866,7.644834195336562
Diesel,-6.243180948077101,0.23110324524951,0.6918242821435001,0.3872292792851365,7.633551516687622
Diesel,-8.21764652071976,0.16109955438167234,0.4860688327932449,0.46846249963118913,7.70731646167899
Diesel,-6.283021605538928,0.19954718681885095,0.51298235298746,0.5553247186688754,9.557832694035932
Diesel,-4.381893216952312,0.23417086156194458,0.5970521884978063,0.5614729303006886,7.182839796904425
Diesel,-6.871208979033012,0.16992442426150706,0.6522871266914299,0.32378948066123275,7.813552414138401
Diesel,-7.6018552938847765,0.22405488327141224,0.44828966328168907,0.30678389451346383,9.460600561875973
Diesel,-4.81968168301389,0.2187156544773249,0.627566358173523,0.34690403528457414,7.072515603509358
Diesel,-6.36224169775738,0.12431729127688412,0.6252448554953663,0.40488311248084097,6.87989447994768
Diesel,-4.431318081158643,0.23034568551435242,0.6691841804008857,0.3512660073960835,7.998403906368412
Diesel,-5.372627329812578,0.20763911835501178,0.7601900784769872,0.3796212430583249,7.394527361316667
Diesel,-5.365747123528574,0.1367676363856744,0.6924296932308112,0.2699288199408017,8.76630159927026
Diesel,-6.648273554172663,0.22382920734916967,0.6907342946061017,0.4153421195503919,6.560454858031184
Diesel,-6.896775244507152,0.1635670429483109,0.41049931064022255,0.5127477858731929,8.132129102907594
Diesel,-7.135518045188995,0.27278374287291784,0.5298671899861837,0.4250572489074872,7.009675345764558
Diesel,-8.018260153329027,0.13177797205743697,0.5551509569133568,0.48982968712060476,8.415839776183095
Diesel,-5.859794873828755,0.0994986188627559,0.7270086147680095,0.42236796964955564,7.856698796129408
Diesel,-4.8675768900111045,0.26237483617841373,0.715459024760919,0.37529135032967126,6.795828127058965
Diesel,-5.011077082857927,0.13174727784647916,0.7947256738664282,0.4027999545194563,6.726938893160499
Diesel,-7.231868554156611,0.13611975879719704,0.6140362906720843,0.3993607679940213,6.516893391788969
Diesel,-6.356455786555902,0.1316032306954329,0.6589301805944172,0.39454067338872867,7.545916992899063
Diesel,-7.288110730067527,0.18499221998886173,0.5585272118653672,0.4317726701209597,8.200421573740353
Diesel,-5.2079398979206575,0.17577117282474689,0.4139588497803505,0.499109287659804,6.876760984342184
Diesel,-7.1069170530152554,0.1978441727443124,0.6302270512954516,0.3469163594285318,7.353568782238248
Diesel,-6.391026317765555,0.27082701754965716,0.5997321912441868,0.3032037160538204,6.850659971716439
Diesel,-6.2508841795823695,0.21189289670140038,0.6483980161966191,0.41241586038472156,6.989751978899493
Diesel,-6.4239412995607825,0.2366953940932312,0.4853908039546904,0.35342466069225376,8.716955429457624
Diesel,-5.124718573364824,0.19035423144543087,0.5588793189429184,0.267788205855626,8.630767907272514
Diesel,-4.681220314853211,0.3282577029299846,0.6386446183518046,0.39491203483560194,6.896227264218911
Diesel,-7.8788569137431494,0.20884796248699167,0.8350339120154303,0.5270812229656913,9.339877122936558
Diesel,-5.754397182942085,0.21797615801401612,0.35762526817220225,0.4762510580763997,7.3047913165090215
Diesel,-6.701727346595887,0.18383715234756964,0.5642995510548985,0.32823644080283376,8.01664648661117
Diesel,-6.558277596208053,0.20501614778780733,0.45128221854499667,0.3785942229367983,6.684445292376498
Diesel,-6.641449318497866,0.20716994215167653,0.4396002385245042,0.3177592622727863,8.682757261803602
Diesel,-7.413177841865801,0.28889335701394037,0.7204407956130646,0.3505472915547721,7.055348374657924
Diesel,-5.798060096664518,0.12762688714864204,0.3997857275167567,0.35406648759474335,7.83914148019737
Diesel,-5.905572775646469,0.1692629691941058,0.7273946729474947,0.2504860341516117,6.634085438050281
Diesel,-5.513364043855189,0.14191763071814295,0.47996795478026827,0.4123354792207164,6.7357728556207626
Diesel,-6.1330844279206875,0.16500717201711218,0.513833629662726,0.18976946086550597,8.167475783385605
Diesel,-7.247189992112929,0.19158788982347402,0.5487895101651434,0.37934919413001167,7.820389551184087
Diesel,-5.806371749081737,0.16361203492542786,0.7242696479273368,0.21525999391444234,7.728090657767325
Diesel,-5.163769023589133,0.2238386276501302,0.5025164423471403,0.3191754507011976,6.791848928808076
Diesel,-5.400772369335611,0.16300381357422458,0.625512308812345,0.42643014140759555,10.842072161882447
Diesel,-5.686748740198297,0.15944279926247684,0.45398497379336006,0.3724147285362255,7.857096989087218
Diesel,-8.210699527390556,0.16430729198534935,0.6297352542827552,0.34676443297338255,9.162348542847004
Diesel,-7.55835644472052,0.23384414100766085,0.6913889741525953,0.4956496475841537,6.120972338414745
Diesel,-5.685447204142616,0.16656229407392426,0.45938575580170987,0.3586132275026292,6.914026409719029
Diesel,-5.079249531836131,0.22565316715067849,0.4847555531891132,0.32757786861690713,7.543163089260052
Diesel,-6.072405147317897,0.25031891374018905,0.6690782326480633,0.405139196897484,7.687221380126093
Diesel,-7.773354034607472,0.26459988130630285,0.5552903402134343,0.5554840240426258,8.235331150558203
Diesel,-3.9747157913785554,0.23031607666831583,0.4567980368779121,0.3385584519738788,7.7970380471936425
Diesel,-6.873782887108324,0.1811469591408978,0.46330608414178903,0.4005721281099123,8.284894338813128
Diesel,-7.004109407206119,0.29701271467409557,0.6063513261280459,0.3183259133877088,6.044552840041739
Diesel,-5.940057110602831,0.18697557335933238,0.6783040907286443,0.3856629735028032,6.567537461277527
Diesel,-4.329281703822419,0.2217812439753593,0.5745891288401641,0.41646385314497386,8.56885034787399
Diesel,-7.428856613893435,0.20788471099814052,0.5549876526706108,0.4507299985629752,7.111781690472466
Diesel,-6.604701855097082,0.28314355492820287,0.7230912090882136,0.07044388200326916,9.388114378957173
Diesel,-6.073652026257757,0.16459089685504943,0.49928252642923493,0.3050882371720012,7.184076866289902
Diesel,-7.127132583681844,0.1322700169463679,0.4959619849156089,0.43233938550656875,8.060108178284956
Diesel,-5.444143548448144,0.1966815080394973,0.4693320669355208,0.4494440923493606,6.794372865350102
Diesel,-5.353385698011066,0.14170399985215196,0.5312523373596474,0.36386083594320856,8.809285761268338
Diesel,-5.824002747872605,0.20100006610754623,0.7885668785055305,0.21630168387748547,6.7539468287593385
Diesel,-7.0811884780389915,0.11146738450388628,0.5280480487113972,0.4687769163796706,7.290023121781098
Diesel,-6.33300297198631,0.1138722586059859,0.5203474424839653,0.3538301284412416,8.770880507056537
Diesel,-7.674916397918221,0.1772495627139431,0.708681803006889,0.35549167143767363,5.461326303057586
Diesel,-4.7208242226518085,0.23674484712691665,0.6869397175078791,0.22562163532546062,9.814946871016657
Diesel,-6.773276085111198,0.17452805278898847,0.5297222834007996,0.4946937181955207,7.784241976993646
Diesel,-5.5182589674123745,0.20379505114421842,0.590495799630708,0.3053215936253804,10.17456870476932
Diesel,-7.463393628505229,0.22061269870173422,0.6376656592107278,0.5154356286152426,9.665708038855135
Diesel,-6.137388599416775,0.22651971529623766,0.7764873710452509,0.3934823233077748,6.720279829921788
Diesel,-6.384468112699421,0.13476770006927666,0.6371816810994723,0.5064456208140635,7.854750209518954
Diesel,-7.6209600494536405,0.25108254175288386,0.4223701038434221,0.2454045222076959,7.785993935006338
Diesel,-5.748214754324501,0.22111237493791772,0.5933860447953526,0.5760043765134858,8.078202009299842
Diesel,-4.965331898247064,0.2393477282047349,0.470712626779547,0.38302695127144787,10.547984615937223
Diesel,-6.504350853940258,0.16626897378216549,0.6170575581477022,0.35314800707399485,7.047554504597314
Diesel,-6.483283394297587,0.2716004835684313,0.5863381308522427,0.2671924967245288,6.185904154294203
Diesel,-3.7931950679455304,0.1888332815282949,0.6434578500965418,0.3228622773660391,8.3851831631257
Diesel,-4.540670348398468,0.16738684081281227,0.6458586779948583,0.2594253724109612,10.42743934204015
Diesel,-5.731464069755425,0.1793603077823854,0.5702125876713836,0.34899618254856646,7.449313803051808
Diesel,-8.44749514234966,0.19510171339516225,0.5860121319394288,0.4488661537260477,7.372227504270168
Diesel,-6.771036314141022,0.19961125277735126,0.43876318819095156,0.41434231875345845,5.765816888573935
Diesel,-4.879181351169204,0.23421349778303877,0.5073814123575986,0.4661138013338037,8.133817069104657
Diesel,-7.00901023108486,0.09885619213854553,0.6316435683426452,0.32057181528649653,9.313963483635295
Diesel,-5.985966266118148,0.16502086517513415,0.7797838733090471,0.4576446492603005,3.613896181875073
Diesel,-6.486391768790867,0.13079555039937885,0.5200202062279691,0.3855267601081464,8.424858210305056
Kerosene,-3.790907406309141,0.07155746153129605,0.8818299188754334,0.22873734645627528,5.201492323133275
Kerosene,-2.9705609178192787,0.04367446913618166,0.8354848365632405,0.10472133235137349,6.0561640438100355
Kerosene,-4.061540604623324,0.10867211412342545,0.8297233654118771,0.20442890647083678,5.546504953608414
Kerosene,-4.88151997839097,0.057170954277584556,0.8517330716028593,0.18481559051615812,6.172603958743006
Kerosene,-4.722998974328525,0.05549804226164443,0.9227332145692523,0.1646689122021851,4.703114017307701
Kerosene,-2.1237563492225373,0.05948782130312115,0.8246901261678691,0.2401312380039239,4.4319064484089745
Kerosene,-5.251932739328057,0.07744727890530341,0.7948470367934493,0.32258563124986456,4.510667624537795
Kerosene,-2.293388254750516,0.022626578629598847,0.9012746793133126,0.22498631364923252,5.8377462255551515
Kerosene,-3.2255818346589913,0.04004509715437656,0.7845578078998501,0.19745411348303912,5.223030257585134
Kerosene,-4.377475696924404,0.055551079403197236,0.866481276558737,0.15449867767280673,5.394971281690466
Kerosene,-4.213769618955717,0.03600038199593258,0.8893687569111997,0.16115043941532278,4.543332410095274
Kerosene,-3.9423593198506754,0.07748623241308478,0.8596392038862148,0.22641441662373338,4.702357464003504
Kerosene,-4.062791699501073,0.04902245532960812,0.8646653118008512,0.18520162134758703,6.339999885476209
Kerosene,-4.298532990801713,0.015855177295892656,0.9871398302185009,0.18363156545281242,6.313169787091347
Kerosene,-2.876167326432193,0.06890428624500763,0.8400986390201298,0.21433424099371717,3.7254897906950726
Kerosene,-2.407881780945379,0.03296388003634661,0.8373049518629562,0.20494932435201255,4.89256024516304
Kerosene,-4.525498625834715,0.07788678104109377,0.897513964174414,0.21610236021628468,4.60044694400325
Kerosene,-3.1485793025244235,0.04071062734444869,0.9285195920168908,0.2055610457741714,6.229781526972715
Kerosene,-4.091056260946866,0.051430663640818886,0.9112710530729333,0.30969625759022223,6.560366817504882
Kerosene,-3.29829230449772,0.061785668659151936,0.8246525654870187,0.21476148705527165,4.086950816003268
Kerosene,-3.699374293052181,0.058801013213871475,0.7519577429265903,0.20193693045958536,5.414874899089106
Kerosene,-4.066967885711218,0.05716097677713142,0.7829138878321843,0.16120678472198707,6.0349381631639325
Kerosene,-3.9995426674833787,0.056797579626298174,0.822673941964571,0.20097470116384283,2.6979878198648013
Kerosene,-3.323190449263387,0.08615865677904941,0.7967491225392679,0.1529833906245216,5.440879898237482
Kerosene,-2.820896567594603,0.04995805365234111,0.7885340989593748,0.18956913816810636,3.9700679196882076
Kerosene,-4.535077034295021,0.04391917801693367,0.8035337705879186,0.16110471379127175,5.074534000222243
Kerosene,-3.827971350290216,0.02152039332358066,0.8698190861254669,0.18090330684343012,5.720261523552609
Kerosene,-3.375601983449712,0.03910917638089903,0.8807073847018866,0.1581521980150585,6.32376206283529
Kerosene,-4.639308960685172,0.05705499217251026,0.8406195427677859,0.14915527428811998,5.900915761785309
Kerosene,-4.491305447093433,0.015998556700433875,0.7058993318415985,0.15624776527860149,6.375908419298973
Kerosene,-2.993809225997072,0.03562803195304936,0.831277254264931,0.17675434622219885,3.6665678545504314
Kerosene,-4.759065497298675,0.0696229903880157,0.87519439356897,0.21365444292649446,3.664853388339141
Kerosene,-3.919437428772818,0.003923100610239569,0.8921401345630267,0.2129287450368571,3.6547675479001698
Kerosene,-2.7068595540079676,0.014076706816628374,0.8765153091124801,0.2277585884489331,3.760329560647519
Kerosene,-4.030280552648094,0.01726344315694274,0.7076812841836593,0.14660618865341707,4.383375057738003
Kerosene,-3.4845950553513663,0.05134816170121641,0.8546772729693073,0.14927891883582076,4.469988695958613
Kerosene,-4.743941287895329,0.025500519859403836,0.8203150286506371,0.2037256192548167,4.427361480575796
Kerosene,-4.2588021355399786,0.0638982962182278,0.8249622790654648,0.13330166845060543,5.5634535216012395
Kerosene,-3.7873202811933724,0.05657318996344629,0.8812919328767854,0.22283207636539726,5.028728692471304
Kerosene,-2.0868378697183254,0.024300625073960917,0.8206791360755721,0.24836671823390835,5.142586292095574
Kerosene,-3.3936615727910096,0.05339512859073743,0.918702827557999,0.14962445721833773,6.34245988940671
Kerosene,-3.0632028054365867,0.025794217715392403,0.8815332704943837,0.19784800338817055,4.393417980880936
Kerosene,-5.510895351774176,0.029783726577653668,0.8854056070092294,0.24069206346302788,4.7892895194238285
Kerosene,-3.346411885485373,0.06890520155788275,0.8577319979313174,0.1638833188074898,5.441054112815645
Kerosene,-3.610412233872909,0.0634788878070062,0.8932701635001119,0.13189177140393893,4.4900707546342575
Kerosene,-5.518897076550256,0.06493992076710695,0.8393844276009792,0.22154070353487076,3.524321251809842
Kerosene,-2.8792153202455597,0.026113216707614503,0.8887281652191229,0.2058975085446271,4.810557222473821
Kerosene,-4.216128085289739,0.0372387398136774,0.9147598088450384,0.20063064171761213,3.73077846964678
Kerosene,-4.307168161627872,0.05256678054405877,0.8948902640722662,0.16976901397413965,4.462223444195452
Kerosene,-3.9812542982820758,0.06746849639894652,0.7815622732201986,0.2252677315495873,4.535937469871344
Kerosene,-4.25954606539879,0.09003151490259498,0.8401765387724237,0.237734687515429,5.718913837203349
Kerosene,-4.9440191312788055,0.013092113495541919,0.8910491046208455,0.14582269037757406,3.335817045428973
Kerosene,-3.1790702281246417,0.029611465324488145,0.8113741262157803,0.29871865775446477,3.3402646386184287
Kerosene,-5.00502883312554,0.04080603715052159,0.8379871580082788,0.15531273589411734,3.8413449026770836
Kerosene,-2.7920045404544553,0.05525972248209431,0.8792584372104594,0.19313874117207322,5.289454948859136
Kerosene,-3.253678671112328,0.03007401970909331,0.8632417998258991,0.23480211567039458,6.544797346384261
Kerosene,-2.441687216158591,0.05139719593963523,0.9069319474843567,0.06649160333142266,6.552282909376714
Kerosene,-4.580706929376643,0.04517805102024218,0.872055224218351,0.19232788163422432,5.196453379568134
Kerosene,-2.729845625419085,0.04231559909308057,0.7956538091749723,0.29067319286492754,5.526764217004677
Kerosene,-2.462208819749229,0.06727259821157809,0.7838202803993282,0.2322692335878441,4.016051934117445
Kerosene,-3.9940545580482665,0.04848571192784484,0.7691168097683472,0.15935947552191068,7.2051873001591
Kerosene,-3.8092980761270683,0.046488077306740955,0.9406445109970463,0.1801882344965416,4.90857963803088
Kerosene,-3.20735771510172,0.04198528402767301,0.8126739630323749,0.08731217923196413,4.063501686617238
Kerosene,-4.75682219679169,0.0531713339093722,0.8194770867136112,0.3079009505428598,3.942371069765194
Kerosene,-2.879482650514076,0.054395059102550984,0.8903387017856195,0.2373009797367935,2.7817644696875834
Kerosene,-4.009242143181246,0.044755437255323355,0.7933510952654366,0.22298130186079343,6.716540315877472
Kerosene,-6.138402915107253,0.03931060648316558,0.7877116917943189,0.20358889131188468,4.674378716850004
Kerosene,-4.484541770205742,0.06379013656658118,0.9318090650528549,0.3330659325878918,4.260370951531412
Kerosene,-5.456700441454456,0.0611839286815668,0.9305242367661601,0.24068449835203642,6.606347039530311
Kerosene,-4.180389336481696,0.03780851120453744,0.8557717953700656,0.1834723406316556,5.663094021340344
Kerosene,-3.2241857775972074,0.07096167329143771,0.8755296335402195,0.212291116333765,5.794426689250848
Kerosene,-5.570393526122177,0.05421141504667885,0.8526239028585225,0.21065401979857776,4.912376453745769
Kerosene,-3.6545156052307073,0.0385079415693197,0.9064761714726814,0.2236824888706737,5.150685857883861
Kerosene,-4.558013256508896,0.0663063377041581,0.8603329849247245,0.16222583032315419,4.943338457586761
Kerosene,-3.4967339046070083,0.06103147077639651,0.8743504483904078,0.20462656958705386,6.025819533301897
Kerosene,-3.009762796950712,0.06474645231351081,0.8206274362572146,0.14709691413547413,4.456060233028406
Kerosene,-2.437074601618621,0.055633918276547074,0.9563220913763192,0.19399008282062818,4.741186329507078
Kerosene,-4.059245229315259,0.04815651839893393,0.8113174544066137,0.14255758659166615,5.501336627180863
Kerosene,-3.1560794259221088,0.09889962601332804,0.8283143546654489,0.18236722565679625,4.228770705548983
Kerosene,-3.099418056501146,0.0662997490959253,0.8061532709062736,0.15489009565135287,5.952514758595898
Kerosene,-3.693443079033274,0.06516777426022288,0.8058615760830543,0.10611375680448967,4.12503498331983
Kerosene,-3.4497866159910187,0.09222115957269783,0.8285268005236196,0.3137927940938433,5.8298197674916885
Kerosene,-5.114425841367061,0.054280676756220635,0.893198713920593,0.07872585507236568,5.644451157913382
Kerosene,-3.06182305614151,0.05797736248262287,0.8469139394659289,0.19135367084992966,4.768677672308177
Kerosene,-4.940783843013687,0.036249523361900654,0.829170297717392,0.20567471731128711,4.443185242342934
Kerosene,-4.695303393998344,0.06519541718251691,0.8685306985973927,0.17303852316052168,5.506278471487587
Kerosene,-4.362526314948748,0.0512613005897624,0.8987522027361433,0.16981294534168684,3.8275883921662572
Kerosene,-4.116107666417073,0.022730699676290763,0.8361275745324512,0.18596812603432716,2.5363158760944366
Kerosene,-3.575491869004392,0.04634620466637359,0.9090948226385968,0.21077659898970413,5.735608570315549
Kerosene,-3.0479689974343653,0.04736565834458508,0.8499588405568049,0.12132283883048842,6.239537745234241
Kerosene,-4.116557919777244,0.029885388993040374,0.8869861243243714,0.09101094040178742,4.570725777126822
Kerosene,-3.273351167030527,0.0412455629606819,0.8141039024525709,0.1791922601443525,2.990070735531426
Kerosene,-3.4276172545735735,0.04754227916046174,0.8363837695002618,0.18656656917954795,5.014079798464584
Kerosene,-3.477250103462347,0.04895872917601502,0.7819181725910094,0.22877580607720335,5.498569691004226
Kerosene,-3.8355784014268317,0.07150482613922639,0.8515189338206479,0.2555688044494628,6.407211021478396
Kerosene,-3.534149691580414,0.03504132756244126,0.843460714074878,0.2619428017029187,3.502372133930493
Kerosene,-4.313562934542887,0.043140703271065124,0.8067394699823133,0.24364394749593934,5.376815071040777
Kerosene,-4.568846685280394,0.06211025840471679,0.8420791882665891,0.15549027133888288,4.287081589757133
Kerosene,-3.651159140179248,0.06878019757043677,0.8256615883522607,0.22722206668345057,6.581754157577483
Kerosene,-5.007096445096202,0.05711339745677248,0.8915327845647704,0.19524250917005848,6.238283210855647
Kerosene,-2.2409303693909726,0.05686710696772606,0.8383205133861,0.24884914038309783,5.842068860377902
Kerosene,-6.015064763934547,0.04994528887817773,0.8302700266630443,0.21983528457569584,4.80634171970621
Kerosene,-4.068140873816802,0.03273574481077837,0.8867264609212243,0.2827521110734366,4.1523280507849645
Kerosene,-5.117644018517579,0.05040006439654928,0.8485672169482368,0.258546639306018,3.770805047621468
Kerosene,-4.430364140019278,0.007045935214662935,0.9187491818105911,0.2125272314161682,4.536567086019203
Kerosene,-5.057817182872941,0.025390478836454983,0.8707133449895695,0.1446287477199645,5.104005423148569
Kerosene,-2.3656441110919753,0.04304824754110359,0.801927777801281,0.21910036027263816,3.7742082592182724
Kerosene,-2.624012375736477,0.0780723933705667,0.8417914190523178,0.15513534092878903,4.57423012722464
Kerosene,-4.236532489668343,0.0576713426341413,0.9019816164650558,0.14817436846207052,6.010909565342745
Kerosene,-3.5058515097509617,0.03984421018386788,0.7956644052161495,0.2058116358646284,3.9404115162979156
Kerosene,-3.181055320669915,0.0275223445573559,0.8773853096581572,0.1959691817592459,4.439375115624799
Kerosene,-4.082265205055433,0.07159966339268403,0.7903871295503104,0.17939217224040918,4.248256435312812
Kerosene,-4.030893706838972,0.036306382149746914,0.7615959378806693,0.14724312265338188,6.637755018538112
Kerosene,-3.8026174309709817,0.05424724107616155,0.835869380499568,0.19741872879454153,4.57018807716862
Kerosene,-3.5784571751671477,0.052016177085187465,0.7914365894920692,0.21268622515520966,2.5412580767284494
Kerosene,-3.6689126402577714,0.021812862863269576,0.8451972456914962,0.14026861984019054,5.002823199533097
Kerosene,-3.537377184579022,0.0800565417049916,0.772932117249426,0.24877364778355676,5.131152705377471
Kerosene,-4.360533722259699,0.0651971301011892,0.8382037574457396,0.23587652582003396,4.007730286872005
Kerosene,-4.5063976258370335,0.06887200105589199,0.924270026178521,0.19824840504235755,2.21271107464422
Kerosene,-4.159239426086764,0.050648522356448594,0.8383613311653414,0.21681692808327657,4.523090072402678
Kerosene,-3.3289033114575783,0.026665734545379162,0.911842435367707,0.27750394119805466,4.086940261939692
Kerosene,-4.7308798604824505,0.058213906275550564,0.7906389795128556,0.175369856444884,6.102526956456014
Kerosene,-3.4099145884184296,0.0896039268337918,0.8585392073800103,0.16945809988609073,5.05124351165302
Kerosene,-4.120470671526907,0.047268857815937294,0.8488098145952133,0.15341166455768818,5.282217754970643
Kerosene,-5.126930614206873,0.035663467841837715,0.8440560618430091,0.08702233436722043,5.768991536344918
Kerosene,-5.6425236078780046,0.06339175381796357,0.7853595355035918,0.17975406546482503,5.51913064694943
Kerosene,-2.241488384416414,0.05232903955414699,0.7508686835900246,0.2476847566317887,4.768081595140981
Kerosene,-3.9440746764329413,0.06115726059775229,0.7387311021547143,0.2003268423867598,4.590306110047305
Kerosene,-3.022532075195585,0.06454227526677486,0.7686499038609226,0.2631312926174524,5.449525088160211
Kerosene,-5.237793277962575,0.051115062069855464,0.9017413056927928,0.1392978063713303,6.377577335845417
Kerosene,-5.210103019302021,0.03417545646706031,0.8028564582305153,0.2688466865794331,4.508983863450803
Kerosene,-4.930253602128798,0.058904217578281244,0.883059049529636,0.2333768047397066,4.72866083477399
Kerosene,-3.796372559170442,0.03699533827541429,0.9337400838967865,0.2572102579328966,6.0829568290406755
Kerosene,-3.3647072523411636,0.060394666119900034,0.7877818757925106,0.23166506181278243,5.11426523006332
Kerosene,-2.9893087320392646,0.06614838364764856,0.8775190235076511,0.11578876012349221,4.910999463391529
Kerosene,-4.446313807922925,0.05504731848366148,0.8292225864278678,0.1862027111953347,5.459033904906704
Kerosene,-4.345710490855021,0.052431830791480255,0.7740294054562846,0.1583799261619971,5.6560435672029605
Kerosene,-4.98415369335718,0.07491450155205995,0.898719967765066,0.18658850323301068,7.998734105502464
Kerosene,-3.005517137721365,0.0310144098658853,0.8873087026850024,0.20329315331598788,4.223287909140589
Kerosene,-4.855927314532967,0.06989786669776758,0.8201027267687933,0.1949061822481474,4.078974071773471
Kerosene,-4.598526349838873,0.04746141599857056,0.8694091146362075,0.07058204182242758,5.01691979916675
Kerosene,-4.596896810068029,0.07804725306900451,0.9971376323002719,0.18203604825231423,3.2777714392868056
Kerosene,-3.906498424065147,0.0458914134101359,0.9485675324500645,0.28332946716877716,5.865374970596564
Kerosene,-4.469355264970127,0.06355533132361607,0.8632503179534152,0.21206616016496954,3.44177015143213
Kerosene,-3.1505637292370827,0.0521561665662247,0.8449579326227712,0.16999217524955865,4.206383500346623
Kerosene,-3.7461931349768145,0.015016743962838362,0.8894749379825021,0.14729472815021574,2.941319313794708
Kerosene,-2.5424837472591832,0.032838259013088435,0.8138920419239152,0.25672691655040375,6.8544309005166415
Kerosene,-5.226401262882744,0.030876638794986613,0.8058660588919702,0.24674008313478274,6.639132127929534
Kerosene,-4.864202049262463,0.0782949067593644,0.8145482944235649,0.2168061451472786,3.7285463005721824
Kerosene,-4.097544330865598,0.04777774571854568,0.8342420846842363,0.21924854906598487,3.992969135147474
Kerosene,-4.706978638549473,0.058757442898987114,0.9171017665487864,0.19885931529760387,5.503670773462172
Kerosene,-3.393535991762128,0.06661010377266983,0.802323763708168,0.16114948848975483,4.309925406056465
Kerosene,-2.4570929592848283,0.060163858783438086,0.8731657860192508,0.21831178765918693,3.679206596380501
Kerosene,-2.449447623378369,0.059583750615739214,0.8861580056327476,0.1117239355542099,5.779643852361518
Kerosene,-4.284969960102101,0.02354434050547526,0.80231181670641,0.13675528957733168,3.7182158048853897
Kerosene,-3.951561743708632,0.04226474422536698,0.8667034681080693,0.2837987935534002,4.870496286372663
Kerosene,-5.795911435166742,0.04516083576904367,0.9096697218198936,0.19570302637515852,6.5293306536917015
Kerosene,-3.637646725489745,0.01323460531205222,0.8554791125219179,0.21485006471323645,6.080355801273644
Kerosene,-2.544290742710745,0.06815451039417399,0.8720239898693608,0.23380941357891732,4.831993193550432
Kerosene,-5.170302269445943,0.05082992172445721,0.8682645163729452,0.13981711870440386,6.326621639499941
Kerosene,-3.195671187614055,0.02256477169424262,0.9182916144394937,0.18458428153950765,4.221508434881652
Kerosene,-3.1365778458027793,0.04897891174479884,0.9449592660418434,0.15735559780566247,3.268342476027345
Kerosene,-4.224350624932913,0.06578444998120946,0.8036428507232228,0.13349498086000605,5.228927402702754
Kerosene,-5.1709497681340135,0.05613385399226828,0.8329688474385911,0.22472332441761866,3.616171196075398
Kerosene,-2.9614694788448768,0.0463393103001262,0.8881761333952412,0.24799377306424447,3.842555047634044
Kerosene,-3.294193992313539,0.02149866449711349,0.7814931128620053,0.2981999617994217,6.111853368796624
Kerosene,-2.3410686596529957,0.04259571938784179,0.8551214332039004,0.22636773733761817,4.987804433406105
Kerosene,-4.596908816556724,0.03207830604239902,0.8606931116414475,0.14665700791688477,3.9051365076331477
Kerosene,-3.685142391076326,0.0480968129702877,0.8968603135290842,0.1787544294958579,4.418744050024465
Kerosene,-3.6611572831716233,0.03375950250892346,0.8170936137221657,0.16907728048102927,4.790297893704447
Kerosene,-2.582050765363278,0.022464223500856858,0.9147753791058729,0.23688933781449587,6.566978847369993
Kerosene,-1.4906511613421816,0.07862906041575711,0.8962833473953931,0.1343751824187491,3.813777738488957
Kerosene,-3.7118478525078227,0.016038477041608712,0.8807719625645609,0.09325390546194944,6.152233385564616
Kerosene,-4.2573602495468785,0.05253193890940378,0.8125813851789758,0.10507367948887139,6.234695279194262
Kerosene,-2.9314388840362287,0.042970244695926044,0.8830964782367003,0.1804554289894798,5.2884898442662465
Kerosene,-3.3926886408639123,0.06110169849147747,0.9170484806704672,0.22594403378526678,5.028084617038595
Kerosene,-4.6091351743019375,0.040429892393521585,0.8905025698362508,0.12490867405429407,6.105807303412797
Kerosene,-4.224914980811627,0.033627881911842204,0.7950637911609266,0.23371838928241936,4.985358646196682
Kerosene,-2.728987821416144,0.02473848698948158,0.8210918188469069,0.19538894209362934,4.248143256030066
Kerosene,-3.9951050686865575,0.05639001532831038,0.874224211956487,0.2753083565442231,3.69652757121842
Kerosene,-3.7297917440517514,0.037061143608236674,0.8715006690011792,0.22156660931765237,4.0130806167676685
Kerosene,-4.72092187410727,0.0602328612693915,0.8511702255372064,0.1890189079634198,5.657986829774973
Kerosene,-3.414625219310295,0.039407397745965946,0.8073973431178749,0.1369040511581179,5.033454120201485
Kerosene,-5.138528221718852,0.05198856916458068,0.910841839571222,0.1823270114856858,4.463795719459837
Kerosene,-2.401724181098284,0.08019403638375291,0.8117701064722292,0.20695065905294877,5.328678242348083
Kerosene,-3.8370716618190572,0.08629346895425576,0.854361494620971,0.21186174378155084,5.688662295146416
Kerosene,-3.048064227161866,0.06873798388608213,0.8769042393155819,0.1220650097303046,4.511862275941574
Kerosene,-3.3444630342357833,0.05500797394558611,0.8913064316911475,0.2943583030835624,3.8230367949406756
Kerosene,-3.089671860156333,0.04339273075012738,0.8967674909637365,0.19793896283159415,7.1270045388929955
Kerosene,-3.8959304509906096,0.037189715512880396,0.8709937311395883,0.2161971390359135,6.138097094110448
Kerosene,-3.6415577611160597,0.09950129278338607,0.8444297932298863,0.1950190025109763,4.396113949946946
Kerosene,-3.9314653293166586,0.05462118242165908,0.8640605264977939,0.20335938377469998,4.3901787832727015
Kerosene,-4.705332102465884,0.042496525503288876,0.9070768830117557,0.267839984274574,4.923035463559565
Kerosene,-4.75326637317394,0.04837652779366418,0.954583271763504,0.24994839176583103,5.550742691532547
Kerosene,-3.2298520663579446,0.08081133222682627,0.792356689922644,0.18039800656514388,4.471278367163184
Kerosene,-3.530308482343213,0.05320221781279195,0.8878155645344704,0.17465563250663887,6.371952050679157
Kerosene,-4.055466966519441,0.06389091103916365,0.909770324946147,0.25575621577474844,5.3608284084017965
Kerosene,-3.3445224748939637,0.08483321327944573,0.8756800616987348,0.163517679896921,5.583050730963885
Kerosene,-4.029824974415672,0.0030399773119131287,0.8730999011851546,0.20583253250078037,6.156417771497439
Kerosene,-4.600074925990645,0.01988580675241385,0.8584340429705255,0.21900886938027234,5.093832945385569
Kerosene,-3.983433053051677,0.028625460915873473,0.8430541431512538,0.18257970852477926,6.07270874076744
Kerosene,-3.6965397087755085,0.0444400575650961,0.9361942438211383,0.18655461618924954,5.557786723886164
Kerosene,-4.133537066871426,0.08262305030056008,0.8543429887906805,0.2058207113945337,4.860129641227286
Kerosene,-3.842790459199028,0.07399075677295819,0.8922921922342344,0.20140380905580857,6.701325106456654
Kerosene,-3.3016114869259447,0.04123637761605302,0.7809825823133031,0.1792493099101715,5.413348778550253
Kerosene,-3.5222397034948587,0.07718275366604038,0.7952727012440499,0.17804223330265948,3.822357330125487
Kerosene,-5.0710393692635565,0.03744362508093363,0.868330612214701,0.2385697217445158,4.051645893378325
Kerosene,-4.647420735509792,0.014403536493531323,0.8607176104138498,0.1633930549014631,6.663031378211848
Kerosene,-3.6721529602803242,0.0465710851308645,0.8179443786227774,0.12526648899028855,3.6321282230545693
Kerosene,-4.497712763657708,0.036021942359513906,0.8000414078577003,0.21885473637211725,5.514265592414859
Kerosene,-4.3669059178413825,0.08870304536530635,0.7626635316741953,0.20290819494861317,4.7814197959120746
Kerosene,-4.440560705573805,0.03604674307973881,0.849652005854382,0.18872360863391358,4.60812347288744
Kerosene,-5.0389757079915,0.017637763643790022,0.8355741762402217,0.1798951947751735,4.802963139723173
Kerosene,-4.086897438311607,0.039549953162343644,0.8393796288090897,0.1573235845948253,6.523945809163283
Kerosene,-4.639792118519975,0.04258038581069319,0.8138105605443059,0.16297092298975488,5.024641566637946
Kerosene,-4.08178736790641,0.040810792192495796,0.8358262004222844,0.16400932245033648,5.401725637726161
Kerosene,-2.3558458059274288,0.03250317445533563,0.8696981611867303,0.20224744785103552,5.66862975813259
Kerosene,-3.4425656316031428,0.054108253944373214,0.848008971194245,0.1782774900175777,4.235039646891365
Kerosene,-4.077476528761427,0.024308223371646395,0.8203072004941265,0.25534268122362846,5.098512221079691
Kerosene,-3.28586846485156,0.07939287773316848,0.8411485272042591,0.2103662917096821,4.6981541058472445
Kerosene,-4.650084608380485,0.030940634813351908,0.8921575186298245,0.21043136402428242,6.846603072081053
Kerosene,-3.2223583896608874,0.035375740209272644,0.8920171090113386,0.18474622304488725,6.216859709129001
Kerosene,-4.389067101794416,0.02895148079514655,0.8102122461469295,0.16276675487925432,4.159748235381336
Kerosene,-4.458086620484085,0.06713383740650476,0.9398022104133092,0.13349052422232482,6.263513042833149
Kerosene,-4.382162972779543,0.05695765062404468,0.7672926984713351,0.2262017508672428,2.9946876031839373
Kerosene,-3.748851942151868,0.05514512094058674,0.8595503817147734,0.16325449246835355,5.549526674429644
Kerosene,-3.687134792466626,0.04580094432717761,0.8835925153587597,0.19521979267172473,5.5287771589087615
Kerosene,-4.1007034619152725,0.054334039822190816,0.8787361470537631,0.18010437131909826,3.7661634137458044
Kerosene,-3.7791367955614765,0.0737878275722586,0.8649575486478723,0.21590711573481866,4.95782389350336
Kerosene,-3.4087050777814394,0.04628129167724126,0.8273050609436569,0.2552649126437433,4.469461681707318
Kerosene,-3.2884232428386007,0.07211870923915419,0.8783408466031031,0.13753822402136837,5.027154909222498
Kerosene,-4.161599997646894,0.040080014893293735,0.8571375793673214,0.2384603173748774,4.541447339868801
Kerosene,-4.13710613941894,0.045178821323360256,0.9081935522772155,0.18714496910947068,3.7655943422382547
Kerosene,-5.258747871192411,0.057254591331319396,0.8119659130057049,0.23343622526362393,3.668780011492869
Kerosene,-4.431129733288486,0.023388623009597032,0.8717305357774462,0.23244237703123252,5.3386251576366
Kerosene,-4.868749056323074,0.03508472511778668,0.8617156994305777,0.1156129295937818,4.758865055612097
Kerosene,-2.7864757173312946,0.046400889016392506,0.7755727680484024,0.16962953761619323,4.369307674322425
Kerosene,-2.287752976130751,0.08331358161027792,0.8865467717050789,0.1828462034629301,6.200629660979723
Kerosene,-4.9067677112403665,0.07153150630488518,0.8963986768710022,0.19243271326753597,6.139186313350772
Kerosene,-4.35777690357108,0.02469828803803533,0.8988982506499961,0.19573785354302706,5.601780603298668
Kerosene,-2.543290726752475,0.035554918552074065,0.8428310247580012,0.2784817252288857,5.668731730855283
Kerosene,-4.559826195363677,0.03089964592921043,0.8235959679948327,0.1630792647598561,5.237348119489531
Kerosene,-3.9372523942419204,0.05558475508550702,0.8079593599220108,0.19645830462373726,2.9443002260437834
Kerosene,-3.883994946110907,0.0735088128991173,0.7787627045326909,0.22417141153237308,4.388985648239437
Kerosene,-3.3579990770453043,0.053172949024245575,0.870235205633022,0.20324119493777204,6.3283318063843526
Kerosene,-3.722071617843918,0.03589152571995098,0.8549357526160501,0.18155594785169754,5.162399906519589
Kerosene,-4.3358157698934505,0.03646378528907371,0.8599636106374222,0.2027894814308277,6.0639558450458475
Kerosene,-4.331964703306251,0.010382923050093857,0.8318064600768343,0.11867846205417115,5.415671974096576
Kerosene,-5.33911834267903,0.030232578751717972,0.8318832770862569,0.27719753023805727,3.9271098842850822
Kerosene,-3.990076013482731,0.061599531539145186,0.9242030276610349,0.2388897375860705,6.093906951632465
Kerosene,-3.308554352918767,0.02581754057207722,0.8679846052158523,0.24243304760861115,4.04349971032598
Kerosene,-4.4638079013792185,0.033936154097458884,0.8886311492984016,0.1965359439835434,4.679154105664903
Kerosene,-5.02533593332239,0.048652114936124154,0.8216205822507625,0.21216697826320813,3.857032801354549
Kerosene,-3.8576749923950393,0.04122098459002359,0.7875351537132427,0.13363579810609266,3.822979611977306
Kerosene,-4.165119245952433,0.05241990868727001,0.8634911816188591,0.2153776458864224,4.2414767390208
Kerosene,-3.1532776735238595,0.041155489479836944,0.8725074880029866,0.19179222832530918,5.375621231703041
Kerosene,-4.171462452915931,0.05787269753149133,0.8496305565059838,0.24069202853253444,4.1813149567888015
Kerosene,-5.415913068712463,0.03053285161131807,0.9034459207619017,0.19227205900561303,5.092062295546563
Kerosene,-4.84290929123711,0.05131107450300557,0.7988593677963651,0.15621093624736226,4.59751631717612
Kerosene,-3.6439221937262833,0.06103695161285021,0.8789522448968918,0.1205957942477813,4.9933354996097385
Kerosene,-4.157425466706189,0.019356351678370888,0.8507991883361099,0.18747863912816193,5.511525672117887
Kerosene,-3.935002339008158,0.03901358939433494,0.8962881225228488,0.08893832496124379,4.93573487157039
Kerosene,-5.410600745593548,0.0317561345758776,0.8762406851504675,0.13629012597795986,3.5762821812960652
Kerosene,-2.0944440132675006,0.02281421897159671,0.9325260451543986,0.191389891771037,4.475170878561025
Kerosene,-3.546570887529436,0.07673188151088998,0.7926966028945835,0.1744875105135735,5.846869734684252
Kerosene,-3.7696045500584,0.07203835661282766,0.875755597721589,0.29041120045745744,5.178588598833651
Kerosene,-3.8225510813352304,0.05643442744031598,0.842875557413672,0.24240435794004622,5.237041223863026
Kerosene,-3.3694559926838847,0.06888999707248321,0.8714227340780164,0.22508581621170984,3.989670212403466
Kerosene,-4.440282870255857,0.06686766905981463,0.9211815590909257,0.10297848872458198,4.432136852748585
Kerosene,-3.98110351806828,0.032414510758386444,0.8088740177909158,0.22374599368969025,6.581375969171433
Kerosene,-5.625458845057713,0.046590477020366075,0.8731640170895194,0.2390106986100121,5.319127343069038
Kerosene,-2.590877960051108,0.050578131866515885,0.9155996395196049,0.16768161648270155,5.05798294658885
Kerosene,-4.97017206063908,0.06801728881097989,0.8439778568679411,0.2178910531259949,4.686631368714926
Kerosene,-3.5308571986727872,0.057948679477115045,0.8002674285014396,0.15316162837084948,4.972231269658648
Kerosene,-3.472340834074674,0.08725791106227695,0.8651495428332864,0.25037657012442704,3.387149065235832
Kerosene,-2.389635320452814,0.062113724222583856,0.847519774442061,0.19176519762710373,3.892800202141002
Kerosene,-4.657029436576137,0.08820871264266829,0.8005497780856994,0.14958661210668275,4.297779513924421
Kerosene,-4.9585446023690185,0.050306131496910204,0.904445525633262,0.16947538368639833,3.6266757202391786
Kerosene,-3.766510949588277,0.04888451324640374,0.9001362275040812,0.1772745850348865,4.7398432203733245
Kerosene,-4.119624291634615,0.051780082211069646,0.8303719161321205,0.17226779459769956,3.1496223151181586
Kerosene,-4.452309767296094,0.06430446536163505,0.8925122759684443,0.17644434882043497,6.299485998181762
Kerosene,-4.022963257360284,0.023243072563681043,0.7673807971772871,0.26091289613098634,4.626996274738926
Kerosene,-4.971251618458063,0.004814476571289303,0.8302141944562428,0.2202375429498181,4.302308855953795
Kerosene,-4.842596128107097,0.039012484627865454,0.9121596009572428,0.13035091911624047,4.358298969577483
Kerosene,-3.0313938083059275,0.05988352578847508,0.8589563906889478,0.16757769322918759,5.030504814500428
Kerosene,-4.43026325476264,0.032812277378584984,0.7959971262349129,0.23920477981862492,4.939593867783865
Kerosene,-3.748389004957843,0.05303346371602807,0.8720459413904179,0.18726406050070543,4.518342548945426
Kerosene,-4.652224263512898,0.02172061733185773,0.7938983414688542,0.18172911394498895,3.3969605155645217
Kerosene,-5.105828723308824,0.07084279785270356,0.8612089742426896,0.17740816358982398,7.27157445890456
Kerosene,-5.318599774970423,0.06951222552923644,0.8444266958610291,0.2392523511456406,5.108953717270807
Kerosene,-5.497796049796206,0.05190920935117657,0.8667777927319799,0.09040073507377931,6.944048293801899
Kerosene,-3.7510339246617823,0.06343975480272991,0.7917235305211844,0.23453087610728093,6.089504459563056
Kerosene,-3.7971454174897232,0.049812568829584715,0.8053205937550791,0.18918965411083372,4.487970485740719
Kerosene,-3.5424034900858525,0.03300248149765195,0.8782325360751778,0.15805072186351718,4.737647445839982
Kerosene,-3.5071644823897468,0.03592406560027912,0.8825268244488801,0.22764970788356842,4.729049326623056
Kerosene,-3.0705734389153685,0.051555686839542286,0.9051138263292675,0.28967324624385893,4.758698978298689
Kerosene,-3.4840360127780827,0.03724864149354249,0.7983592795245901,0.19022701713067858,3.637399720250537
Kerosene,-4.750086223717848,0.06182865198642136,0.8243175492275581,0.23552570435609307,5.299411938017487
Kerosene,-2.519076750384708,0.06048674571152092,0.9057109035139657,0.22009423315637733,5.311393501078072
Kerosene,-3.068213566309348,0.0633759493173053,0.8605031806478713,0.2102827332964859,5.538229311830416
Kerosene,-4.537098815567908,0.03572401067722604,0.9212702966186466,0.2932206831929999,4.071117541589834
Kerosene,-4.535195545951764,0.0728504563900829,0.8766759996571198,0.2338214052660461,5.896601294853057
Kerosene,-4.192585729395261,0.056599398499803735,0.8626096075349046,0.15707541998772698,5.315090943215704
Kerosene,-3.0098314430802655,0.043317335223132775,0.8576284624370467,0.2103354458005428,4.715335449564729
Kerosene,-3.4584790098445137,0.036398687374900256,0.9166322759347967,0.23131027808161228,4.063231399327106
Kerosene,-2.6415922520909976,0.05336202922523191,0.8138526241382474,0.2552277262495596,5.494671519448025
Kerosene,-5.417567763387231,0.03948679365512293,0.8639548668610771,0.09202166611786707,5.085070085387394
Kerosene,-3.873616501835792,0.026330162352483553,0.8635322443129981,0.2003731919562517,3.8087058941149854
Kerosene,-3.2643515625097397,0.06675707589535611,0.8355131456573819,0.19007093383040882,5.726263937595346
Kerosene,-4.160530514489445,0.011381835989596911,0.8743468278699964,0.15933703396307458,4.610156945582406
Kerosene,-2.8337035456388193,0.04732043051982404,0.8500867467936937,0.22548336377317987,5.5053339438740325
Kerosene,-4.735358213902226,0.04879402968931251,0.8518076263962914,0.21360134483144136,5.28922194091662
Kerosene,-1.930047016978034,0.02648280458825511,0.8990045810098978,0.25916879029165296,5.492783973923527
Kerosene,-4.5202523158984595,0.08329336060535253,0.7404008567629901,0.1658366651391087,6.171682197222811
Kerosene,-4.296089282738015,0.08192929049600371,0.77440976276608,0.1443949053025996,4.468361829873025
Kerosene,-3.666080577970777,0.045559596992399545,0.8254800373718789,0.2710198215549262,6.513444975389151
Kerosene,-4.331503812566044,0.01580464385340675,0.742125808540631,0.21196450573901782,5.655955622218797
Kerosene,-3.9496017715371634,0.04858183785838483,0.8097728692652959,0.23274898969569194,6.67818537889891
Kerosene,-5.773502141868445,0.0484499762242457,0.8014825825293199,0.12547670029730743,3.870024129215584
Kerosene,-3.696261715452476,0.05809924395182332,0.92301438805874,0.20043907735727307,3.2417783701304215
Kerosene,-4.190535633900778,0.022272418555684327,0.7896602056788997,0.22902795292032477,5.19418090559442
Kerosene,-3.5299475236517353,0.04285014305456544,0.8895264781712677,0.17932985508549446,6.1166828327422476
Kerosene,-3.724288848422766,0.04586006259030765,0.8606046522088048,0.19910696495125413,6.596106515312923
Kerosene,-3.8036499019369687,0.04996774655210983,0.83807545714746,0.24215921096225057,5.707913339053505
Kerosene,-4.219073304250102,0.026887169707543828,0.8049015930810823,0.19079187302289022,6.348927506119083
Kerosene,-4.2001413033975314,0.038117527800688715,0.7619640343375677,0.27567707178011486,5.56902814598146
Kerosene,-3.363192023995314,0.0692337610385875,0.8417634885620519,0.2042295316873768,6.488601941951995
Kerosene,-3.8563352885446904,0.06175050580127989,0.8935275358600255,0.2321465666211322,4.871830829733506
Kerosene,-4.027107074251136,0.06555280875951884,0.8888001429967363,0.2584116299509731,5.551096983309838
Kerosene,-3.522715509126356,0.04107533266431107,0.8209425244464049,0.23903153371757474,4.425814931983625
Kerosene,-4.01656080249349,0.07758046481942582,0.9110285146172544,0.2150894415398592,4.70386042016629
Kerosene,-4.098703128274804,0.0673532028211123,0.8481750361276917,0.1720858803494868,6.215774756407974
Kerosene,-3.8547198886965752,0.03845488358016508,0.8739470094466315,0.24856092065962543,3.9923269352122395
Kerosene,-4.160363130682348,0.04506633264823176,0.8726143582891738,0.23160041614299293,4.448526088720515
Kerosene,-5.19420094072482,0.07063597509198802,0.7940027364711393,0.21355921025219388,4.868019101269318
Kerosene,-3.8700448758367396,0.08302467943413716,1.0,0.11832812943006958,5.983906155332924
Kerosene,-4.1249982181421165,0.07095709027425105,0.8978631538089582,0.2704872403599082,5.284964915162697
Kerosene,-4.711661187964019,0.06855298977419241,0.8558998788072032,0.1883078392432934,4.523776119295038
Kerosene,-3.1949315447158964,0.08206738984014754,0.7902323720650183,0.23109761212394653,4.627612814577355
Kerosene,-5.1738179185536906,0.05295411641526017,0.8083431109905219,0.12111233860999013,4.218259527775466
Kerosene,-4.822219134331083,0.03706626293873218,0.7837057961523155,0.1802429945686893,4.286750871916027
Kerosene,-3.699508898283474,0.06187077972796631,0.8630074288389221,0.18822777710632457,4.737572404307686
Kerosene,-4.669659989929093,0.033740106811801264,0.8851801934039368,0.11201487006747679,4.919275061687058
Kerosene,-4.258823249248961,0.061982642027497856,0.7787494008288824,0.20062403527429698,5.342984341359107
Kerosene,-5.523784974899196,0.028513440542765257,0.8454105076593604,0.22570734538171525,5.1824993111127
Kerosene,-3.551636597640154,0.028412549747186905,0.7705624825135986,0.20422529028783948,3.770646761785885
Kerosene,-4.692257860838243,0.06864556709652747,0.8594549778383426,0.1715927547372293,4.301968495359036
Kerosene,-3.5032627544886683,0.05423941871299967,0.7892721678838654,0.10260881334495264,6.88180183264015
Kerosene,-4.977983380254046,0.06055393006600246,0.9255346466169087,0.20737987844165778,4.399563323532796
Kerosene,-5.140839233356569,0.021199789273599393,0.8688347424338193,0.27254881614749926,4.6045409032954705
Kerosene,-4.444576369719491,0.06394962181622374,0.8157026373047627,0.21372414538142107,5.041801450085512
Kerosene,-4.327574446862444,0.04968923682526959,0.938157605732499,0.23022664720504782,6.0925008042559785
Kerosene,-4.734955488736049,0.0719187229521515,0.8819510237734492,0.1250201951720316,5.5397907333711
Kerosene,-4.4106193094357415,0.019083926473487677,0.856488786616381,0.22695212955313052,5.151608068644562
Kerosene,-4.087310867876604,0.04338829323083336,0.9733294004670778,0.14087153057356772,5.872921982357203
Kerosene,-3.987661623288813,0.03291066987465936,0.8475800474685711,0.13035336812056914,4.404509593193146
Kerosene,-4.037547460668485,0.018977658828017406,0.875319126924403,0.1518119479544234,3.5482790419864476
Kerosene,-4.8643341886626965,0.09351908323670974,0.751096792906558,0.22180615443848953,4.2483637289807135
Kerosene,-4.2801025372140495,0.06207861857360666,0.877740935741946,0.16596517904191047,3.642175993366706
Kerosene,-3.5022872210394884,0.06104754386018689,0.8357515245605905,0.22209721919041894,4.554170519024464
Kerosene,-4.661630052027831,0.050079243622421506,0.8759516370545759,0.2154625134776217,5.509162680076672
Kerosene,-4.608463098631301,0.08163762249516505,0.8328809572330688,0.19405421742617043,3.681344090782132
Kerosene,-4.155084125037827,0.06064475473703034,0.8881255306346332,0.2780970368593391,5.520234895825461
Kerosene,-3.7784694433602373,0.04107409776971362,0.8169129795883496,0.2485124257334078,5.951070351738909
Kerosene,-4.861610160679018,0.06446191774306963,0.8825191845697921,0.1443095557492903,5.5404568047891765
Kerosene,-4.839637167585446,0.0014141406465302282,0.8419948793153975,0.21289073526274946,4.884929195116887
Kerosene,-1.7063145462496203,0.057577024584699495,0.857357090964935,0.22147956516570455,4.558680995599902
Kerosene,-3.256416750325169,0.05722003892354203,0.8657585851946245,0.16879398885665306,3.4356696735509065
Kerosene,-4.401108871261832,0.05565267712519785,0.8277650260127527,0.21458635835336856,4.767638123143695
Kerosene,-3.655536412298781,0.030463517482493718,0.859644500594254,0.16795229268243017,3.4617170578693637
Kerosene,-4.1321232984227,0.08072635147636094,0.7770711796077009,0.20596961251971,5.7975770632642245
Kerosene,-2.159975451884439,0.04014134035106625,0.8183999697697844,0.14166539020303667,6.140516334846219
Kerosene,-4.6939314633912606,0.042588071364493,0.7575531061314372,0.2441985921339263,6.158258280778027
Kerosene,-3.323379949132508,0.01789349437292564,0.8803575520389653,0.11636648076379996,5.05804030206424
Kerosene,-3.835937936012962,0.056203664362165305,0.8767318266318734,0.1995983198220364,3.0375704872714477
Kerosene,-3.571903192960374,0.05195216282255496,0.8048690104314383,0.12153012894316956,6.540022185924359
Kerosene,-3.014959569367454,0.0641191481461491,0.8161850044382648,0.07415022238942413,5.764679175435235
Kerosene,-3.70665058091594,0.04250675381855647,0.9062403153348938,0.2423998766981425,5.17609548823085
Kerosene,-3.97195326570311,0.0510193543519936,0.8839969936417372,0.1571261826728506,5.425983121785037
Kerosene,-4.736472755575672,0.07673110343504469,0.8766064285787617,0.16558858691805353,5.08059582402975
Kerosene,-4.683029104022433,0.08008225675401592,0.9311437992235605,0.23481118412814242,6.556656567654578
Kerosene,-3.8785632409019994,0.06527025134349594,0.9112362260954877,0.19971282022420417,5.071103857317345
Kerosene,-3.253074718856882,0.06292995931191987,0.8122269639899473,0.09065853143642655,4.824471937402952
Kerosene,-5.677531343380143,0.030179653277889035,0.8062856521399807,0.1715678844529937,5.820438144163542
Kerosene,-3.169856367415792,0.06017481439614415,0.8816253488030903,0.23280602281843232,2.503170008779076
Kerosene,-3.991841854394307,0.014070825576599898,0.875456973783577,0.09534459263401517,4.819561464649301
Kerosene,-3.5617841791843308,0.027644841033673765,0.898085798025661,0.22533110849758736,5.38082469583791
Kerosene,-3.4415987299915747,0.04281599824466689,0.8575959431878404,0.20050257861170998,4.987451055383855
Kerosene,-4.537624861317662,0.025149357705545886,0.8331570825355262,0.18040260464028665,4.26326901248311
Kerosene,-3.3183569745519805,0.026555867642887743,0.8414245420554379,0.2583169855780626,5.909129352599552
Kerosene,-3.026964891922174,0.03818438845251546,0.8892144062863854,0.14685148015109342,4.72412604418346
Kerosene,-4.1454046486241545,0.0384831957560398,0.8319093005957737,0.17533120362513238,4.017606188898305
Kerosene,-3.314869195195367,0.04635099994251462,0.8600718271958643,0.20818884355964276,5.054726425110022
Kerosene,-3.925756363154856,0.043891655599379575,0.9209198434257432,0.23803723808176797,5.01838203277102
Kerosene,-4.357643548772851,0.0476235831454184,0.8708810758185873,0.2749970046268156,3.6269524553349557
Kerosene,-3.472180193086578,0.07253447273557269,0.7756640765047383,0.19094245616343627,3.935482026916961
Kerosene,-3.6555763106583723,0.04283298135288896,0.8434930466559937,0.1794472096360763,5.720163432768269
Kerosene,-3.8167736315214893,0.054618535280793114,0.8580310912540726,0.22862454402260687,4.7380281451436765
Kerosene,-2.6393801699672585,0.025304104975629613,0.7637040775915175,0.10956597156957135,2.9204118807075643
Kerosene,-3.4614641481437984,0.06102735398565282,0.9103888245887797,0.1471680892647239,5.7454614547455005
Kerosene,-3.954540750280555,0.053331729983117186,0.8812811447674803,0.16218591244687783,7.5872491354044875
Kerosene,-2.9344957565797167,0.03936588092009279,0.7954630971138326,0.19560479190976543,5.182258443582042
Kerosene,-3.1475077922333514,0.026625581768633486,0.8642743471599583,0.12354924877926055,5.436357593411119
Kerosene,-4.086003376366441,0.08873359524571527,0.7726998727890162,0.26853041907450526,3.2961686648337816
Kerosene,-5.061768219525203,0.016458108830556695,0.8625176304225527,0.14131505946231332,3.6516684947194618
Kerosene,-3.8377859187012957,0.059035507717493815,0.8519924652075163,0.19188904254892236,6.828909632437178
Kerosene,-3.8833309870064237,0.06611382947844499,0.8571461062844979,0.1451061855872658,5.549887681902017
Kerosene,-4.524637849175834,0.04818027723921527,0.8652701340946714,0.10292909665566785,3.390497876108271
Kerosene,-3.272432662001949,0.03672507106802112,0.8191839005445569,0.208321919868541,4.61432740287813
Kerosene,-3.6659292946857684,0.04897756422533912,0.8599301475090224,0.16490708048788738,5.193594823280928
Kerosene,-3.1159287305316448,0.03864503567771603,0.8957659150136076,0.19742198408386755,5.7344816559779375
Kerosene,-3.8969829453175113,0.049331781598041476,0.8674864841038182,0.26067987811511245,5.236097294215075
Kerosene,-3.617175335273282,0.04263030172846598,0.9285443236997513,0.2320168555464836,5.077708460025006
Kerosene,-4.098122937803739,0.06955816538546221,0.819689796147737,0.11085624918643336,5.072399599424456
Kerosene,-3.047996341508525,0.08182617622369348,0.844635302828306,0.20217938319708917,5.519530432515955
Kerosene,-4.211479535091012,0.06032811896782298,0.8457299124465866,0.250568412859509,5.7229805130978235
Kerosene,-3.351817734158054,0.04589364710395824,0.946296366025113,0.22419559711897363,5.247294053486831
Kerosene,-4.608754384453578,0.048058563597028925,0.8557189880351318,0.160616135178785,4.707682854230912
Kerosene,-4.132640014482408,0.051118413218464366,0.7618646504979197,0.1932364729647868,4.622653816920068
Kerosene,-4.01670731969992,0.07070553132360512,0.9526197746060603,0.23391885998223136,3.765577827933664
Kerosene,-4.276325561466027,0.06191926617662183,0.8741645248214511,0.24936628677265374,4.902649005709404
Kerosene,-4.290800195492404,0.08504848007832078,0.8529335301684818,0.14916628119894426,6.475133657032921
Kerosene,-5.196876393115556,0.001,0.8884693379018787,0.24553504855123157,5.414012941944691
Kerosene,-5.04196486719364,0.04882260289515359,0.8360915713223064,0.17313554945538054,6.41206943080928
Kerosene,-4.837332846905351,0.056322089062127996,0.9097023491831288,0.2190720762659519,6.241118372495373
Kerosene,-3.5490282220568568,0.05858699340984058,0.8683417434416073,0.23067216333250753,4.61446090258774
Kerosene,-5.0414990814982295,0.06908086822926619,0.9080871150252883,0.2125989405453022,4.4516243803656295
Kerosene,-5.24617369322371,0.05171614199846777,0.7825524827641014,0.12555062486810373,4.979268471984307
Kerosene,-4.611015600950411,0.05690619112329541,0.8420352198719062,0.1696682716888695,3.2950849192710345
Kerosene,-4.682310500664286,0.03367727019897819,0.7887346163242519,0.18354778523788076,3.8527480088253485
Kerosene,-4.1309941978329725,0.054808224273373125,0.8086915022805411,0.22127043147092926,3.6386421287522963
Kerosene,-4.889741918717032,0.04773565404750462,0.8843520545944319,0.24336997707446334,6.61239062215756
Kerosene,-4.3012710998540085,0.04744997362643391,0.7983662235491006,0.13731168340044886,5.2285720863275245
Kerosene,-4.620697199556994,0.07464758400034581,0.7768807134066305,0.22431766029123484,3.9942607611829706
Kerosene,-4.656358773417667,0.06078224130504062,0.8162059781946045,0.17421079662400502,4.187841636448431
Kerosene,-2.5719761667092467,0.03765027377839981,0.8525776108716381,0.18990431998594628,5.221417061724261
Kerosene,-4.491789557572748,0.045983655309167,0.8696976004496968,0.15684964309985042,6.0893213566281545
Kerosene,-3.051615584766694,0.062129852523174794,0.8534938191798241,0.0504699275897732,5.424291132654463
Kerosene,-4.313064324183092,0.04507451177164921,0.7551311334738592,0.22467942429370963,3.5514189531730453
Kerosene,-3.9052603632068847,0.06809314963819682,0.8265335909341224,0.26080258626142205,4.2530096217928195
Kerosene,-3.5196535386151986,0.023904284970829453,0.9015565217340261,0.2437995191289645,5.46835792296373
Kerosene,-4.314627309291049,0.021959987531437762,0.8304679842390271,0.25551535878740617,5.129961871569115
Kerosene,-5.24242954360996,0.027505447211601176,0.9126575700426139,0.2243956376063943,3.765999879260072
Kerosene,-5.412665196939675,0.03749915730799867,0.757432064600504,0.19220827549964997,7.451625371836304
Kerosene,-5.2775648605593375,0.0462794867358757,0.9155963287665625,0.23745439291500478,4.851259285200862
Kerosene,-4.117078936134558,0.02688180435150842,0.8366172114997223,0.21217203571200652,6.10511354327409
Kerosene,-4.496140498811805,0.04620329743873075,0.8025393259621658,0.21126625897702528,5.7837794503089635
Kerosene,-3.496281589256084,0.026596258491152894,0.8573431604728207,0.16613437358749059,6.011050015652834
Kerosene,-4.12905017821883,0.019609733235178322,0.8390098647196134,0.22292362845994407,5.244006063142799
Kerosene,-4.4094368109215845,0.03829453220257708,0.8006247800891841,0.1802625189832347,4.144321033474197
Kerosene,-3.223931211058148,0.03197725218536767,0.85611422311811,0.20271519516631664,5.945667447884912
Kerosene,-3.128505368833303,0.06391939886562657,0.8676464171645065,0.1475676926952971,3.9311299122617425
Kerosene,-4.6765526558119594,0.06503841999255831,0.8536664964125318,0.24343286203677814,6.002802734320083
Kerosene,-4.580761520239398,0.05064148655114375,0.8493503160658205,0.18361061551878924,4.465157145475288
Kerosene,-3.0521955972711545,0.05103943453431002,0.8506572394279883,0.15986111625657023,5.675212430413504
Kerosene,-4.804086000670412,0.059098110576893646,0.8741114680027581,0.17937424753382158,5.31765208118318
Kerosene,-3.85146435276441,0.04921278750379701,0.8506471990072616,0.20308909115967608,5.129911672672049
Kerosene,-3.9518063749250345,0.027922716195757168,0.8423894524497197,0.21324743005984362,5.097288728539292
Kerosene,-3.236999792483889,0.06240173178998909,0.8064795232473432,0.19166864459728028,4.688663346552812
Kerosene,-4.003478789301747,0.049940372003226007,0.8805760834619925,0.2088664181570572,6.23054500520855
Kerosene,-3.807197489870112,0.03338818959325448,0.826635968991589,0.23018945353658793,3.385831735494315
Kerosene,-5.0767043318080365,0.05021394414250461,0.8975461059260582,0.26535177159774387,4.782894252978228
Kerosene,-3.1513370504112928,0.05144535819537796,0.7734292508878384,0.19959617317608153,4.3810918753784485
Kerosene,-3.265415295617807,0.049486494792910264,0.7861043446721765,0.12501425945457204,4.979020042585549
Kerosene,-5.936173977167765,0.039636694203441986,0.8615515162871421,0.1471491747972321,5.993987156905329
Kerosene,-3.0471947601994462,0.02966598094496097,0.8350977912901757,0.24973465756607358,4.998692465744911
Kerosene,-5.115582862479216,0.04713357862871294,0.8073535838852081,0.2554098948212943,5.605932094324588
Kerosene,-4.251005556212502,0.05284296025060081,0.7845939211513756,0.16231112707211942,6.5532791876924925
Kerosene,-3.9571882779362664,0.06860171609582731,0.8616006544204013,0.26571409215147623,3.00116246740078
Kerosene,-4.150574067215206,0.08289563292432779,0.8978086717780321,0.2662686129395096,4.993235406343509
Kerosene,-4.4296851323307065,0.029456710806241435,0.7951535954169244,0.24035302811042597,5.513211050420852
Kerosene,-4.053258759464288,0.060163813097033614,0.857122587952603,0.24811088506997417,5.95268675490817
Kerosene,-4.852699280387874,0.055472919749395805,0.7665566624902959,0.20665103690452982,5.604304279701585
Kerosene,-5.050975475834528,0.04167074529078336,0.8504763188609901,0.21169574581866948,4.721396296775166
Kerosene,-4.937830521923738,0.048919855961614835,0.767387821652951,0.18836792816589276,4.558626386303071
Kerosene,-4.107412538751537,0.03881356045048635,0.77461595809219,0.1816828339705244,5.930820125037319
Kerosene,-2.990831356808956,0.09878668557438533,0.9345825204198832,0.1401531036665948,4.591562398727341
Kerosene,-4.018228507870222,0.04828880331532601,0.8534766664948112,0.32037957107737797,3.9179484542076026
Kerosene,-4.5708249089714394,0.08287651860178186,0.8192009328457573,0.2196790325167858,6.034657369868208
Kerosene,-3.6108007866143765,0.05383531266204985,0.8969305384846992,0.15534657217475148,4.503636870503999
Kerosene,-3.571489929227869,0.008611214815714982,0.9208291911672346,0.21516961875988908,5.15303175278115
Kerosene,-5.304410302112846,0.024267817492005243,0.8300708167849569,0.24037149251477996,2.9233839878014147
Kerosene,-3.369308159378115,0.04279937351783267,0.8388288263629173,0.21267964708454035,5.269317237846412
Kerosene,-4.569942871949277,0.06249820176937686,0.7340300930051781,0.17747905567161726,5.153681763176904
Kerosene,-4.27595945217158,0.013461793920680367,0.8879013689380235,0.1375806093936474,4.932485992471711
Kerosene,-3.8775723223459018,0.050396543075307346,0.9084505462931908,0.19733687200031566,5.42745540469694
Kerosene,-4.0447232265209925,0.062259121683325494,0.9196747648523761,0.2068770914736097,5.781850357583
Kerosene,-2.835736852094242,0.07714368493948544,0.8307355298194394,0.25182161778725837,5.248771160047193
Kerosene,-3.106216001812869,0.061372691671259,0.8637834038018094,0.22169860401731772,5.255237956038931
Kerosene,-3.764533563890792,0.046823352788361826,0.8374137829696241,0.2881587464686335,5.477527911111184
Kerosene,-4.45864393778512,0.04445165137140713,0.9028129226723975,0.16319066449556904,3.5179723181889893
Kerosene,-5.126759312481636,0.015420487995904246,0.785059257086777,0.1409567030099595,6.385237379608139
Kerosene,-4.036943370127415,0.04273472921726566,0.7778293468490712,0.19284368012643302,3.2626719374358073
Kerosene,-4.295533737029092,0.0912898877968735,0.8831901789353183,0.18951009198227348,5.698123605406357
Kerosene,-4.4172345425020545,0.03398644514241625,0.9352064814766421,0.14288626730398632,4.645878764322649
Kerosene,-3.7551733741091917,0.03127531588485104,0.8825302476815705,0.1846702737678874,5.663910327566857
Kerosene,-3.5312126561995854,0.0451397573874834,0.9355329336295493,0.16673320982832793,6.3488704705487375
Kerosene,-3.0600534058975675,0.08541764415320881,0.858702801967151,0.16057071440360052,7.0767965853295465
Kerosene,-4.267761174381091,0.0337291485458893,0.8405106627047594,0.15091546419214613,5.526148825123346
Kerosene,-4.48453470540681,0.04425031660190256,0.8983889430832481,0.2311846605088096,5.015584572569659
Kerosene,-3.8633011770024144,0.05024510861263083,0.8284422466791318,0.19987366695761064,5.490841625492943
Kerosene,-4.100929703183072,0.05839535260460548,0.8081665610788477,0.16980531744271476,4.265679496726024
Kerosene,-4.452105097433925,0.07574362093412183,0.886301939655518,0.14615384406578272,5.437498296408455
Kerosene,-4.312465850118856,0.036352308290568694,0.7757130267138747,0.24859593469101224,3.6361368503328615
Kerosene,-4.041570542407899,0.031073775085502627,0.8887921973534962,0.18328240868430248,4.865537344479655
Kerosene,-4.080587410344026,0.056051406698715674,0.8506502381991654,0.19783634055194418,4.481598024745223
Kerosene,-5.2597834986736745,0.027628980809162894,0.8859239869340323,0.18470902683368512,4.335990222277521
Kerosene,-5.124582515534436,0.01560705719819296,0.8148396559935901,0.24440264270226286,4.442929806377681
Kerosene,-3.679611579806842,0.037938803412040846,0.8819433348014425,0.18241245990956656,3.7681157544495036
Kerosene,-4.215162454319555,0.08668000836560814,0.9394942157775427,0.22432666513896823,4.8629411845862975
Kerosene,-3.7568785583239332,0.05633704677466579,0.8480056623816449,0.22204720099613087,5.2082268621535635
Kerosene,-4.252777908291451,0.026094864012327145,0.8269970378889917,0.23997594245367984,4.968537775504635
Kerosene,-3.759770486729996,0.044339689445911754,0.7970201247494687,0.18806851425640886,3.9775440992506486
Kerosene,-4.8690313388828415,0.07411273217738819,0.8289956997532891,0.16292576372699832,6.617959684380906
Kerosene,-3.348011971676607,0.04256981548996324,0.8713818162776183,0.18821058408696487,4.3073203207204
Kerosene,-3.6202470204119965,0.04351396229359594,0.8537749004499702,0.2510681617449836,5.911213103795377
Kerosene,-4.440074633484861,0.059720632045741726,0.7936071876927122,0.22252070806578525,5.148495305801106
Kerosene,-3.6968165101092554,0.04405110490711535,0.9542035636826245,0.15493501461898432,5.971551710968462
Kerosene,-4.825358655814665,0.060086883492586424,0.8787894988625892,0.20274879357811426,4.504675589456296
Kerosene,-3.887092087403761,0.055340206668603495,0.9394968243153141,0.1563829857349852,4.444086503685998
Kerosene,-3.772211554344531,0.044878924192094966,0.84499794811347,0.25351759176818806,2.179733496570765
Kerosene,-4.478359476014249,0.015152615474975015,0.7902091781547964,0.3202312246036235,5.598168133952756
Kerosene,-3.2387480599535166,0.04838940700427138,0.8879356912415954,0.11167177462398754,6.038298411769601
Kerosene,-4.65587529484792,0.03937368361348174,0.8752575535227326,0.21582233792911076,5.084620048393549
Kerosene,-5.090476922864255,0.05199627337643284,0.8980280676741614,0.1733756451950103,6.3149370453402955
Kerosene,-4.698153548731208,0.050130957834367475,0.9267663866688306,0.16593000436501953,6.053985483377074
Kerosene,-2.4202781102225526,0.053420881378483005,0.8236491506308347,0.16136305985249882,6.304602703347325
Kerosene,-2.9786446405282807,0.07898618245737352,0.8483580824672027,0.25189034707635527,4.95116060887393
Kerosene,-4.7064440972866874,0.07248353570224707,0.9316935139139102,0.14896990136093402,3.9605690370993303
Kerosene,-3.9680144526159005,0.06912257211482001,0.7933090403123023,0.21135078684779532,4.409573045940248
Kerosene,-3.4393367201399982,0.03404226357008219,0.8885901500137089,0.1920892594591146,4.062859476318957
Kerosene,-3.9490480356584894,0.01124053371023295,0.822045271394753,0.2168700535162331,3.2282452209681045
Kerosene,-6.056909482484329,0.003212653603736657,0.9163564277750185,0.19616204936186354,4.467534605992813
Kerosene,-3.243876211466536,0.04191100635061778,0.8634230949933366,0.20128776754616315,4.529000579247022
Kerosene,-3.7646832928887153,0.0654652244284029,0.8407546691491505,0.17697222134226925,4.657487592000547
Kerosene,-5.8383300262285855,0.05566119093017824,0.7895444355505724,0.2314859362059462,4.9095758993247065
Kerosene,-3.9159031227756476,0.06400658341212405,0.8036738116829533,0.21846242216754785,5.2676210525626646
Kerosene,-4.147824666114235,0.031436275984729235,0.8797619182027582,0.2351727272209658,5.113602025977884
Kerosene,-4.856241932571716,0.039451019341490916,0.8469833638789966,0.23442472749910467,3.4165105988868834
Kerosene,-4.451042771443501,0.041946548801155954,0.8458389210298485,0.13493373579875767,4.782467221626667
Kerosene,-4.248386851450072,0.029248162570206866,0.8441016207915658,0.1729415451607249,5.4955861425097075
Kerosene,-4.708262048803471,0.0517966824425691,0.8095805581385366,0.17001228809205937,5.297291627705405
Kerosene,-3.8122258137262754,0.0416595563484328,0.8365294690833666,0.1273196777445238,6.4027643105807
Kerosene,-3.4500348816975777,0.06302896101742214,0.7702483891521892,0.1702255003755357,4.665453971076377
Kerosene,-5.5448491936272095,0.06779900192152173,0.9226942244274068,0.3030967478001807,3.9541161724822635
Kerosene,-3.906141202532581,0.07645636538300843,0.8373190760526523,0.17165060430786613,3.1339823264555093
Kerosene,-3.0939020337826006,0.04961478487853271,0.8135329070518469,0.214192864491443,5.153005373178665
Kerosene,-3.865392718116327,0.045658038753466496,0.9311179079381683,0.1933170133368789,6.6193220763233045
Kerosene,-3.548706458879842,0.05702340285523463,0.8443362623360922,0.24869783467729603,5.112991767577995
Kerosene,-4.7457049720908255,0.030690156180039292,0.8711242310967136,0.1546310557416752,4.937768943027501
Kerosene,-3.154252369159127,0.056079403557886674,0.8138932564835626,0.270499375580807,5.5478752369947015
Kerosene,-3.185765610236728,0.004648833135813952,0.8665426439131373,0.24210789181899467,6.700288642297992
Kerosene,-5.171054867320834,0.07412229178389065,0.9322190142850623,0.09913555113605105,5.478591109869742
Kerosene,-3.5059033485274385,0.04345984674696188,0.8254952769966855,0.23339269566439114,4.385018246589368
Kerosene,-4.173799462734478,0.06624869801647844,0.9377021525163431,0.22689921362710092,5.133484495414511
Kerosene,-4.413117987728616,0.029787999186978876,0.9054789120750475,0.1923275074436558,6.1507032746667285
Kerosene,-4.26364150239637,0.037014226772779775,0.8710399444413758,0.19617320303658,3.7944713953892624
Kerosene,-2.5461053361745214,0.037460324524567254,0.8963795760587107,0.24209283146982408,3.740537235085643
Kerosene,-4.801910115693188,0.043969813205997445,0.8067176727710842,0.28632281859393444,4.7998243632014885
Kerosene,-3.2882007657487455,0.060272747780004084,0.8632011224498176,0.2020160605369794,6.2371307077886975
Kerosene,-4.660074378668013,0.08452670620913173,0.7856388409747952,0.23907558628112122,3.5948361400602176
Kerosene,-4.252564441781568,0.05186619876121934,0.8256652325585243,0.19091652151915545,3.6130295520692064
Kerosene,-4.7899603749788415,0.05996529414391765,0.8514835912488722,0.16547359870892467,6.324277763129672
Kerosene,-4.975944719992173,0.04276819068271875,0.8247171860910764,0.23075188138805222,5.048163691137194
Kerosene,-4.086532197227678,0.013115665922655222,0.8932517240316046,0.18910870925841317,5.11566101761042
Kerosene,-4.598850576075102,0.03188342474365855,0.9249643879237843,0.11133807108687938,3.9458009722172283
Kerosene,-2.8156062778647355,0.06281492761997308,0.833726873412879,0.26232981571443265,5.446860116396008
Kerosene,-3.8138719264204646,0.05451124034204836,0.8732619108607247,0.22528462506487265,7.1959730528959565
Kerosene,-4.155914249338138,0.04671905623703593,0.7881553406214643,0.1974051306589491,6.862886899544819
Kerosene,-3.212411998052275,0.03912664512249345,0.8515020682260642,0.13517808122075028,4.030880655701694
Kerosene,-3.880447077909026,0.04011090794359094,0.7977700105310791,0.22449203823689462,4.917749913346676
Kerosene,-5.254040297352831,0.00849706067664424,0.8214994250712873,0.1205867428279236,3.1310885935293458
Kerosene,-3.096824638878332,0.04804578220269415,0.8367276810887249,0.19057970919246256,3.8621678492070304
Kerosene,-3.671219067988665,0.04738599346534919,0.8121295672010294,0.16961856577375,3.772541286787704
Kerosene,-4.324994298321468,0.045207442384349726,0.8283858335435018,0.20275772786707932,4.921488295238244
Kerosene,-3.815385169068314,0.0688619407384319,0.8796511738606541,0.2477294920255168,4.152265770173771
Kerosene,-4.406891915270926,0.06307193367891936,0.8835738835716043,0.1660689691231559,5.611583925781742
Kerosene,-4.754825693316754,0.05962111448283588,0.8486851899567179,0.13077821980468318,4.565926178240593
Kerosene,-2.2541857522436053,0.0540556072560999,0.965022498835913,0.1278036735062482,5.750741792663842
Kerosene,-6.027468953445693,0.04999529030170434,0.881560868882566,0.24189450474981383,4.200730275419587
Kerosene,-3.168727662418611,0.03932570479910611,0.8417951374443802,0.17833388903216832,3.8636106492676685
Kerosene,-2.744224330063313,0.05096035634316154,0.9043659189329314,0.25223556208823006,4.032059785727017
Kerosene,-3.0270982018627186,0.060068284870986456,0.7979549067763555,0.22244254156707524,3.9770321151319323
Kerosene,-2.7148333056170877,0.06627573489844193,0.8464425718904482,0.2632401809108592,3.4180123552964625
Kerosene,-4.599473040096033,0.04495160556519257,0.9617842340712759,0.14647585495632973,3.2926940582593263
Kerosene,-5.155508411598617,0.06812431738411204,0.8202903864730571,0.19204566678156934,5.762832641674485
Kerosene,-4.126467702366329,0.054082932090161115,0.8767607573804848,0.17846618040198925,4.833682940070316
Kerosene,-3.806435678143191,0.0673635854610644,0.8103815367909676,0.04897120390851102,5.679583149385647
Kerosene,-3.2578272649999325,0.054000683242603445,0.8634146609478267,0.1717845052929915,5.500183421534924
Kerosene,-3.317466544252649,0.05112992682836969,0.9745624165003632,0.12181294561643102,5.162961670856347
Kerosene,-4.9394823698538515,0.0675969184791378,0.770926228597891,0.13330392286411508,4.366813059450795
Kerosene,-3.7873342641156804,0.038090572226767656,0.8207279368700453,0.19095547725369574,4.757759840938493
Kerosene,-2.8100404893451807,0.06371822239337936,0.8337711630107678,0.3048505955606807,5.491661174856009
Kerosene,-4.775169644250839,0.055130274799836884,0.8767756272432657,0.1656187640469326,3.947491089193961
Kerosene,-3.930832727966046,0.042795564573879286,0.9239563944227721,0.23705779120424575,4.359224725913419
Kerosene,-3.659249511241129,0.0753425628544948,0.7803097777050175,0.1488610879506124,4.988831382720469
Kerosene,-3.971518425675973,0.048956049890742794,0.8344611410606161,0.18369698387739902,5.384258136821629
Kerosene,-3.0928459570886617,0.04038094540623147,0.9719199672585327,0.29803457178701587,6.329255629580081
Kerosene,-3.5020133323507507,0.09015976212940312,0.8354942317500296,0.1583697794004883,4.474027940596016
Kerosene,-4.802354242472066,0.052436026446267395,0.8649915232063872,0.21004199193405537,4.9875686478182
Kerosene,-3.8934763774627075,0.08472647617699779,0.8810025933819542,0.24612543983024107,5.190789936686788
Kerosene,-5.292470958774462,0.01372235059060978,0.9541404995104257,0.17340888623843895,4.383248655848067
Kerosene,-3.8034694068982007,0.06100805956659856,0.8838431068667206,0.28872092664400023,6.500736382657942
Kerosene,-4.648746579711057,0.06937469146843579,0.8307954540894601,0.19312456277846118,3.906010794048637
Kerosene,-5.354458283065128,0.04936876574735422,0.8022009041944377,0.24639068392860183,4.718921756479879
Kerosene,-3.753127824840101,0.07735051507830863,0.7757352409108945,0.16376913057251566,5.18088362456585
Kerosene,-3.7499801473413914,0.07206995002544651,0.8933576564520299,0.20484668128653696,5.3034046705972555
Kerosene,-3.735139287207608,0.020605752706524892,0.8421812261322519,0.21242366089985462,5.458550858785107
Kerosene,-4.739490752051328,0.02462404174942218,0.838273370374096,0.2983683055545747,4.180752487271331
Kerosene,-3.0608574021161523,0.08169479286090241,0.8522733263116596,0.16600760326732747,5.512819563658225
Kerosene,-3.844007766320403,0.032817920396193835,0.8170598586814112,0.22267899260726656,5.933440408168548
Kerosene,-4.25823216105231,0.04861732870223894,0.883431928525554,0.19137565579130322,4.7006730267041155
Kerosene,-4.604272655781781,0.03454630753251938,0.9834441379111628,0.19018991699604593,6.365058321512224
Kerosene,-2.6528053299847434,0.04632835421013682,0.8684214904217384,0.20512392410165162,3.387817649341323
Kerosene,-5.24157840979853,0.05097696933808546,0.8287543230695702,0.2945790169196795,4.763427061305381
Kerosene,-2.4392568023455,0.04047217207728912,0.9456100210304467,0.22532122484736733,5.563291895771197
Kerosene,-4.40941116538692,0.06153834360807378,0.9346356716540625,0.19275862529699314,4.660603184633382
Kerosene,-4.19741003108807,0.08240223210012874,0.8927675603500543,0.27238399952355596,5.313622710484269
Kerosene,-3.9685445145777343,0.058478880781412654,0.903507926720627,0.18764408787060677,6.368676993356786
Kerosene,-3.707335554347299,0.0018744372393964355,0.8941746713552597,0.1363847493369009,5.859172760673987
Kerosene,-3.278785601409467,0.056597851947624164,0.8771840449438346,0.2549435393921993,4.504372326189273
Kerosene,-3.365256272238017,0.07326046605914073,0.9380041298769239,0.14471098569701485,5.408516064987769
Kerosene,-4.769191359249172,0.029921559645970045,0.867951388620299,0.20387279073980694,6.145001478521985
Kerosene,-4.276941159675367,0.04731897127605979,0.8605752131169092,0.15690855742817722,4.276930154984069
Kerosene,-3.1071210673819576,0.03902089917437782,0.9091238283224843,0.23036562903341473,3.4524689745110644
Kerosene,-3.5756970465297697,0.06044959646188255,0.8711464304255643,0.19290616368084948,4.059932544608148
Kerosene,-2.9230297871099036,0.04796840822554329,0.8058296919832316,0.22287343430440043,4.257220029266743
Kerosene,-4.759268822628097,0.04249054775595123,0.8167301117840963,0.15438788740077128,5.806411762261759
Kerosene,-4.0910622515699195,0.07504559891031784,0.8072745261135033,0.11362194811818323,5.148770349249416
Kerosene,-2.5152168625548676,0.06061973658724005,1.0,0.21660295604745444,5.23555221128809
Kerosene,-5.724290136846334,0.05855894881177057,0.8584333880009646,0.17962894008977315,4.86322113294093
Kerosene,-4.054480459473743,0.04640141694135872,0.954485748156298,0.18145689860974956,5.169313723853858
Kerosene,-4.323120866708965,0.06566862373287762,0.8588381849986103,0.18600447134147594,3.074032054092817
Kerosene,-3.8053534197689998,0.043808474528404986,0.8469629671556449,0.14087710263773334,6.433282172720196
Kerosene,-3.3146054593249024,0.07861411995281264,0.9073489650390477,0.22961586510637308,3.857717491273557
Kerosene,-2.525290268742513,0.031447296982249795,0.8365796187962519,0.23534511403134606,5.756540787187404
Kerosene,-3.5422106184443534,0.041994230373418207,0.8196534186322262,0.32672662843030686,4.960686061500167
Kerosene,-4.129417107711069,0.035728870181224934,0.8622335174535478,0.20990114002890356,4.983773791295705
Kerosene,-3.694618682569691,0.08527075004884707,0.820247364685455,0.20215418711010602,4.352151547449444
Kerosene,-3.7642413113394975,0.03863060997251162,0.8237278504282904,0.1270238312972187,5.097794782819674
Kerosene,-3.656184302476018,0.08720952706384591,0.8734751240594922,0.17751579383513402,3.64032091231391
Kerosene,-4.977029604532382,0.024087433210560557,0.943902101772469,0.21439052484631851,4.417033780738107
Kerosene,-4.767887684122612,0.03287784319212157,0.819535030274681,0.2658127608127576,4.970056552942251
Kerosene,-5.1579731338191595,0.09620918549460744,0.7929919430317051,0.17045823450380665,6.310144387633882
Kerosene,-3.667880293912747,0.04060154000751581,0.7884316536953082,0.15166549455374867,4.093503880923534
Kerosene,-3.9943745617203605,0.05382123634562608,0.8425672685684329,0.19803930930378355,3.9492768048056788
Kerosene,-3.7654911150208887,0.07561037273673993,0.8418604159125216,0.19088566467852633,5.083001052052849
Kerosene,-3.105436112192487,0.03210554001122719,0.9225423667866067,0.2210611119717619,5.028680695698868
Kerosene,-3.029408930668544,0.026358758522470885,0.8761022768122354,0.22151547822533088,4.064544935606207
Kerosene,-3.6314895016369433,0.055666103587609726,0.8410630940155033,0.24314087776151663,4.428245747642336
Kerosene,-3.7837430033253048,0.04736652435089363,0.8192651588496166,0.22514423425593857,4.792264252650848
Kerosene,-5.178405166967638,0.013978677905640315,0.8894528734041601,0.13896999463865847,5.279384493400606
Kerosene,-3.95603848509748,0.042629364460582006,0.947833422860767,0.20898370092302232,5.755633482682065
Kerosene,-3.7721470277281526,0.04536921153765038,0.849045562488203,0.2729271382830242,6.08810529260043
Kerosene,-2.438410854649119,0.05443284185945768,0.8061531467149626,0.1779741527820094,3.812221808201409
Kerosene,-3.3863646968997783,0.03828167367845504,0.6972341026840244,0.32318878491649655,4.429398861511684
Kerosene,-4.461272740388647,0.08343223385320733,0.7895874274601242,0.2568302943266583,4.412557556575979
Kerosene,-5.059036355677487,0.08411435522756273,0.8961548473531263,0.24600004922575214,5.367655546788774
Kerosene,-3.5207186935378556,0.025356839505039138,0.855580542862233,0.15356184997745775,3.6110594809369454
Kerosene,-3.6712373354335748,0.0731629911131909,0.8308315587885968,0.18939935538327293,3.8618493549169597
Kerosene,-3.9942262831296818,0.06520152224776829,0.8895763868363886,0.22725880878154664,4.381568832805464
Kerosene,-4.520103234741722,0.06590808946481867,0.8905999466108365,0.19140025072840536,4.573828092434314
Kerosene,-3.0662023252434403,0.04280102670373507,0.8872966112261891,0.1931578412570951,3.952467218963
Kerosene,-2.7101502879810377,0.05240127791462953,0.8144628010055958,0.1304597166112398,3.7099992017631664
Kerosene,-4.298329123275681,0.08850257767067186,0.8207669060662879,0.27237274161731023,4.869236331396916
Kerosene,-4.9449203128813455,0.04053577623099208,0.7859506038131279,0.1572015774018073,4.114251938124083
Kerosene,-5.523043093985013,0.08025592137629453,0.8605508515111141,0.1656860797190949,5.221757746433389
Kerosene,-4.6683843149136495,0.001,0.9978345816613274,0.209479993833853,4.410986960685235
Kerosene,-5.547131849341946,0.020117004097148804,0.9327245964777453,0.27509692743992337,5.753215035998948
Kerosene,-4.892061630727851,0.08019947975954021,0.8724891308972176,0.23274622241757673,5.446170944443247
Kerosene,-5.205589747700883,0.026036780985062246,0.8244890916795818,0.23218198537665566,3.6195679177568536
Kerosene,-4.140277131955353,0.046467809796738986,0.8896369844663788,0.23373357678038312,3.9897740709478673
Kerosene,-2.8426510644101586,0.026735203424994195,0.9046119720950375,0.1724927550825801,5.163925953433372
Kerosene,-3.819210031916556,0.05395414881417591,0.8837249599217285,0.21957297489667665,5.783649129870538
Kerosene,-3.6283040317238915,0.02471089482148313,0.8634899537278994,0.17180650487473334,3.8907375220927163
Kerosene,-4.2318719141418395,0.053664711980701815,0.8624837513993893,0.2528012372570134,6.3073091189715775
Kerosene,-3.730975335394115,0.06034212754018819,0.8547654516587827,0.23836127318247924,5.486988138837065
Kerosene,-4.043590475086243,0.093039651340086,0.822690831827909,0.2727228478354169,3.645707073673063
Kerosene,-3.3491067708388362,0.07873136703453675,0.754639046449604,0.2069475286527547,5.715414041244044
Kerosene,-3.7984291166975472,0.05756311871213926,0.8568111581188331,0.1452876086819204,7.3680455921554415
Kerosene,-4.4028302906526395,0.05868322477557811,0.8176580161457286,0.08620684049896508,4.075487126251031
Kerosene,-5.158085353820111,0.0718313507844898,0.8196565991977772,0.17429543304100187,3.9356692873962635
Kerosene,-3.924771681027918,0.035670829672774386,0.8996177365623395,0.21510196615445806,4.428174214275552
Kerosene,-3.3198135585303845,0.05015881046046476,0.8510748452844975,0.12686825481340372,4.928913867214686
Kerosene,-3.7427642885456014,0.07667133644396691,0.8124053185048339,0.3139054311692756,5.556868316828986
Kerosene,-5.215529500827046,0.033096037718288875,0.9210499582108409,0.2621614571481197,5.018093481560503
Kerosene,-3.8800658375537185,0.026707794525480576,0.916072137011767,0.15061164566127666,5.844741111123417
Kerosene,-2.9183661050678897,0.05096311108439018,0.8983805683061099,0.29238198540128474,5.267968799210738
Kerosene,-4.140241453145557,0.048662942848969666,0.8128506048663956,0.16172081036315636,5.442406763825703
Kerosene,-4.131159857719427,0.05655138353702532,0.7755031925073714,0.195369058740643,6.030117850090463
Kerosene,-4.895139421580814,0.05033052828269102,0.7572695344550795,0.13472689888634132,5.8076608876780496
Kerosene,-4.247427434650359,0.08644145731077085,0.8716221555212156,0.22652978324446624,3.9235179501051007
Kerosene,-4.308084301475563,0.035347276359047754,0.7967279130224707,0.23319465630480676,5.86451586576868
Kerosene,-3.680850244666041,0.03343865613548026,0.8665365017548731,0.10436607992671719,6.32300926870804
Kerosene,-5.03852014050995,0.027590820351230734,0.8557646134785096,0.21020797801210228,4.927251401548215
Kerosene,-4.888102352785837,0.07266695987206585,0.7657025399465375,0.12583655047757777,4.893017228045519
Kerosene,-5.0113871854755105,0.0744525055255185,0.7910892682293542,0.2778513576105156,6.035122165771574
Kerosene,-3.011955411593933,0.08774211965906491,0.8540613962047883,0.14935127020900213,4.8969921242313585
Kerosene,-4.45333248432717,0.035816174549725556,0.8575426718403416,0.1844147892896127,4.2477903156830035
Kerosene,-4.196321914069807,0.0609795692840741,0.8978208603296348,0.11985380434045052,4.696798913671458
Kerosene,-4.1130745643797635,0.026349599555447363,0.844014713347965,0.20739978047700142,5.518834545280991
Kerosene,-3.938273579494664,0.03238101180004889,0.9506015013785923,0.24145633858107993,5.552719744649867
Kerosene,-3.196134994391251,0.054892183436209545,0.9143150442760978,0.20284359751428824,5.001747460274184
Kerosene,-3.491817216967037,0.08152715092581847,0.9256024307644654,0.2296423799129998,5.5166118585768
Kerosene,-3.443166071122811,0.06971241826673195,0.9149365969706621,0.18817079579980753,6.318061289837392
Kerosene,-3.725603908742955,0.063018632449999,0.9190974660766997,0.23735311250453395,5.9159955631528405
Kerosene,-4.311534826625937,0.0799662308749936,0.8847843355538062,0.2063032858920249,6.101074386893103
Kerosene,-1.9297356017916008,0.02662150996356131,0.8098133688538358,0.33426526544179425,5.426694842304374
Kerosene,-3.8473042570947458,0.0476922851667567,0.910421800048572,0.33056236544051437,4.334811459266654
Kerosene,-4.077501381751467,0.04298545742864268,0.8866432488409639,0.26111967188252877,6.620932785333117
Kerosene,-3.386625373903776,0.10038665582487234,0.8212623508396293,0.1582729723783648,6.469344293316209
Kerosene,-3.9017341443229308,0.022481193531694383,0.8341968514181275,0.2127829327048637,4.353751762092645
Kerosene,-4.811728549675671,0.045847417269482486,0.7967733289819144,0.2317565519490116,3.0561951531071534
Kerosene,-3.927660057627662,0.06039019776216605,0.8454729380125812,0.2546611448535437,3.6294387657958644
Kerosene,-4.560871601100891,0.04339930707498221,0.8856362284704653,0.21092537930230604,7.143365982742418
Kerosene,-4.644628717579114,0.022100222028386976,0.939454449146653,0.12845707080338087,5.683062711399045
Kerosene,-4.782936033617576,0.008613632983046281,0.8312608103093384,0.244974998123858,3.7782289115269263
Kerosene,-3.5391242174841353,0.06525727122372904,0.7864154929240348,0.1886119355643815,6.577074822327164
Kerosene,-3.4795259040290056,0.044770150708479596,0.8707647740626959,0.16573683457647762,6.1136956783850245
Kerosene,-3.1093919483182884,0.0524181183017211,0.8615353078228847,0.1500601562497164,3.647963572932171
Kerosene,-4.301283795153225,0.04825196580617644,0.9031313748693994,0.24612138753091556,5.184832888359093
Kerosene,-3.0475688125017704,0.031130276423711935,0.9038668443639185,0.16047856428252663,6.239694530064242
Kerosene,-4.010677171815985,0.010034266469245254,0.8865078582015721,0.240477287975039,4.543419945511418
Kerosene,-4.297007662715213,0.046809094402307926,0.7537424093686864,0.08176359134524283,6.301625638130389
Kerosene,-4.659254133928462,0.08710528219152727,0.9185200900569457,0.278359765713487,4.349701047532845
Kerosene,-5.286720949544465,0.028262353868112905,0.8276772636423544,0.081338513357468,4.524574310875833
Kerosene,-4.161342422008889,0.024111580568266112,0.7979757450877083,0.1889700739409599,5.356286548310301
Kerosene,-4.712658134400195,0.05584505219152539,0.8568423003993927,0.20234429295091955,4.347985876143423
Kerosene,-5.066703676828307,0.0839290395980148,0.8815152958228712,0.25028658265303694,4.916370315161077
Kerosene,-4.131220353808111,0.05981319361450776,0.7582655824773877,0.14426782653234277,4.202225121971627
Kerosene,-4.36365313803341,0.03240608641059692,0.8666403562625373,0.2040723617231418,6.392864689751377
Kerosene,-2.02099267430995,0.024742995197031343,0.8573652606984222,0.2072762939103487,4.985801930235338
Kerosene,-4.867859656772401,0.031656051087148994,0.8620202805958059,0.15273249633463817,5.159271972167008
Kerosene,-4.196759827636484,0.052833158062425646,0.8023349764782782,0.20787346211672683,4.11904741652341
Kerosene,-3.8714435130744653,0.07678792244878316,0.8630491925008035,0.21609351911915287,5.817206517497548
Kerosene,-5.12284667557861,0.08437843147446025,0.7972205003693815,0.24398304986844685,5.7469099872563225
Kerosene,-4.721733089203808,0.07017772273533525,0.8748906383206654,0.29449893222011286,5.193378751341293
Kerosene,-4.086834665218078,0.03970474944163591,0.7628322364324414,0.18408862176244203,4.724101605741123
Kerosene,-3.790353453954052,0.021537937782350688,0.838049389440656,0.2288125696011058,5.675509675492517
Kerosene,-5.487852140909862,0.0641281321730645,0.8376713043439253,0.1907494561250723,2.635484630144162
Kerosene,-2.8051430699536963,0.053535977700225904,0.7734269786738647,0.21876007874582334,5.344478440847024
Kerosene,-3.0219646776536084,0.043806224614182446,0.8505998034469293,0.16785960998810462,5.597948613992738
Kerosene,-4.6267922733400395,0.03214018965839541,0.8466101231110039,0.13870681143480856,6.602131218539235
Kerosene,-2.4581866178064997,0.040928198291563696,0.7806702496721417,0.2168296019451031,4.517897482031076
Kerosene,-3.0602550939775743,0.03425706808940193,0.8772256611214221,0.20569967946958467,4.3237384893865904
Kerosene,-3.8079601372064467,0.067570651169497,0.8543424259527698,0.20486423325631295,4.127216572146326
Kerosene,-3.0846361616766913,0.07089093156286368,0.8294720405656751,0.19378557702585023,6.414220672690327
Kerosene,-4.906856656837964,0.062085767827175634,0.8220693113434435,0.2889038938375821,5.063446728665337
Kerosene,-2.991697185487966,0.03477345303077743,0.7875735658837866,0.1882870271399444,5.262683457946836
Kerosene,-4.4085853456131305,0.06516614852549935,0.8395023216094785,0.09592814191166972,5.552811979193001
Kerosene,-4.706029647317726,0.04276805236646963,0.9276565601769677,0.28864058620605454,4.424506564907189
Kerosene,-3.537770695494528,0.03895451019154711,0.8356563510550699,0.16971122925507237,3.2756563196035153
Kerosene,-3.9239558210130325,0.05576330773892334,0.816449912734443,0.2543895855718555,4.56391978290478
Kerosene,-4.509769459887212,0.06053006236216212,0.7728659005013735,0.2453339515851403,4.597830842605637
Kerosene,-3.2085711388847282,0.07576261051658312,0.882007672117857,0.15940133536358445,3.7491682935155954
Kerosene,-5.147258130668189,0.07205821403402622,0.8432599943899908,0.17003891027345758,4.867917848461108
Kerosene,-3.1355030328366653,0.065574795707191,0.8719253077854427,0.23189430287132026,5.180172355496949
Kerosene,-3.75830955416286,0.05442050462302094,0.8499969377186223,0.23766869419156408,5.361282106200394
Kerosene,-4.704572024885566,0.06057748771045307,0.8623623533189652,0.23057067344575496,4.8957930863849715
Kerosene,-3.3506077489862736,0.04877182898267686,0.8861939843300273,0.17717642420247445,4.612745945901048
Kerosene,-3.5183579814319,0.04336453212510512,0.9602891347374081,0.22832224933895134,5.024923486154201
Kerosene,-3.344079378592921,0.04038639180046966,0.8961507409616508,0.24476176083317663,6.25353405777955
Kerosene,-4.352647625078862,0.02554533491724511,0.8194922680398725,0.18591847420136265,6.667211600851755
Kerosene,-2.2439903766978007,0.05689324609287965,0.85046953040093,0.18250460847628946,5.824690350210867
Kerosene,-2.249134886406786,0.08571701782376544,0.9068988306302916,0.25616512655569285,5.832309886254115
Kerosene,-4.037832516566827,0.035269035549184084,0.8489592955336029,0.22111698010656766,3.5463661012817047
Kerosene,-4.122360583492967,0.033481352908174535,0.900692058053407,0.17251457989216448,5.3282203319809875
Kerosene,-4.560016234348462,0.08195398651921831,0.7649621531732707,0.22379201884219835,3.7227423315600676
Kerosene,-4.40746612038788,0.0541237340736901,0.8627678515658419,0.21146334205477066,5.1517491409755
Kerosene,-4.513475409498754,0.04671893353822378,0.8515817008089457,0.20976801983794416,4.934319527193011
Kerosene,-3.4163276632124364,0.05186773940301885,0.8600662983810806,0.18086738258442417,3.9475580733855775
Kerosene,-3.8767768554140236,0.07414892087925876,0.8721930615365207,0.15912530293926042,5.814740025818605
Kerosene,-4.268093654235165,0.06429307960960574,0.8315602067551919,0.2176653219913685,4.481502663375653
Kerosene,-4.394441997176267,0.01867469265808521,0.8756037409580579,0.21850848174101686,5.426442716260943
Kerosene,-3.779735551094551,0.03475499933353394,0.8982949632246789,0.24963896500461352,4.211762534829417
Kerosene,-3.5743008069200335,0.06749982370735955,0.8264950863328139,0.1851982155377824,5.534113408211786
Kerosene,-5.208263815531441,0.028229655569320004,0.8005112496065219,0.11018418175872524,6.084939774187481
Kerosene,-5.590505451353334,0.056862213268627324,0.890584169737761,0.18532020227933665,4.331632375268755
Kerosene,-3.813726039410689,0.05003666001188963,0.9001752431208208,0.06857394298010215,4.0812925238518725
Kerosene,-3.5507384928671555,0.051008948855489206,0.8876017079598434,0.21310099881198313,4.865262936758687
Kerosene,-4.241830754474804,0.09650110031751173,0.9267473137015756,0.2247752549047611,5.078463893448415
Kerosene,-3.5694939605172524,0.06653669435745817,0.8709413342852255,0.1624309938306721,6.784510767724511
Kerosene,-3.803033417796785,0.09027860060779629,0.8593573743438667,0.18771733239372332,6.384140124046464
Kerosene,-3.7590504335377863,0.052668452690185795,0.7899817897178703,0.23301089025679142,4.506689617044092
Kerosene,-4.3582329672591795,0.04018902309189657,0.871951691734765,0.1232311863212155,4.789154657274193
Kerosene,-3.2157768071124977,0.02508662261319985,0.8586439480467293,0.16843002898645829,4.5963068805343665
Kerosene,-2.6758781916880743,0.016990216329099833,0.8882815169085808,0.1761035865611394,4.472336014854332
Kerosene,-4.889249873990614,0.06507799274547271,0.8404297691857991,0.1841165293102674,5.109836929204075
Kerosene,-4.13622970059344,0.009986242404929515,0.825458790851132,0.24477204454741622,3.4933835358876912
Kerosene,-4.871950319885084,0.04146417209202949,0.8137188290681429,0.1986057258929196,3.9069232483212595
Kerosene,-4.310283619047499,0.04904010936801332,0.8824470208103985,0.2622394693049798,4.7384528461465605
Kerosene,-2.4895518070033393,0.046321908389109524,0.8914437574128266,0.296575386736339,5.139308409235936
Kerosene,-5.098821297262028,0.051818077144152624,0.8194178555897544,0.1862783986513774,6.984976882495215
Kerosene,-4.978210738579101,0.05600933644611718,0.8061139359839138,0.1846171029399543,5.744842335204484
Kerosene,-3.745468845221582,0.04549935462076822,0.8175099837367685,0.21580390960768073,6.70768671715337
Kerosene,-4.721081554098899,0.08823327770915546,0.9099748725362575,0.26846766837888836,5.3084323809296015
Kerosene,-3.0630961795920846,0.02982337435098748,0.8165978046075744,0.23829069069601963,5.2958450552238165
Kerosene,-4.118703406798216,0.001,0.8282262975980914,0.14129731098508672,5.493534311311502
Kerosene,-4.152934822853789,0.03743398911666991,0.9821455241312151,0.25190872383471175,6.055872141356059
Kerosene,-2.2382278842542616,0.06604383565366219,0.8114522995263567,0.15560518241541318,5.964902758754235
Kerosene,-5.647483423820142,0.048444407379808686,0.7414437811221776,0.20494217541947532,5.8540702507119535
Kerosene,-3.776467572317094,0.06876218717941196,0.9482413470829957,0.19282307813689958,7.807650783278881
Kerosene,-3.8298640350638764,0.0689833012538072,0.8194468642717466,0.2809656989815341,6.04171019854263
Kerosene,-2.822838957945602,0.051090088435479096,0.7872291217808355,0.22301987198127032,3.302980186676484
Kerosene,-4.268948642897562,0.05382160873264502,0.9688612146255383,0.21592743059709704,5.139537469083039
Kerosene,-4.050425939228234,0.023158181904699652,0.8542912920006503,0.20514413380683863,4.031391504546283
Kerosene,-4.949396491542692,0.04036858634464534,0.8532466489286347,0.1771222909309271,3.9491245503484786
Kerosene,-3.7685821983965555,0.060777336483384584,0.8560648854611117,0.17185086430615334,5.594841021232258
Kerosene,-4.152429831781585,0.026218325853097014,0.9018122177500699,0.21767540096332452,4.880709694304261
Kerosene,-5.25684176386778,0.03510279441729577,0.9509282856191463,0.12458289690596515,4.748650720358308
Kerosene,-4.013068609882896,0.056409535788231095,0.7751414532086792,0.20870881282023002,3.3138945375283204
Kerosene,-3.922056963043591,0.036952041619808355,0.8067065366541095,0.24174085793337938,4.764393756636117
Kerosene,-3.6210313560739427,0.06013653822755635,0.9134976744477551,0.13958711291894876,5.919015662519756
Kerosene,-3.9868307020495624,0.04243750839260813,0.7925374740404858,0.2303295430771431,4.077775478666115
Kerosene,-3.5857547304182855,0.08855661545934264,0.8989988520179664,0.26957171625753246,4.280995222774968
Kerosene,-3.389813563094404,0.027115700897272194,0.8383258548712693,0.287063602810956,4.392157793573515
Kerosene,-3.1109150526615252,0.0703129346599943,0.9037370625110419,0.13664990119393636,5.52520096601568
Kerosene,-4.125278852733491,0.07176993715058223,0.7672499800136577,0.21838939445328018,5.2263752028400665
Kerosene,-5.592093389799148,0.03229159287810046,0.7584923893441574,0.16368223490385467,5.549217084665147
Kerosene,-3.8437075394811138,0.05338800161187098,0.7980125945534309,0.2560225245755266,4.98118032163866
Kerosene,-3.9730369501939933,0.06880799137892261,0.8004327126153731,0.21142738849359616,5.42346249160142
Kerosene,-4.4364545202350785,0.06304746761519553,0.8738561585314784,0.19494116438612874,4.867849109865138
Kerosene,-3.581161873702956,0.06576942080026381,0.853144995870332,0.2560094730203424,5.658525962430583
Kerosene,-5.430771159781452,0.021902066049157155,0.909111760951083,0.18766134342645513,5.164175822797474
Kerosene,-3.088567585872684,0.049871775652563184,0.8518633804794674,0.1565635383604136,5.369994507227521
Kerosene,-3.530790224826541,0.03844236325994288,0.8038989310847067,0.33131446275976145,4.907091530151717
Kerosene,-4.546953871687434,0.06413172890584523,0.8474602982386054,0.14571168383689487,5.483053571651445
Kerosene,-4.682496775260655,0.08152916004311268,0.87472523148762,0.1861559787736958,5.109347018022113
Kerosene,-3.277369503121445,0.05371922507121597,0.9561054728616774,0.25679337581977624,5.487607367561122
Kerosene,-4.749588698806788,0.04706223792196018,0.8739437485026226,0.1588569292120931,6.293426874962949
Kerosene,-4.779325873422432,0.03725548603908196,0.8218850407552559,0.23719122303165666,4.195063632829227
Kerosene,-5.439981256335244,0.07176077671523426,0.8277806857447219,0.14657461839240316,4.24514144679746
Kerosene,-2.6265898006525195,0.03685912605454179,0.8438315947311549,0.17765408188569923,3.767337456566244
Kerosene,-4.594174849797571,0.023977831859870104,0.8977940637840357,0.2050439532306798,7.482677762174321
Kerosene,-4.567128579992471,0.03282279507708761,0.9266879884177665,0.25289885160340675,5.384765021771022
Kerosene,-4.890953212070618,0.08489992535455869,0.8463948420114826,0.1784662435752482,6.14295973691828
Kerosene,-4.017836097002984,0.026686598287362348,0.8520151299749291,0.16093255992146183,1.9906588573168262
Kerosene,-4.705368153720106,0.039445288582642984,0.7922177445353475,0.2287623266057019,4.2225522426712185
Kerosene,-3.617259039332435,0.025333605272633706,0.8954609460541268,0.1361758736666754,2.658469590608927
Kerosene,-3.010189931869418,0.03288212392537657,0.9378464529099704,0.2282295950604035,5.790263318381253
Kerosene,-3.1636219996271415,0.05225358692498139,0.856202770891927,0.26406700120971544,5.111358495698098
Kerosene,-4.582541477437288,0.061715171203244476,0.7443178292807524,0.2659779400780107,6.340439135965092
Kerosene,-3.0414666655015368,0.0731954392475539,0.8457912337329438,0.19466588077534888,3.7703599102291436
Kerosene,-2.601566998631162,0.040299636539474444,0.8669942654875941,0.2127022641477389,3.6595808183958436
Kerosene,-5.3957400192985645,0.05011173241734697,0.8273121941194246,0.19552815703783324,6.0654156302032325
Kerosene,-3.820044679570382,0.06517045081529461,0.8722664081087789,0.18418329033800843,3.9981968328069364
Kerosene,-3.7882257055092254,0.05167785238692183,0.8957578168752374,0.19245499651387538,4.702658454884477
Kerosene,-4.18359950702528,0.03162546729989109,0.9223454972410229,0.2569814377307881,3.786970171041953
Kerosene,-3.3568414864219602,0.013099898721352693,0.8992644616555511,0.16518247744461623,5.359900557678252
Kerosene,-5.5436077516333375,0.026025915366440996,0.8734351483624705,0.164954590830861,4.160037129627801
Kerosene,-2.883310642038322,0.0942191842254575,0.8968506968409742,0.14540597141324682,6.763519332817699
Kerosene,-5.249145807718706,0.04391017091849348,0.8527388883493686,0.29620189219193743,5.912659137551725
Kerosene,-4.371006155839615,0.031100874584405008,0.9001096326901628,0.17333205213898223,5.2167400878649755
Kerosene,-5.095821191407293,0.061385157104484014,0.8744347572873739,0.13791899691709142,6.031623112871641
Kerosene,-3.556203353405775,0.06480048505560196,0.8310660653624935,0.20894782056432212,5.063378868865324
Kerosene,-4.118536323803384,0.05341006556331692,0.9128221486898191,0.25374753193519634,3.8181393225311435
Kerosene,-3.2116785464744484,0.07382286745496071,0.8424411163323816,0.22542235518988885,5.494001667303018
Kerosene,-4.679973293339441,0.04236087424943344,0.8875405119425803,0.17520888815842744,5.975499559262308
Kerosene,-2.956022047320191,0.07287343683960942,0.9489902301584728,0.19546338588544437,5.177201073969063
Kerosene,-3.7434695617898877,0.048792041500185235,0.8771089487050822,0.11443979854940056,5.204905388692519
Kerosene,-5.101949319906317,0.030747534447848442,0.8866444905514956,0.190044188077549,5.697614474715806
Kerosene,-4.176621282880904,0.07212812632782312,0.8380459647189348,0.10225407552184385,5.2253925820112705
Kerosene,-5.735087876562041,0.020945581949351852,0.8058526735500715,0.14961452611149065,4.454949195583715
Kerosene,-4.833654258824884,0.021880946728286547,0.9270917872420387,0.16609277268040523,2.7692323468526023
Kerosene,-4.2887346984074055,0.027505378839448928,0.8057516186353593,0.23551712406762426,4.551842381214782
Kerosene,-4.9220772809743085,0.0589250701991449,0.9074970415304543,0.22684360813199225,2.5464444283495746
Kerosene,-4.891991601917611,0.050948970612724104,0.8377850297367992,0.18363624230304018,4.017243307159166
Kerosene,-5.124467266461952,0.09015563435626041,0.8513555476569455,0.2321060894433709,5.006251173583809
Kerosene,-3.9629210410896083,0.04875793200381425,0.7939777070462783,0.12427552709828762,5.3862253737449866
Kerosene,-3.849726074183067,0.06876561796919414,0.8867680413321013,0.15957439036251647,6.132591308921872
Kerosene,-3.387978243876386,0.06381683139714671,0.9624663395989405,0.3021979381254094,5.689913766554886
Kerosene,-3.547842235329976,0.07163310363539362,0.8208023115164814,0.1715085371204475,5.673421407091913
Kerosene,-4.685180871302058,0.06185538971046511,0.8578416083268094,0.15719049477039407,5.025866510288299
Kerosene,-2.955934726289267,0.05164740901307674,0.8543273823808988,0.21644926394522984,5.459188522891609
Kerosene,-4.264672372864954,0.05700522095934096,0.7975464820204633,0.1600464471583056,4.328850891924377
Kerosene,-3.6241898482927133,0.053204656551125544,0.8432820211378024,0.23453849947926436,5.3788620827423355
Kerosene,-4.231981423986298,0.029295383143603766,0.8090145599386623,0.1266595267303554,5.1405695501508255
Kerosene,-4.6897110259629375,0.04009354036032259,0.8436204659685568,0.2521997595665343,5.928790598316819
Kerosene,-4.04376677700318,0.07531006978800599,0.749382574533957,0.29386102748832565,5.692499714304585
Kerosene,-3.9177573719840564,0.032172806384958744,0.8280966316934768,0.23046754477890208,5.632079383531414
Kerosene,-3.4652853035273705,0.035430065312670796,0.8035076143492395,0.20976026221762534,5.769853957771473
Kerosene,-3.997452120396113,0.07962968493770335,0.8516568731095056,0.1999645678083507,5.670559991192669
Kerosene,-3.024615889926369,0.023014894803909103,0.7940994145982201,0.1843369281127981,8.158941784588663
Kerosene,-4.2091748500327455,0.04756434113978863,0.8809175964903959,0.24884644514067372,5.169785116454756
Kerosene,-3.0685220039677947,0.026120576339481606,0.8116955787628637,0.25812434752898195,5.010943114783474
Kerosene,-5.009960484006932,0.023549241367655852,0.8094529597327648,0.20010627710789583,5.467379569726789
Kerosene,-4.263247999955311,0.05769998378479038,0.8281466756653192,0.26119601008084586,7.551840094572356
Kerosene,-4.314090185667539,0.059598656215978915,0.8699205412075056,0.20693477131299629,5.653250945341291
Kerosene,-3.6169430488161383,0.04057892859230211,0.9158272886311344,0.2100833123743388,4.615199580169636
Kerosene,-2.045437980922079,0.047675732456888,0.8627471920711874,0.2087720172290168,4.870105389048792
Kerosene,-3.6410682359647875,0.0331000018181675,0.8798271693261529,0.11208229858037852,3.7019302487428707
Kerosene,-2.539420362265188,0.024876399465564275,0.752002057398157,0.13842919154669062,6.740057269196734
Kerosene,-5.433489392218172,0.030883716348168985,0.7770903757841506,0.1862935401454996,4.563979101819264
Kerosene,-4.384605205381627,0.08712267598810274,0.7900462341181226,0.19489061101414445,5.338601246320734
Kerosene,-4.784167409657715,0.05973179962493205,0.8300094752723346,0.21871545330949282,4.892000748474347
Kerosene,-5.6404249804530435,0.07612197425531482,0.9535229157677035,0.19116229090325934,4.102047948133396
Kerosene,-2.795189823059449,0.08780765805734943,0.8415602294205001,0.18906596923897429,4.920088902328501
Kerosene,-5.339639111396244,0.04417748242613544,0.9357470943774623,0.191565566961472,3.959965472127795
Kerosene,-3.602651504556416,0.03665602403011776,0.8466773938166037,0.13655756097263605,3.963375838813268
Kerosene,-3.4098725961091256,0.05231733558802176,0.8111971306578591,0.20597675651524516,4.392853291272741
Kerosene,-4.627008135496135,0.07328068794496613,0.8891438776594386,0.19893635751844527,5.144337337249703
Kerosene,-4.006718413867475,0.05974018518347078,0.8100249170772152,0.24312523666843217,5.353565837890812
Kerosene,-4.210445070311641,0.04024443936982917,0.8920565470883404,0.1924756841924947,4.301106904170163
Kerosene,-4.307655813579459,0.0653840929777832,0.7694723399376979,0.18222955472097638,6.070582669675764
Kerosene,-4.134573417682606,0.055456334645556826,0.9043384482268597,0.24461648266985853,4.559941226960078
Kerosene,-4.1043148417630695,0.06809527803458028,0.896973474364195,0.19559749373425295,4.946454347707573
Kerosene,-3.785853044372919,0.07733801380034586,0.9033783060328978,0.23466933518995092,3.9213307239361086
Kerosene,-4.219866725238606,0.045554266526201946,0.9209242516301737,0.18805678044101812,6.253442823077614
Kerosene,-4.456558936424868,0.04018232084678482,0.8740727052906571,0.27840733527858785,4.788222870732123
Kerosene,-6.050214289488959,0.018716331953222264,0.8648980778082228,0.1262601986609116,4.134437173603588
Kerosene,-3.9901264394893943,0.001012655085070781,0.8310137105337273,0.14175957210698656,3.50082028209925
Kerosene,-4.641747551374448,0.028615821498611377,0.8734740108996151,0.2598263393341442,4.6355731483889375
Kerosene,-4.476900623237469,0.041715899976842025,0.7945906446030768,0.1355629052190161,3.3544455471066628
Kerosene,-5.063616766654539,0.08263982014225259,0.8154789482318271,0.05291857641181186,4.412943061518993
Kerosene,-5.272331629408657,0.05118969879994326,0.8475823172381497,0.20279428188460275,4.959273921254815
Kerosene,-4.298168243695799,0.020882077569200276,0.8462672964014288,0.2509462294567847,6.813673083795203
Kerosene,-4.190393061844805,0.047407801094326296,0.8750213589544447,0.27466207797360526,4.513703389495452
Kerosene,-3.4458789464397297,0.03354361468951223,0.8664924495132751,0.24853020883091853,3.7091393934522037
Kerosene,-4.4201157776145745,0.06909566193390003,0.8808080615257398,0.25179730701574277,5.848439646454067
Kerosene,-4.272882822333364,0.09398380296789383,0.8568454995376698,0.04721455254278997,4.717653627622701
Kerosene,-4.375337005599463,0.06590498334734556,0.8274407342400935,0.2549484997909569,5.558099372406708
Kerosene,-4.800072369176048,0.0471925332877715,0.81122332778623,0.2092379323426835,4.218509132764879
Kerosene,-3.9404518155927506,0.04455388498019178,0.8423888372660088,0.302547018989905,4.639514773292795
Kerosene,-5.547546470093752,0.07031652289468696,0.9003977950901004,0.10105299131015871,4.299100378791933
Kerosene,-3.6513515545227815,0.06048406522434134,0.849763811827364,0.20089126894666395,4.0614121269168155
Kerosene,-5.919878970764549,0.09099014636367074,0.8015666361146643,0.20882528450322413,4.841152004340664
Kerosene,-3.2822419581811633,0.052297944269643175,0.8576720476545999,0.06828408759955354,4.166660927457746
Kerosene,-3.404293562720802,0.06309336450143858,0.8024173588191394,0.1210985708639439,5.12657930672293
Kerosene,-6.325419239036652,0.02702651495324475,0.9380080537577655,0.2722533664436884,5.487249358765145
Kerosene,-3.754130948414995,0.010996584309512022,0.8129666381675441,0.18524157010171122,4.2805862504988115
Kerosene,-4.280194667926292,0.07598448848692589,0.8229088469364338,0.18295304097216172,5.739531286683752
Kerosene,-5.135580574882243,0.03319590842322307,0.8131138706121578,0.20277960732758737,4.6550379325063345
Kerosene,-4.250672727477707,0.036702920257950106,0.7964584869892622,0.23045714621052887,4.6621958810377455
Kerosene,-3.5047848158821013,0.02776745339037705,0.8167378921125178,0.18894084860766172,4.872132963183789
Kerosene,-3.396505019254232,0.04138981420815283,0.8873371121405438,0.21874720042798473,4.893147389917051
Kerosene,-4.761039037197216,0.0651375053092664,0.8036831266343174,0.19893598099213608,4.94605955706392
Kerosene,-4.165676114093826,0.04221360554029371,0.8088961652519164,0.11915317813149609,6.403804732840352
Kerosene,-4.393378771405799,0.047437758097650606,0.843288630803303,0.2547802168614374,6.93319422151764
Kerosene,-3.8721220643290506,0.04685994663086165,0.7938271496420294,0.12782057752936177,3.226025070355899
Kerosene,-4.636675967618775,0.008182904053737705,0.9039414976870056,0.22115481219967123,4.74835948531522
Kerosene,-3.112492815391368,0.028576878451934504,0.8090009472317723,0.10331033598491277,5.774353695020212
Kerosene,-4.648273029047419,0.05031391226551648,0.9001288200287338,0.26854253777497106,4.970853648509429
Kerosene,-3.692610050982915,0.0319229950791268,0.9341686671503766,0.1916924719850317,5.08028495186812
Kerosene,-4.325482457810581,0.07398497996827513,0.8599796961541595,0.23804672887068123,5.353958139978882
Kerosene,-4.176327506572804,0.06858937122599183,0.867265809728769,0.15195104695763834,4.01078861619062
Kerosene,-3.8809386167746927,0.06814915804775255,0.9319710274253201,0.11113932712095986,5.025659849098721
Kerosene,-3.608281870260003,0.055913382699895264,0.9004663552516854,0.23277669882457513,4.01449981641966
Kerosene,-4.811833350952585,0.05624909712303449,0.8995252712211262,0.20717087764763478,3.422066930431722
Kerosene,-4.837737132253018,0.06383031711730662,0.8325677454541434,0.20589786516016442,6.065418039151758
Kerosene,-4.961767238095964,0.04171514688196092,0.8238563593313027,0.21777012682639335,5.772888178271992
Kerosene,-5.184213965519025,0.049889272816674615,0.8934664552023106,0.10726067742695823,4.935607558560393
Kerosene,-4.972627552626582,0.03716866192900935,0.7247482705259238,0.26963670593775135,4.644170872596487
Kerosene,-4.6457534912287315,0.05656534090914301,0.7978844883656375,0.1431377735559353,6.510329169813727
Kerosene,-2.5530695773385608,0.03815872655435036,0.903367735495809,0.21780202219940434,3.5861687082896507
Kerosene,-4.742505515079828,0.08102199598393871,0.7786602483587911,0.314049966903743,4.428637824088221
Kerosene,-2.735348074965413,0.043888724107143263,0.8899951795750576,0.2697516570060345,6.389953817681009
Kerosene,-4.467492424634377,0.03285223800201747,0.8459393995124432,0.1349760189483011,5.2392641756105585
Kerosene,-4.6566373218220125,0.07165419547085831,0.8214943791890931,0.11288705152599898,6.400914776169296
Kerosene,-3.853305597334509,0.05058269780840147,0.9047197392473104,0.24357882511490786,4.2381464559895745
Kerosene,-4.3598252848209285,0.027740894998813243,0.7767773972437592,0.22892962674576947,5.3921843100416815
Kerosene,-3.3913366307819865,0.07563210882991886,0.8887237397462836,0.24317297381526293,2.922038741827863
Kerosene,-4.245588193539995,0.06929152989339975,0.7915895631897392,0.2045835691418882,5.519464440613506
Kerosene,-3.645717204929211,0.057375926159166,0.8799456359522787,0.20903719474641097,3.5370717926089865
Kerosene,-3.5944355716772054,0.05569493121107488,0.7775125774572273,0.2689867605543286,5.53383769974804
Kerosene,-5.1042786567819665,0.033655496720556996,0.821797397912691,0.1717618280599676,5.293050188818442
Kerosene,-4.78108140084661,0.0725627349424387,0.9022901725683995,0.2309658654799795,5.044241775393851
Kerosene,-3.2500419878787703,0.04448104554391982,0.8137755569308395,0.2595054822809871,5.31754275701901
Kerosene,-4.547246112465113,0.04164515265916842,0.8131786008117365,0.30110874294143025,5.004098437450525
Kerosene,-3.873782950997065,0.06442438095723882,0.7892319508696497,0.25482736331431116,4.392153869212147
Kerosene,-2.535986971107881,0.04374682539970814,0.9018820007381593,0.07516009414404566,3.82486692391403
Kerosene,-4.234885727198101,0.009384340037502182,0.8800442224420701,0.21564790627181246,4.009172350140123
Kerosene,-4.012766903891599,0.0661295445984625,0.7448475241565012,0.13632554918826717,4.664911700776655
Kerosene,-3.9810210986940193,0.04882777156796913,0.8944647392717855,0.22386056228276985,5.696634840571059
Kerosene,-5.111900586243492,0.052896477095987604,0.8346428745381028,0.2731035940834384,5.174395637377899
Kerosene,-4.535243147772824,0.0670500255191008,0.8781648897932324,0.15891991636797603,4.651510297230825
Kerosene,-4.265157167686689,0.07454922184559075,0.860162093693922,0.2363391239280086,4.506728278869917
Kerosene,-3.7321597670884468,0.07606721805859316,0.8319461617374676,0.20575774019188883,3.6366937437623927
Kerosene,-4.612446471928022,0.04331114216004354,0.7969580345524139,0.26609868387609237,4.161992979758487
Kerosene,-3.3705611263062036,0.05373672475062954,0.8515425974255231,0.27430818224825787,2.7393997030724204
Kerosene,-4.156963917458484,0.02839239326869116,0.7519289795433481,0.14026341331211542,5.017237535003071
Kerosene,-4.580277703365156,0.06793227179650298,0.8393077076029335,0.18376308226395285,4.679719049493908
Kerosene,-4.078795524903631,0.041630429301144946,0.8074373151217918,0.2494592441988018,4.375904949611054
Kerosene,-4.306821293076949,0.05858810160180621,0.8659370623078626,0.15532809688269753,5.754981944110747
Kerosene,-3.569863728129276,0.053559496683745086,0.8284341574709254,0.17966346547392958,4.798202896998391
Kerosene,-4.9854655529022125,0.049214631028060875,0.8946051020223499,0.2438185594917012,4.619148228723547
Kerosene,-3.1487333818195706,0.08811809109058891,0.8341896232368586,0.23457573532160844,2.7371900373092077
Kerosene,-5.006517382545593,0.0518224205866704,0.7996633468740806,0.30196010223612246,5.597879687296553
Kerosene,-3.227334682513496,0.04941947187678826,0.7998395990068173,0.174059485891256,5.254380479626359
Kerosene,-4.510332270727209,0.063423839834544,0.8855707484602319,0.20024906519697944,3.1743649129830005
Kerosene,-2.6281720530672326,0.04574654286620965,0.9854638324235517,0.23262678481760976,4.790044923267943
Kerosene,-3.6417424988015967,0.009614289658427764,0.9013071201617983,0.32834706187647383,2.910766526156621
Kerosene,-4.229927207860566,0.04789323754416948,0.8937614314581532,0.30529878370827684,5.382882122595564
Kerosene,-2.286566540627578,0.05340864953769325,0.8725711909398115,0.21641177830801275,6.220299783005086
Kerosene,-4.337856846488163,0.06636573517523019,0.7884601696871786,0.18577479476742956,4.363256377061192
Kerosene,-3.9296307531056462,0.04367840501192437,0.9066066846228488,0.1560665952414179,3.2686840641889874
Kerosene,-5.085827055769246,0.06988336092602639,0.8015221328341888,0.21989222077603546,4.70521249675192
Kerosene,-3.3406047561973957,0.045384685897667795,0.9882174258058568,0.29490585079092524,4.684789819594307
Kerosene,-4.361707671275989,0.11264652301616923,0.7960574519335705,0.19724882260408255,5.022448919705427
Kerosene,-4.001870318251659,0.015225765589389473,0.874830120483797,0.15148249543038417,6.435989124169071
Kerosene,-5.164772033947697,0.05118931854750953,0.7391939676524056,0.09228081468296381,4.1606480417073675
Kerosene,-4.558568065869623,0.0793145282597887,0.8479704081869051,0.2646203450455777,4.620213405323323
Kerosene,-3.5151318536957348,0.035490493661621984,0.81032634654507,0.10895749305410528,5.335753993851275
Kerosene,-3.7903332682398805,0.06554625774571704,0.8607459143570697,0.3013097988596984,5.176027636677509
Kerosene,-3.2065386285295037,0.04351781834001795,0.8045764982849305,0.23588475850933183,4.910852012179659
Kerosene,-3.3343655632563034,0.05705873083689362,0.8103493336604921,0.25371689388385144,4.1288100462153325
Kerosene,-3.499738989363596,0.07563222223051706,0.8307702580792421,0.2577997226836158,5.397616834053192
Kerosene,-3.318444977282989,0.03326488617794828,0.8607150116026874,0.12959593449877482,6.711300515310464
Kerosene,-5.6111986572676065,0.042904963607423,0.8034145702900188,0.2337350207601119,6.923945945929919
Kerosene,-3.4760679210499794,0.10922567393902703,0.781102991172058,0.13494079337357173,4.1068857683846
Kerosene,-3.903004243763275,0.029461552494335005,0.8124168622847487,0.23102417619636442,3.760828116886182
Kerosene,-4.906556810376081,0.04202922494019856,0.8347778464580339,0.2505007858610658,4.09936025202188
Kerosene,-4.576223987296718,0.06163340232558013,0.8900697161891691,0.27143622335632944,5.469120354864755
Kerosene,-3.8957087520305387,0.06150076813492309,0.8366293597055726,0.1862616202812261,3.2258896877212466
Kerosene,-3.2852672346485328,0.054229178901034944,0.8888519633184153,0.05920947527613529,4.952898292106454
Kerosene,-4.684705205102106,0.08002725009640467,0.8807108457741915,0.21171177054052803,4.568067030658976
Kerosene,-3.682233351894683,0.03143628741243791,0.8450137326157117,0.171081830650629,7.266489654981692
Kerosene,-2.8240417950473278,0.07126094967965661,0.7754844488922921,0.2432078556142027,5.187666675141937
Kerosene,-3.0212318883870832,0.056447901902538795,0.8496641166980848,0.21168921481682795,3.194366708377455
Kerosene,-4.613922617734238,0.05746671077406544,0.9069694179203291,0.17247534418439409,4.959193120136066
Kerosene,-5.280793955740312,0.0791862162670752,0.905687086611656,0.23260513092835994,5.406806187630891
Kerosene,-2.7579607478825623,0.03389978017370566,0.8043419221836671,0.25307598931282144,5.994313381708125
Kerosene,-4.954796468871321,0.039372802368462675,0.9344546565538695,0.2205833664107952,5.787161518018172
Kerosene,-4.927237234023485,0.06313289049074357,0.779022922711456,0.10100893171996575,5.726823960180869
Kerosene,-2.8524438642924084,0.04492427848501664,0.822672465907277,0.28554243281231856,4.8052166308853925
Kerosene,-4.052614978845808,0.08387914452880671,0.8323207593485895,0.1672986195327567,5.815508224137088
Kerosene,-4.569484923503293,0.04710796923755636,0.78404206991439,0.20926985441882565,5.068097487203093
Kerosene,-3.225583780221485,0.06714513073323462,0.8775759004234791,0.21971278463905064,4.926745886247659
Kerosene,-3.5123552248033576,0.02775335652662026,0.7325516964072846,0.25809588356064467,5.674160462247913
Kerosene,-4.101589147423931,0.07149117216891973,0.8134251291526736,0.16472537339584248,4.155862276305832
Kerosene,-3.5459024199072924,0.018340838455704948,0.8116519196608979,0.2144857511618068,3.795848924077389
Kerosene,-4.528248324528948,0.005768648457708736,0.8802903324700768,0.16560824033288607,3.9007187498588456
Kerosene,-5.0360181807668605,0.04163572975589801,0.7709922206554279,0.2971189838574334,2.6152553828310143
Kerosene,-4.360495319829192,0.0521381385858251,0.8112310497931723,0.21060658686465578,4.200398425053839
Kerosene,-2.775924429061481,0.027622459717804467,0.732438802932584,0.13507500747733392,5.386494774813713
Kerosene,-4.094339503639092,0.06504265815964234,0.8750872308355483,0.1681859825137398,4.5109165062044525
Kerosene,-4.308263020522581,0.08768692166993305,0.8845411157343684,0.29458434495892527,5.840779372341814
Kerosene,-4.050866715937241,0.029612770260286705,0.8600759835574372,0.1969565413891885,4.906352714661786
Kerosene,-4.1672792615194,0.008950745848475557,0.9130419908267328,0.19747732553913414,3.585746883971358
Kerosene,-3.6145898327410837,0.03288327662786944,0.8781070311485392,0.24408282302562304,6.019636490669318
Kerosene,-4.1287333813238565,0.04172444543962966,0.8187230819867665,0.16387219557697516,4.982769935789083
Kerosene,-4.167474449913391,0.03349392368355668,0.7928107623098547,0.1945621953870709,4.5658023820561695
Kerosene,-4.913093578625492,0.06661142026842815,0.9386046375412624,0.24812941069921124,4.279811988323956
Kerosene,-4.040183747671949,0.08080857903374922,0.7913150178611253,0.23912975633426128,3.5519167918560104
Kerosene,-2.652769898054937,0.041393709504980204,0.9614521862261907,0.2864031899320915,4.893569490418612
Kerosene,-4.575524298488329,0.053895509437818276,0.8409920516676718,0.1799216518207204,3.3418867454217027
Kerosene,-4.411642866923669,0.027790417564875207,0.8775823853212618,0.24955356582987123,5.7406840039235965
Kerosene,-3.726099928297994,0.03294185865718196,0.8602700386300954,0.2396382571822188,4.41376442560027
Kerosene,-3.904810862883995,0.047090768214601536,0.9331183334805242,0.24257740676322623,5.6091596117483915
Kerosene,-5.373354987172348,0.053456746535351665,0.8422493285537714,0.19181714447150636,3.43658652725836
Kerosene,-4.870214897838055,0.04863965024188435,0.905717788909523,0.17047377150802884,4.600061272895733
Kerosene,-2.5751264037710335,0.04406355221664327,0.8435605238073209,0.19423776089741293,3.6544948535954895
Kerosene,-3.542561501267908,0.03694247762831323,0.848496469148013,0.22221864822088988,6.942557589035392
Kerosene,-5.054216035636995,0.06729964370132448,0.8934361628086984,0.16808926136103636,5.599503848051982
Kerosene,-2.6852510789664863,0.034700575815751165,0.8620734898567577,0.22024006819698927,5.5341788549535496
Kerosene,-3.38456659142719,0.05332609656504349,0.8756718093174001,0.15442631749381386,5.164003493639558
Kerosene,-4.3810730125444115,0.02540342189691825,0.824542772528155,0.21347281960990291,5.435797276370193
Kerosene,-5.014767296738217,0.031246465665502585,0.886232813984661,0.22540740463079317,5.8871026620463525
Kerosene,-2.905735658258752,0.06075774219181198,0.8292596186414564,0.20574247290409586,6.659897100927382
Kerosene,-1.7884408017716902,0.05926192731484719,0.8767777069405653,0.23628541834987082,5.023792845819363
Kerosene,-3.068916878125901,0.07016090585465702,0.8677188223574408,0.18409900469971924,3.4793036126228634
Kerosene,-3.4140691619086,0.054257166304522084,0.8131116134672949,0.14350398675026863,5.661432849383251
Kerosene,-5.280989057293572,0.055992823748876104,0.8921775204584447,0.2274946443208312,4.60926022564156
Kerosene,-4.9994995875799315,0.061740384795903804,0.910026154597671,0.17136333226284797,5.506908200292859
Kerosene,-2.7347879050145525,0.0567769419288322,0.8301559927561106,0.2520426770031579,4.262439025842188
Kerosene,-5.038553612042419,0.06624642382291959,0.8296918868258218,0.1841739492998158,4.373059364448928
Kerosene,-4.378253916443267,0.07806066855053731,0.9331249382891833,0.2897489318072305,6.090120621177513
Kerosene,-3.62698299218141,0.021354288161337737,0.8406237648549825,0.3078377244311844,4.564378421247346
Kerosene,-2.78868442018218,0.0511007163806109,0.7160928807073427,0.23202427818344815,6.266254696178311
Kerosene,-4.039196774912435,0.07466102008970828,0.7666086242791457,0.13072178680503155,5.204864308085687
Kerosene,-3.6183082177459744,0.07713157737184557,0.881946223337428,0.14031854553174786,5.213045622074386
Kerosene,-3.519418043769481,0.012515320026057425,0.8478183265130992,0.18322087280308874,4.345306926254255
Kerosene,-3.600978358597862,0.027006369468841523,0.8708439756001825,0.22797455646044473,6.083763310260974
Kerosene,-4.898735410234083,0.019895315632909055,0.8639451803669506,0.1856864383066149,7.9026502624937205
Kerosene,-3.633201219005654,0.051163234234083636,0.8413586022161792,0.13909690772802755,5.563881552954597
Kerosene,-4.063316021016639,0.048433726331411305,0.8547221662749327,0.2110606264958623,3.2607443540824783
Kerosene,-3.3303815949032547,0.03307111250368155,0.8430983901265686,0.2642952460332645,6.779448592270114
Kerosene,-5.360395550901114,0.05060489655349298,0.8636456592583018,0.12462349869042766,5.802591364418165
Kerosene,-3.9069898580686617,0.05388319191389993,0.8041223540829032,0.22064433216906745,5.838223956389938
Kerosene,-3.898161693019253,0.039721281980738925,0.8281965340976818,0.21101978535629828,5.0487973783806295
Kerosene,-3.276142304704484,0.04039483424951668,0.7890809698629587,0.21796930386602517,4.522470147001297
Kerosene,-3.3730544407709067,0.05015077260915202,0.882740660218241,0.14928414766346063,5.1433862632298215
Kerosene,-4.559410565907133,0.0255925269384756,0.8069446060964492,0.17277614541120706,6.244694527023852
Kerosene,-4.456752319594128,0.02456919499443554,0.8565738711248334,0.20145903303388374,4.507946987989802
Kerosene,-4.128978772676901,0.06952454171993142,0.8835352882699589,0.22921151034368656,3.8163212154797694
Kerosene,-1.6907615506277416,0.07102504420548444,0.8758514281595435,0.1417844112801395,5.947730112734107
Kerosene,-4.400902808239462,0.046114583907280696,0.7659610361970358,0.13792584570297453,5.438546498827135
Kerosene,-3.195012259783608,0.0636980883959007,0.8825409498371474,0.19676167715201467,4.593292984633788
Kerosene,-3.768883885147685,0.06642816646200547,0.8502431127466795,0.26051260099567025,4.784930736183992
Kerosene,-4.784223148236841,0.04979275515917999,0.8552986139129783,0.19589849663617953,6.280655560882261
Kerosene,-3.3557584154207687,0.02138118022756581,0.9267183507099143,0.06292914695854138,7.151024372852497
Kerosene,-4.229844410845501,0.04620864526697,0.846999188051318,0.21926027164200904,4.999736798733157
Kerosene,-4.106716151069815,0.07617836618712372,0.8782798039875425,0.15205980728146193,5.740673914335725
Kerosene,-3.580714397453329,0.03909452548837562,0.889606921318108,0.192121369938848,4.778326527874899
Kerosene,-4.199130493946347,0.001437638860952017,0.8236650333532699,0.23565866210628006,4.977588757096237
Kerosene,-5.028149143884599,0.06929262510384075,0.8350699920228302,0.13892122546692384,7.2060124616710155
Kerosene,-4.8425380755902045,0.0675898302257142,0.8115342949572697,0.2067913417286911,4.097819036631824
Kerosene,-4.991443345018927,0.060444050893428185,0.87026452725672,0.25723247221095324,4.965618069704137
Kerosene,-2.2237185646988067,0.05536693334874072,0.8783387340618606,0.1320785377446386,4.385915684877469
Kerosene,-3.5842562395872184,0.048315444751728345,0.8593841567517317,0.15917531221429035,5.121946973471622
Kerosene,-3.905163286726611,0.026391299602295224,0.8821274922340295,0.11499675265410156,5.184238080597684
Kerosene,-2.5875258449395995,0.06361101075638165,0.8837149623018552,0.15512866625256574,6.769062053152861
Kerosene,-2.898625524318169,0.033128199542088656,0.8262618379092561,0.2627328022463344,6.796147378316758
Kerosene,-5.01174882807223,0.02992578460550847,0.8428106621788916,0.09144529852787425,5.019045160209423
Kerosene,-3.051405188776012,0.021227259675285014,0.8563553482487544,0.17091146475023436,6.639945948753917
Kerosene,-4.455833489706441,0.08037986175497167,0.8201272464594386,0.23855879026670648,5.251945618362699
Kerosene,-4.1106181332114415,0.03418942861892049,0.8661547710658947,0.1779732368757544,4.310233775191862
Kerosene,-2.8218218068994236,0.06095060454986455,0.8821819475953602,0.18042007406938687,4.814021652916695
Kerosene,-4.198861333880889,0.05674477825001955,0.8820901725921253,0.1984874314844214,4.207355005819359
Kerosene,-3.391543634378761,0.05066807736416673,0.777958181061451,0.0932352624960156,5.297897175460474
Kerosene,-4.663579039102163,0.05862124258792906,0.8112190845568032,0.20665928862475036,4.621598472037909
Kerosene,-2.5984633517813562,0.06900631315637289,0.9173648450093915,0.2012023884559533,5.822360939114882
Kerosene,-3.9266799379190864,0.07939182734867453,0.8463718967371863,0.1301255329819603,3.001378474746061
Kerosene,-2.665351104348388,0.05957008948301719,0.8772128425020871,0.2744823921145791,3.3482650562740446
Kerosene,-4.286880972185446,0.04527860340769933,0.8871137616603507,0.16536798874495587,3.79862625648521
Kerosene,-4.968278920797686,0.07298836152544042,0.8128733953098441,0.17239912578390942,5.634498150727905
Kerosene,-4.55915632658792,0.015901031544887166,0.770914941313755,0.1971596301642271,5.497328430365221
Kerosene,-4.161796195080336,0.05860885407618138,0.7693581236996182,0.1227348229515946,7.253935916294242
Kerosene,-3.0137725822906556,0.06537943783797036,0.8170137664632781,0.18809969046347746,4.9983226828664
Kerosene,-2.9485231090267807,0.058055655328901834,0.87629569006439,0.191617253244125,5.792665066840085
Kerosene,-3.7581418020549813,0.05088045465491361,0.8128457913906865,0.1943214128949184,3.9204672962200444
Kerosene,-4.0321112047895635,0.05177822715929799,0.7297740807696843,0.18848302304497483,3.8241197953954074
Kerosene,-3.6010885395866445,0.0627431948710199,0.8286830091167341,0.2274511043560958,5.591066936335061
Kerosene,-4.183772671529415,0.08068573950607316,0.8137462531496749,0.27356828516265835,4.774800570816795
Kerosene,-4.674661082580774,0.04296903048391235,0.7950305386135338,0.23922789336946015,3.397231021924724
Kerosene,-2.8883131569849394,0.0312826559650708,0.8918326685922977,0.2012112930530234,5.270815283049596
Kerosene,-4.472034697021891,0.05705616000666265,0.8567487144275432,0.1271044465915336,4.0374999970667425
Kerosene,-4.432729688807846,0.03490006963747101,0.9126405472691825,0.200350709192375,4.221328652360118
Kerosene,-4.392615859202432,0.03991073832905867,0.8355975263997467,0.14623352976402001,4.186068889402681
Kerosene,-3.3867144710686317,0.053706862067338275,0.84238312267299,0.200131140865755,4.95443924342459
Kerosene,-4.167304883785315,0.06034209677414958,0.8721579992923962,0.12141185133863924,4.868437814090757
Kerosene,-5.204655519472612,0.06271154406911413,0.8883833278425142,0.1694610551179152,4.883241044665284
Kerosene,-5.6891522376977965,0.06945579628184054,0.8854836870125701,0.2575042630868763,6.4865441403371
Kerosene,-4.97928743438142,0.06776088403276884,0.9239652222209229,0.1252711064485382,4.828788788154286
Kerosene,-4.2907215865835395,0.06710923728382996,0.7303029466827959,0.29079788481160973,4.887462935805407
Kerosene,-3.2671244783862834,0.048795255246168186,0.8746062525489837,0.08392908706919251,4.6151176271992895
Kerosene,-3.321791030925057,0.05577464693427389,0.7681579453636621,0.20307124469383067,4.181257674138495
Kerosene,-4.724335400938751,0.019586114533665648,0.8809351310953565,0.25565072219678175,7.120143134162845
Kerosene,-5.1792387133943425,0.06534744322452951,0.8916585685210454,0.1709747661390996,4.082421614590669
Kerosene,-4.868593856773544,0.0394529351307957,0.8601310797927975,0.2680056005253406,6.1053383380101165
Kerosene,-5.29233355541493,0.034223135027989765,0.9149820187154735,0.1634453583702466,4.943085836589824
Kerosene,-5.364231147691268,0.07306066831025897,0.7543625897074305,0.11785947096066905,6.050817060836703
Kerosene,-2.4639506563467544,0.044187778305501704,0.8476568594068588,0.24541397798914943,5.2894478146973825
Kerosene,-4.298574543501331,0.040290927572286146,0.7716601021257508,0.211647088606011,4.908083177930524
Kerosene,-4.350276943290145,0.02996370408875223,0.8049734573353284,0.230918846025335,5.881663648409047
Kerosene,-4.261692925032493,0.04135040853507242,0.8073175976692898,0.2468410021787129,5.030995769655907
Kerosene,-3.7056792165381878,0.057169402601869264,0.8346149189733031,0.14173199500782893,4.00386684431408
Kerosene,-3.097691573882039,0.03548631370298857,0.8294818840125825,0.1432804732314395,3.783933481073593
Kerosene,-4.615331997622978,0.08376814368488918,0.8829018695596215,0.17366055642881886,6.0828767945519955
Kerosene,-4.121839098637158,0.07708680093983677,0.9605865175198106,0.2514080869633096,5.094550955222577
Kerosene,-3.4405521011869125,0.05030142438564424,0.7582000818012479,0.1672687292893978,4.048408404346783
Kerosene,-4.5414328334646985,0.08587342865278888,0.9061074871427329,0.22204424007208237,5.812342950451358
Kerosene,-5.513690788724685,0.06456367426179059,0.8969812158101084,0.08801264061563585,5.765236753779399
Kerosene,-5.139258914133668,0.010599892871079352,0.9163159108429789,0.1496475476193829,4.2840532606156225
Kerosene,-3.208316365794124,0.04389523455495198,0.8409917313135459,0.18989565467810354,5.347598770974786
Kerosene,-4.18106753311254,0.052282521487182015,0.8248220937293647,0.2175909794939681,5.313843031904567
Kerosene,-2.481691329852654,0.04237498100652595,0.840791724109751,0.2119412162968521,5.96443564431472
Kerosene,-4.873268122541761,0.05207153043550136,0.7246086981972466,0.18642340416388023,6.072727030099361
Kerosene,-4.580913949077854,0.05353675230570624,0.8235547212808199,0.15702989011331586,5.9714859982681014
Kerosene,-4.836206951876523,0.055859305877261865,0.8654175810383079,0.15741002414806882,5.155685256957629
Kerosene,-4.747958269974382,0.06043583749818317,0.7842527142678553,0.18301972484040796,4.7472283403421
Kerosene,-3.109635729431464,0.052800861434237845,0.897750674505603,0.22773455242449395,5.548303000895759
Kerosene,-4.2655465521840545,0.07041811767049773,0.8321914795348998,0.11350872600349463,4.785212831533107
Kerosene,-3.6372188762847455,0.017867485625743737,0.8057448820639806,0.1384705779911322,5.786717104708964
Kerosene,-2.6617098903900036,0.04580601691573567,0.876576518153413,0.22527596829498617,6.553796946439961
Kerosene,-4.522042323162085,0.045602420704833516,0.832961567528797,0.20376836200201315,7.504316802116809
Kerosene,-3.9753511078421493,0.032905786947858805,0.792275138655344,0.26263225036565235,4.140745496021921
Kerosene,-3.4691304326407235,0.03640617341482744,0.7866653631708413,0.23025998001509107,4.369255133236468
Kerosene,-3.659659488608885,0.059985658816920875,0.8773132622506234,0.18659256580284067,5.686183556504708
Kerosene,-4.738037062758466,0.001,0.8853446086560054,0.20827952524187351,4.389921755986029
Kerosene,-5.176922209580036,0.009268434023293139,0.8525871674104486,0.2824392982864976,4.86144258356902
Kerosene,-4.289068309353237,0.04951264315008314,0.9589602555954385,0.23759521133265668,4.066424748299611
Kerosene,-3.9775168768783176,0.05664873822309882,0.7971830566710577,0.23795683111712798,4.1821912028556465
Kerosene,-5.2087566138720565,0.05152267107679557,0.8458922070254822,0.19994890488986528,4.235355382337212
Kerosene,-4.500090094296833,0.07256893320738222,0.8720542807500374,0.15216269617113576,3.0493031055798925
Kerosene,-4.731533121689768,0.05314598144320381,0.8184034140822779,0.16451748974115898,4.410839561069337
Kerosene,-4.058166050189031,0.06569255825916698,0.8499790398027154,0.20309685107588255,4.77513963611718
Kerosene,-4.399485465723791,0.0678848174263986,0.8871201033922098,0.30226399588330255,5.610564298389253
Kerosene,-4.398731457445971,0.031906973817796204,0.8976472630355808,0.15925065578449452,5.809736686522071
Kerosene,-4.607931195114091,0.056983167675745613,0.7970124392566819,0.2389942677166041,3.766328344490751
Kerosene,-3.7816341363946386,0.04604320131545977,0.855090321861313,0.18020980829191832,4.580740052629008
Kerosene,-3.8761750367921826,0.029957232438202964,0.7995988969166662,0.1820725250180794,4.602529860280993
Kerosene,-4.8043171710434995,0.0684842938582933,0.8332763290784198,0.18866688985019445,3.6724716740304535
Kerosene,-2.3426913163103045,0.09854134791109827,0.8109800710797825,0.2613043190584549,4.90818661626241
Kerosene,-2.716984325749515,0.05672466172800773,0.8549881084383699,0.07503652301907092,4.121394026573316
Kerosene,-3.983583464340046,0.05397332505407957,0.7892583143031308,0.16356142356618605,5.55344701725082
Kerosene,-5.106568583786686,0.05267459447447079,0.9118976765744528,0.21927348145559106,5.335486743165977
Kerosene,-5.616121159342211,0.03356174447164208,0.952710091679552,0.1700419041227034,6.264476209547068
Kerosene,-4.488672711485027,0.04444358996981074,0.875779342267676,0.20503465079970049,5.38151245100108
Kerosene,-4.65471220378159,0.02727459621062487,0.8057064192804749,0.17338409292688167,4.770718617942589
Kerosene,-3.1701796954881436,0.051746829120500965,0.8742298551254292,0.2070800506290066,3.8845657464712238
Kerosene,-3.986184379195481,0.05261564220383072,0.8879961610670654,0.14657059651782675,2.9595891348516394
Kerosene,-3.858988947863602,0.057077000031767605,0.8410307596841476,0.20140104503633957,5.878772378582805
Kerosene,-4.367044461222007,0.04442718315682842,0.8539518222306915,0.13900926604153288,4.848102774952245
Kerosene,-4.050994653867365,0.08274084428640549,0.8350942171185769,0.21000056199722336,5.918617605389742
Kerosene,-4.669987780248342,0.07751480773752333,0.9381935116028639,0.19855518561756624,4.46057393854062
Kerosene,-2.6983044604876896,0.06591261745536296,0.8540984602331918,0.27134219098078516,6.32099218854932
Kerosene,-4.269005563166578,0.054974597065983,0.8788396243962978,0.20143650149439257,3.6091294090957193
Kerosene,-4.750607602958597,0.022834744290795458,0.8746462151512002,0.1407823841438128,5.19241807081743
Kerosene,-2.534476938979874,0.07855540369824293,0.7581291676533011,0.1360649264614497,4.223483575820142
Kerosene,-4.935218951375494,0.01692371245356533,0.849457983013738,0.23525502747082822,5.954034038722887
Kerosene,-4.3795809365950475,0.04456192599368817,0.8677838622562377,0.19457572190804256,5.810606776095802
Kerosene,-3.655708109732389,0.04247391152971942,0.7571681844173278,0.27495158027409966,4.313917710555678
Kerosene,-3.7139530834157917,0.011668166625618051,0.8494341708307097,0.20501309804310996,5.1486020725476624
Kerosene,-1.5889653738256029,0.03737763252413134,0.8910332113478346,0.22616162261046888,4.321361007332413
Kerosene,-3.3554644774552562,0.04671358126138395,0.8937621608788359,0.29804813117108575,5.1507988906341
Kerosene,-4.224900183254761,0.07103112367620826,0.919832658296717,0.15583712303039754,4.547042910461925
Kerosene,-3.4596613825269906,0.047359359791705614,0.8022833993506606,0.22703474139476976,5.671489715706772
Kerosene,-4.26750860471758,0.05122697530662474,0.821171346552694,0.14523812870440136,4.502935393371813
Kerosene,-3.9408541198592744,0.02049821557061407,0.8287993534373921,0.20439150652963695,6.194659910124868
Kerosene,-4.250073883840425,0.02508195299781556,0.8395169993651135,0.1716715347954955,5.552178555057363
Kerosene,-4.270324261089783,0.001,1.0,0.2071181645795465,5.089191510308579
Kerosene,-5.233127977597626,0.020708614680767765,0.8454025521163484,0.216808566615582,5.702114139176752
Kerosene,-3.8100498741453914,0.026281155936637313,0.7247766695459975,0.19498888253108976,4.466025329390872
Kerosene,-5.010057379289828,0.06656116448211252,0.7712211625410006,0.23084844197282914,3.5898620249825184
Kerosene,-3.892729051533335,0.06867948644037244,0.8331033342198862,0.28449599172534107,6.9178863255935035
Kerosene,-3.8102599999842757,0.060827707411805466,0.903035443315826,0.2272213186242745,5.437243217598544
Kerosene,-4.419255522220871,0.01625287649644576,0.7804952293375261,0.31911836793807596,5.322458957805001
Kerosene,-4.196546785113065,0.07526654518235819,0.8125271013569085,0.2291554133706594,5.0771920335600385
Kerosene,-3.631977999117118,0.04327180261412287,0.8017652846354809,0.1588564463430179,4.216115797739703
Kerosene,-4.002376249857725,0.01887729639052114,0.7876285692488953,0.2067762148764601,4.872324955586085
Kerosene,-3.847814772594641,0.049099129313337826,0.9759475103444106,0.20633692169954368,4.6209203505127245
Kerosene,-3.9190945717107923,0.0703991008502066,0.8475185805311267,0.2342364179318123,5.396045964402216
Kerosene,-4.232332461474115,0.05221751597763904,0.9299461057096038,0.21215391475189824,4.0139789758289295
Kerosene,-4.2556083417063,0.007715055005343896,0.856869935337644,0.2656031171891407,3.6585942318661457
Kerosene,-3.880213812393561,0.06970863611738574,0.9045569316598242,0.26399005861379155,3.1317461686544963
Kerosene,-3.596055236310552,0.019888696298107897,0.8000833931713764,0.2410561129804253,5.158047121851617
Kerosene,-3.418931140608501,0.03141766790396603,0.9236801555081439,0.23441669669205253,5.88929811929346
Kerosene,-4.8641334208921085,0.07342802480425237,0.8341919211679798,0.16943868649273047,5.625463540045661
Kerosene,-3.533430580169649,0.03306362304485325,0.952815050509626,0.29071752881948876,5.605035140811769
Kerosene,-3.6556772618146494,0.05659572452520593,0.7725001686990663,0.20564036939607316,5.099541581895748
Kerosene,-4.460809348990705,0.04381301655996832,0.7309353802642263,0.14513635349375045,5.92182629150729
Kerosene,-2.6150424786885114,0.03113238629408458,0.8591424327487969,0.25491911646986587,4.479784974105246
Kerosene,-3.4590014582123074,0.0493242060883968,0.9095200994212674,0.13587746301656883,3.8954233712323467
Kerosene,-3.776368664845751,0.05192412199800875,0.8471838051753334,0.22879170801022417,4.069350435442264
Kerosene,-5.095548489297143,0.03999783783942549,0.830586072065095,0.18581264094710445,6.2690457113538764
Kerosene,-3.3836662025606326,0.060664797383108586,0.8610999797314656,0.17829057721422226,4.146054843216555
Kerosene,-4.957725936553617,0.036109862990586494,0.8478539005819505,0.14225078999086668,5.169519757736609
Kerosene,-4.155550501788516,0.04205403176913595,0.9080766450605818,0.07696906888886344,4.61627045471507
Kerosene,-5.881949956503583,0.05477125345858885,0.8881090791599463,0.13244468978930993,3.77694241610861
Kerosene,-5.358639865368365,0.051272839854263355,0.8329605861897986,0.18606726348042035,4.632028360514119
Kerosene,-4.778879251494351,0.07263748047792074,0.8636170340065813,0.1407668231611198,4.299453184167499
Kerosene,-4.697655019573981,0.07811855806946123,0.8855609636341433,0.19367552715387237,6.707221184953859
Kerosene,-2.838365123840653,0.045385782117164604,0.8294717338938095,0.1818818022051326,4.0472534040310695
Kerosene,-2.61282044122627,0.029871749938822457,0.893415215771372,0.23452715654544148,4.695134021776434
Kerosene,-2.551963917068439,0.018818073578369433,0.8460154349510555,0.17554799175297478,5.960593150270853
Kerosene,-3.7171473084998654,0.015454096426670151,0.9119739721873227,0.2242730861462284,3.9645081380370693
Kerosene,-4.279743283829114,0.024002301700558358,0.841458098719176,0.20750589836799113,4.665352841366051
Kerosene,-4.360371599898284,0.017745192618976426,0.8668620730751604,0.10377727015685237,5.031079518237262
Kerosene,-5.439324659225969,0.051010097809725735,0.8496940497706126,0.220167248383927,5.862285716801593
Kerosene,-3.1619292621992496,0.017799148012481402,0.8470896973433459,0.3005470442280027,5.119100568497707
Kerosene,-4.665078512241051,0.04840597747121328,0.8308167029842969,0.1411770921433923,5.869104188207008
Kerosene,-3.53251795337971,0.023309818557757444,0.8453362708091549,0.17167681754089387,3.3984074854750332
Kerosene,-5.131855565980788,0.024680803523993364,0.8470785123278601,0.17710234998983218,4.040812037904087
Kerosene,-4.313506423696761,0.06495069943690955,0.8678348048636028,0.25009344038109516,4.771687135280751
Kerosene,-2.7179542474546845,0.05696159767396984,0.8255541288329304,0.20464759048451847,3.7519240474101827
Kerosene,-4.244948108998216,0.05859948460453216,0.8805834754049294,0.17949188885844017,7.733890427522635
Kerosene,-4.137766194524231,0.016432119157136934,0.9106633596004249,0.23035636519248387,5.23168882095525
Kerosene,-4.371936712873422,0.05786693032052883,0.9309508122998815,0.2100816468670073,3.529966413189074
Kerosene,-6.762683266550213,0.057691191212767716,0.8007043229369946,0.1950143641302098,4.190922376986601
Kerosene,-4.704727187357278,0.03469451733427466,0.8162562320041716,0.23881179942414177,5.5736437931365845
Kerosene,-4.966391058248939,0.02856530547265983,0.8689560952234686,0.2526251182717761,6.037141359914125
Kerosene,-4.802327072624185,0.0697862286380045,0.7611865182840575,0.18985577914949806,5.487026442608653
Kerosene,-5.663044010433321,0.09185713848170925,0.9163347591488308,0.23235019861802947,4.034971792435079
Kerosene,-4.054482899661706,0.06580840339526044,0.7938669216500093,0.19097628843809916,5.910383849810982
Kerosene,-5.19567600141844,0.0566484942204091,0.762261518518941,0.15280766222106734,4.495407394323905
Kerosene,-3.589155509824977,0.03598421794987593,0.8562774195664575,0.16563859310958837,4.4693832278848475
Kerosene,-2.999470793771081,0.026995436435155232,0.8879576986973592,0.19994680572625093,4.42444631109201
Kerosene,-4.974018265928095,0.027075273858018178,0.8130677487621026,0.1924972796389429,5.603509636156401
Kerosene,-4.24019140793789,0.04533378296235562,0.8458004888338847,0.22383888457193646,5.64480281919651
Kerosene,-5.109572380457478,0.044358505805133765,0.9113702008673961,0.13419400231400228,5.074312890448959
Kerosene,-4.1366752030374245,0.03866648820126777,0.9295391325521679,0.20184179044339373,6.5111450719443145
Kerosene,-3.995498235804472,0.059205117786354636,0.8211389245536509,0.17169531623511233,5.40934753024886
Kerosene,-3.657842033893127,0.06195974133183709,0.8688339143477287,0.13317895364979576,4.193631323287584
Kerosene,-3.320045691081044,0.010830692691933251,0.8646303620752801,0.19440599504654094,5.849581867472359
Kerosene,-3.666703051143396,0.03672039440583076,0.8145324980849168,0.17386082635015404,5.580063047370627
Kerosene,-5.841770943644195,0.05314758888714123,0.8058482706386316,0.20954176489036286,5.344497786503369
Kerosene,-5.32986126634295,0.04546267145998738,0.8577785178400124,0.2043975047637574,4.877799046884035
Kerosene,-4.976710015851209,0.028627439387069166,0.7810976338623075,0.22770227854198768,4.884429158193399
Kerosene,-4.041402591434171,0.01589013112310212,0.8483198601369397,0.23168185359913415,3.158160425425721
Kerosene,-4.428325006995976,0.018593017369103893,0.8289858962635056,0.15495040512145386,5.380908833641603
Kerosene,-3.8646083492588867,0.0758300881126809,0.8472961075349753,0.21692439010521367,4.442292518351522
Kerosene,-4.882451720982863,0.06669524869380174,0.9121627526773539,0.23528278496191266,5.1312281231295325
Kerosene,-4.779274843588221,0.07283256346853893,0.8789754657818506,0.3012439304664723,3.8455760497600937
Kerosene,-3.309946799002096,0.060982130097495965,0.8328986399875972,0.2681917440101552,5.402345148424548
Kerosene,-4.749514422769323,0.04763321967451181,0.8025570596448444,0.17657421423072434,5.703826153539733
Kerosene,-3.208580763812627,0.054424246675787304,0.8124962561705233,0.21908042101976788,5.7233996379576375
Kerosene,-5.577689396191774,0.05232957550061835,0.8404905100800334,0.24768556277047865,5.385689164861499
Kerosene,-3.6125186388217716,0.040361780672380755,0.8500825858566218,0.2471842484901944,4.935120267029723
Kerosene,-3.8602643554147407,0.019280854031158683,0.8465729981836392,0.09940000159469453,4.483855130641743
Kerosene,-3.9491875538184806,0.06534061588969141,0.8000420028274012,0.21868420717350512,6.468493404362128
Kerosene,-4.512595092572498,0.019058941565546855,0.8644919978528544,0.14040014967318537,4.18100142652648
Kerosene,-3.261330446638011,0.08753798550753362,0.7999654941829257,0.16312901299922933,4.560131037591181
Kerosene,-4.438246442820342,0.0886658502762407,0.8234716085156106,0.18061240427369357,6.616177473174826
Kerosene,-3.5386589507685593,0.06971798465898489,0.8046943563488804,0.1734910158412132,3.9602816423210396
Kerosene,-3.3589907631713474,0.07450486415566887,0.8200112815409243,0.1817879338547862,4.679509934961342
Kerosene,-5.237779194622541,0.03652355844480693,0.8886633107381801,0.1562290747777453,5.092981862204988
Kerosene,-5.0464151795713255,0.047119981777422645,0.8218339422706996,0.13891642581081168,5.790386096155112
Kerosene,-3.322698111039185,0.0306092257552805,0.8391908267903136,0.20221593415362246,3.1852382128721506
Kerosene,-5.117674181115226,0.07572568872733562,0.7967436551748714,0.2629091554125848,3.654586325616669
Kerosene,-3.472937778287678,0.0437739378497933,0.8414616865422816,0.2927967956766982,3.745813365681318
Kerosene,-3.524161442991143,0.06106979327115644,1.0,0.14614345898840572,4.374015206496563
Kerosene,-3.347262171333957,0.04599472281596274,0.8268474521634125,0.2478755744161583,4.733431563696279
Kerosene,-4.713487256305134,0.06452420309523962,0.868764400401393,0.18435767021970118,4.639698481239979
Kerosene,-4.73192528395245,0.06450193710230684,0.8319946091372812,0.16150770482131652,3.7144448328081454
Kerosene,-3.686276513672931,0.039828340421740056,0.7493662343005464,0.1398365605177977,4.766403064341017
Kerosene,-4.1644301319337345,0.04512915499258699,0.8308621944216219,0.12620731386317943,4.125451475850949
Kerosene,-3.052978410812719,0.07072456253706132,0.8788975891172025,0.22447513020203344,5.904755908065492
Kerosene,-4.89663578999368,0.05065856733513898,0.7939866424676519,0.14485427651173635,5.368064937746941
Kerosene,-3.2425996486912996,0.04612301731154924,0.9324500216104751,0.21058921635227684,4.223214467583489
Kerosene,-4.869382841498938,0.07036262968369433,0.8564229557869907,0.2338023689084741,2.3420367395467583
Kerosene,-3.8042623725224494,0.03976451623007526,0.7803120232041567,0.19686588285257875,6.091813533654456
Kerosene,-2.187017370864225,0.05484304814645021,0.8145426705019239,0.16152487217407666,5.963132362065199
Kerosene,-4.7974992953223135,0.06244854759055526,0.8646840594979809,0.20915506959414398,3.4318814101192077
Kerosene,-4.28556656178106,0.020836844172847747,0.8205876299341617,0.24585693307602563,6.231057903355565
Kerosene,-3.8288410804072917,0.0385931897513203,0.9294049666180209,0.170820468312191,3.8643135081909956
Kerosene,-3.4428136256665733,0.05915468085139413,0.822871204453708,0.20501126147847837,5.442159988851773
Kerosene,-3.837056927158547,0.05917877909929162,0.8247142569220013,0.22631225221197995,5.017557837583282
Kerosene,-4.377448417229083,0.04508230475533451,0.845104908203779,0.12773108314693604,4.363340753430071
Kerosene,-3.9480755875257714,0.022980179292222954,0.8190038169092709,0.31923224891859364,3.8707416351788058
Kerosene,-4.307051130120343,0.03332565442942538,0.8441564998023331,0.15925408284325102,4.756756876707567
Kerosene,-4.574837628119915,0.0711025563273965,0.8540818518859773,0.14985136715183897,5.840796523832693
Kerosene,-4.766613292824091,0.018718396221766978,0.8498478756283596,0.295363221216999,3.1723358710841127
Kerosene,-5.064790337255277,0.0650505132632169,0.817883930019402,0.2305974283623272,4.162511093058053
Kerosene,-3.886430258072659,0.08488947850770977,0.7902705176489064,0.2511880405068652,5.679706796632087
Kerosene,-5.191395400879127,0.06117801047483547,0.8536403064431303,0.20455470049568647,5.336517566451703
Kerosene,-4.280292675532644,0.05140197917884796,0.8620726212520144,0.23730289694427645,3.472838966621919
Kerosene,-2.9672912828071163,0.026894193138815737,0.8880814232073193,0.20397225496363902,3.7188436572013024
Kerosene,-3.5774836242367964,0.03109186721609658,0.903439777757882,0.1644582580749378,3.5050139023946225
Kerosene,-2.772923915970964,0.053626473424738176,0.8933595562880657,0.15742640606233166,3.108189463291799
Kerosene,-2.6598380607297782,0.04987146375642103,0.8745675947081774,0.23282978902991347,4.664608946984311
Kerosene,-3.819016361907587,0.0818790518501089,0.8483779385560335,0.24710506582097877,3.0087530199693786
Kerosene,-3.1009914957446285,0.01955991403988053,0.900470441201675,0.21953156102256358,4.904079323926122
Kerosene,-4.079670576966344,0.044945378132853306,0.8089665240278218,0.1897011860684977,7.208059077509089
Kerosene,-2.9581546313722162,0.03257993642955132,0.8633843701163644,0.2047989581618216,4.857706556990328
Kerosene,-4.802222045309984,0.05891795969613305,0.8923035814957319,0.158305065746661,6.955541417289208
Kerosene,-2.7823974006115564,0.06096331117902465,0.7884140148665593,0.22007043129922813,5.2819780015644655
Kerosene,-3.5894757790252028,0.08180928544579472,0.8412012972691689,0.3023913289827872,5.40650434599375
Kerosene,-4.232370540529012,0.09798754413412823,0.8914945950010045,0.17726330565212636,5.084216588946442
Kerosene,-3.491813582516373,0.04698277946429317,0.8566953934522475,0.15913981981686395,3.314805469192092
Kerosene,-3.9148645418042305,0.05280055644451775,0.8763559795778927,0.17119051464469018,3.6594457054593352
Kerosene,-4.772259575797879,0.07111267513679649,0.8166694343896214,0.1778959507098119,4.687586436168888
Kerosene,-4.495420935429433,0.03613578344934334,0.8064438217683094,0.27003282872841,5.68010068334293
Kerosene,-3.0017433814798102,0.07898679512921676,0.7325060101283509,0.21717273210140384,4.413821366101681
Kerosene,-3.106552284517321,0.03517057593514877,0.7972925121818145,0.1282977069673449,4.697325089021198
Kerosene,-3.268043789977351,0.05512334433722624,0.7898675867431928,0.3076329545180946,5.649538639491568
Kerosene,-3.378071907393851,0.07570057654695315,0.767989220568711,0.15442829307060588,5.8230113569242725
Kerosene,-4.648590662417181,0.04449973055489904,0.846112967358435,0.13612973056850414,4.63918281786636
Kerosene,-3.268397426118534,0.06458907779635684,0.9056507330983734,0.25049379368953983,5.4058739257025845
Kerosene,-3.7386572013522406,0.05506661520213235,0.818647641637302,0.14850276381396932,4.3104026538801
Kerosene,-4.260823453245975,0.03688348110514448,0.8706915869241958,0.21009476080321257,5.309323498720218
Kerosene,-3.718873547267376,0.07391327875569066,0.849571355380645,0.2504184716917306,5.516585357979167
Kerosene,-3.0962931706919314,0.08229259668773145,0.8788324789989534,0.20518841248359995,5.097307817443308
Kerosene,-4.376132863649471,0.03992455706847888,0.8951058581655768,0.1518164853776222,6.614772635562226
Kerosene,-4.121378602323216,0.10724155786245629,0.8153442286585191,0.21250944599901675,4.648150729751581
Kerosene,-4.634467273234617,0.07127600701757437,0.7947222902801097,0.16619627465128828,5.58631970891491
Kerosene,-3.404031351240476,0.022162291575449584,0.8790838442607687,0.20644499567081695,4.08227664213847
Kerosene,-4.631105228268443,0.009330971441031989,0.9358722213898789,0.2507710207488504,3.7108549898217813
Kerosene,-3.360873861766563,0.03851955312100667,0.895740526817485,0.1751963215420459,4.636645904892042
Kerosene,-4.230677814206132,0.03685289316677374,0.9199635687616652,0.24492634965407395,5.1099485383332794
Kerosene,-3.180345468811352,0.017458565695090817,0.7885770610724484,0.22372773811789815,5.735536555807888
Kerosene,-3.7764739629953987,0.012346106498433628,0.7968832737831126,0.22082959332520843,7.426472289241268
Kerosene,-3.0256698679532574,0.08154608596941545,0.866986271109515,0.21662454903946887,3.9665145327439237
Kerosene,-3.2385423575587065,0.04853636594917995,0.8846366187731859,0.20153431764404675,5.27911842475074
Kerosene,-4.070182493038898,0.05449249395645786,0.9000038278772615,0.13668852354653882,3.50707757368489
Kerosene,-3.6593083378888807,0.07881148595815234,0.9346372308400541,0.13877948911449642,4.5971261645976265
Kerosene,-5.183372203555927,0.0389877674722576,0.9061424047524681,0.19935541082208003,4.626125920376213
Kerosene,-3.563931394871032,0.03409895820381058,0.9296489182440929,0.2003642486120737,4.598205757040101
Kerosene,-3.5305206121635107,0.06878572320422094,0.9297987620074629,0.1895015546870918,6.086056522693717
Kerosene,-3.919030710480002,0.037772399580526105,0.8111594235497882,0.1451508278183498,4.258306001110887
Kerosene,-3.107434702591933,0.06413419203572075,0.7879394172029025,0.11268045398925323,3.8877068442035894
Kerosene,-4.621388966597719,0.04393468578845983,0.9086431761504357,0.17261415705501668,6.680499960177274
Kerosene,-5.344159913857094,0.04302734958475388,0.8892774334568201,0.2423602626183217,4.664286043611607
Kerosene,-3.1985972529726427,0.06624392885013766,0.8158942670343745,0.2157464234222211,5.703613284076845
Kerosene,-4.48842781405826,0.08388650900538326,0.8082319026691178,0.20720464416472562,3.7502226835804917
Kerosene,-3.9173118410699517,0.028658535678583553,0.8352935429335369,0.12067012193394516,5.799813400325721
Kerosene,-3.714975960206714,0.07174821107273399,0.8326097417680082,0.2566923683440499,5.039279645394836
Kerosene,-3.9094660324570105,0.09228106650703877,0.8257662017530698,0.2613729515577425,5.479684940547614
Kerosene,-4.457523913796386,0.023686182190730543,0.7983457474772254,0.25653373989272554,6.734399526836957
Kerosene,-3.9268480774318193,0.052877635252422464,0.8888226716578244,0.20366510146765926,6.099700037970322
Kerosene,-3.766702199469452,0.05271082627304886,0.8150393576252941,0.15273664602633588,1.8409119864547572
Kerosene,-3.0127065600465026,0.0470678588955535,0.8299801327632109,0.10241463518072834,4.359887234227648
Kerosene,-4.617349166626316,0.03410453825538451,0.8666418071576314,0.20611242765980017,3.6387040663802948
Kerosene,-5.0382728799258665,0.02400642895339268,0.9405263043783588,0.2746361314345815,4.147701000900402
Kerosene,-5.581275455996584,0.0525608848602504,0.8523470058118836,0.21584584934941992,5.741373892477333
Kerosene,-3.6386368372832463,0.027671209369994936,0.8647020543582009,0.24269117876678273,4.275998276996627
Kerosene,-3.760034824995313,0.03894438565064384,0.9498084860470615,0.133658643056649,6.155948936528601
Kerosene,-5.336650209140215,0.08586105370433215,0.7929225466287795,0.2094835771994668,3.3708068133031954
Kerosene,-5.079984893617369,0.06795494095249244,0.9014081155734736,0.21196794661838236,5.741081665490241
Kerosene,-3.164097005876822,0.03631646272401372,0.7800519282841593,0.19931483068986028,4.422798814102792
Kerosene,-3.689102815839204,0.06096057224175853,0.8159174604715359,0.23520542714832215,5.654138375951308
Kerosene,-3.4213459368887844,0.041844152459788134,0.8889961082414287,0.22600011403375966,5.640184644756561
Kerosene,-2.6577691495291784,0.056555483798508235,0.8196518888001266,0.14447727345002678,6.127936159993822
Kerosene,-3.7141538591716414,0.08340043976640449,0.7485223904399765,0.2455333543893221,4.738862664579372
Kerosene,-4.282816795904937,0.034703843197028184,0.8949785506942571,0.23067680886416125,3.8576179749605597
Kerosene,-3.868062849659943,0.06412228661360941,0.8589005262962953,0.25539201500134695,4.709961456110817
Kerosene,-5.80348613848358,0.05373435121536473,0.859031288470254,0.21555932483521772,6.106979097967701
Kerosene,-5.561970602634645,0.0452303339133468,0.8038671095999225,0.13959848059407576,4.927701000437107
Kerosene,-3.4385423757754596,0.056018932097183186,0.8156238788752119,0.1927264200228141,5.929896444629616
Kerosene,-3.453496603951982,0.03894459973546741,0.8191251812168011,0.11417579197005014,4.570588666417636
Kerosene,-5.388631144350813,0.0913413937477223,0.8072440921566645,0.2554490427656609,6.81810620789199
Kerosene,-3.8270388731776093,0.04799971487226187,0.7838817371972459,0.17476999391756123,6.603965047869026
Kerosene,-3.718997896302185,0.05056696414917675,0.9156061604587831,0.2348145274227858,4.852126852220237
Kerosene,-3.8269953314611223,0.034638699251373854,0.8219479676818207,0.18968506853706707,5.55747106237369
Kerosene,-4.997890378152037,0.05152480660845458,0.8305068919968468,0.15495353907668977,4.6155084505083455
Kerosene,-5.857122610440178,0.03484822651943242,0.7950256558962022,0.1860041978699618,2.720210177036067
Kerosene,-3.8472858051924246,0.06818846592813727,0.8441351813885051,0.22493959367021885,4.487269443598757
Kerosene,-5.243696899020699,0.05003382642571306,0.884018918849261,0.13378059371961712,4.534772723678165
Kerosene,-4.1976931207235335,0.1070281529056989,0.8611685597359946,0.10472132105681115,2.8471490981577903
Kerosene,-3.415600935789,0.09970063951993059,0.835951275769964,0.18295902039707454,5.4307741761975965
Kerosene,-4.6386371266760875,0.001,0.9018632194637843,0.16934089357990853,6.050117865821371
Kerosene,-4.608789432248544,0.05243558254921077,0.8927415973744347,0.2535175475535936,5.2329886674814245
Kerosene,-3.8534087233608,0.062394123603582236,0.8732084767197076,0.13544097329143434,3.727917645696158
Kerosene,-5.6872472824167035,0.06533016001679294,0.83021351131445,0.2410098622688151,5.403710573454491
Kerosene,-4.801941345256775,0.047595551329304424,0.8272588974167954,0.16953882598682188,5.915287325493281
Kerosene,-1.9914052235618618,0.07232407283487097,0.8486521816321297,0.26297538799780623,6.712902650310803
Kerosene,-5.113896625848238,0.0744970952272506,0.8884841009371602,0.259405952832825,5.813287456016901
Kerosene,-4.182183206027313,0.09065741288365535,0.8669799304291074,0.17828364896528734,5.505978015040374
Kerosene,-3.2220832786177116,0.05189522151723992,0.8696568191761113,0.20441835410518258,4.339924266899357
Kerosene,-4.657459566902217,0.021943674268568258,0.9259010017023372,0.18882913759351694,1.5724248982447104
Kerosene,-3.6827735365763927,0.057516542090146054,0.7566716158584802,0.1583801895833369,4.123710965439071
Kerosene,-4.593814152633821,0.07425551723407141,0.8425561225966581,0.17863825575919245,6.122389942220593
Kerosene,-3.603721803853036,0.015180434840469019,0.8191688180416048,0.2160981043566973,4.066109865987967
Kerosene,-2.3763561692630946,0.05225757527305168,0.8123311830211237,0.1438528178331975,5.927527588035703
Kerosene,-4.518289549595165,0.05759848356583414,0.7924240321562783,0.20350988957622518,4.364114102116539
Kerosene,-4.252315530780043,0.03407438399229086,0.9012813138904135,0.1754498012437837,4.856542805080298
Kerosene,-4.076113824638996,0.08224540243267256,0.89451542936957,0.23953403791389796,3.422113376973698
Kerosene,-4.525113910082031,0.0737723743165783,0.7914534592289175,0.2042006774060865,3.9347384957392113
Kerosene,-4.771925804327525,0.08361571305728407,0.8859635320788194,0.24915701138972937,5.783741480163779
Kerosene,-4.111430689783602,0.03616806584192206,0.8298954870291253,0.19040867728066269,6.7762860693279166
Kerosene,-5.069085144823624,0.03892677102762412,0.8043518316847309,0.252831159876024,6.853788259339097
Kerosene,-3.7529709121388835,0.05782031669687168,0.8545660461520967,0.22187394946405625,5.773155162357627
Kerosene,-3.659487589690543,0.059976686565565894,0.8887707181746938,0.11108609493724664,5.002008930145726
Kerosene,-3.755832766332386,0.05832296361038583,0.8414556869108023,0.20803757498985762,4.280093595319233
Kerosene,-5.419875788558184,0.06966274202611314,0.7932814198340248,0.1919773068443119,4.250870367097995
Kerosene,-2.7303925760991365,0.048407105709825704,0.8344771768558966,0.23739329343629914,7.156474167608186
Kerosene,-3.675448378353529,0.04245161076736329,0.8848296990677345,0.12136604657092173,5.046429260064397
Kerosene,-2.4048338760348704,0.05315494793371544,0.8553888828078824,0.20103182701787528,4.604523719573801
Kerosene,-3.7484074621081036,0.06550546023320607,0.8334089973754613,0.07546241308495896,5.465617505278754
Kerosene,-2.293499138783917,0.042474771838877386,0.7764418308621698,0.23387064923662398,6.743832264184004
Kerosene,-3.576501144227812,0.08449400108333022,0.8896834272812856,0.23534254928388465,4.481999317257888
Kerosene,-3.7716744873974264,0.04941058086564447,0.8468132139716674,0.18730674360244667,5.225613467458554
Kerosene,-5.037075987309381,0.0662343679856315,0.8061127353609902,0.18748643874976462,5.330559893035165
Kerosene,-4.74181873471641,0.010670738753894946,0.8308476661151246,0.128445125370815,5.71231093267047
Kerosene,-4.922802858033701,0.07970311127418325,0.8497103555382387,0.20295870972971147,3.019368671455336
Kerosene,-3.884109896919581,0.04839640166253493,0.7850455482537265,0.20436341693984045,4.602076989192576
Kerosene,-4.173430254316288,0.05051763524388093,0.8264272893420899,0.21232283134744342,4.913444517649037
Kerosene,-3.6217852252907394,0.03942650812056017,0.796754012353302,0.16455657357809308,6.442656768851778
Kerosene,-3.235226779034603,0.07426758265198219,0.9141356979085109,0.1766840971413399,5.295811935408462
Kerosene,-3.9393287977216302,0.06319077051182843,0.8355415877384516,0.20464870785455022,5.072271477619686
Kerosene,-3.5741900800674418,0.06311434442143199,0.8546835516170099,0.2061995392032904,5.225898020748704
Kerosene,-2.6827588635015656,0.015400044173661366,0.8015160169391096,0.2336839798222971,5.269784398839091
Kerosene,-3.7898003598792984,0.06334990997426714,0.8606996446561881,0.17203587607753884,5.628809140108259
Kerosene,-3.983290269600738,0.04104845642220894,0.8845180312288955,0.2325516929141,5.214766491600792
Kerosene,-2.626304676804354,0.0765365346954057,0.90009285970269,0.3283182786404374,4.853536598002284
Kerosene,-4.371840263452875,0.06720726198606718,0.8373682851002859,0.20059638578239114,4.014080034249695
Kerosene,-3.514672433829498,0.020579855089247808,0.8451780889420315,0.1992322131242122,4.563961157580168
Kerosene,-5.4057718069292,0.014707378124510992,0.8126913796664099,0.2269525164381032,5.288924861441944
Kerosene,-4.013148287064913,0.03230823027965045,0.8670566110630553,0.1100485360980541,2.6034505176280223
Kerosene,-4.194457240972004,0.03907897239805942,0.9006585648823728,0.20789918888864173,6.650735309999851
Kerosene,-4.438572054956368,0.059735445830443226,0.8373861435292185,0.2690859862065569,4.79594955287592
Kerosene,-3.316474575883388,0.028447620709516796,0.8292393678433978,0.19579782940362667,6.2634175399628
Kerosene,-5.757749552806431,0.043347111071084424,0.831675993678635,0.09615132388028098,4.535964239253185
Kerosene,-5.232533704953035,0.0033867304392521565,0.8368843585752338,0.1851927439598071,4.755046417040668
Kerosene,-3.797713403281319,0.032412063535726024,0.939542800672296,0.19833529959342486,6.2864304630614845
Kerosene,-5.343919393190969,0.03330940699816252,0.8843157402522115,0.18867178621610334,3.9268206126270337
Kerosene,-5.470903918915265,0.0646640734448073,0.8825801127474427,0.21216603457096142,4.504093809214083
Kerosene,-4.890472022103844,0.048940369202065966,0.7842340698177299,0.1624207959717705,6.261250581399549
Kerosene,-5.480668610505135,0.06355055653800736,0.9247097975724581,0.24081298596913267,5.398212878426484
Kerosene,-4.370858276936899,0.037082238911319745,0.737593456696834,0.20185033401336572,4.597759551270906
Kerosene,-4.558427526945525,0.04959837942241974,0.8531184740102328,0.16822213513164733,6.613080783476787
Kerosene,-3.4155177767100606,0.06792557116746557,0.8448348608180295,0.22556178661305712,4.104295399401437
Kerosene,-3.466993167799755,0.04591194785372522,0.7989008232492837,0.19886166643903852,4.70794596975011
Kerosene,-2.1415445382232665,0.05870788496959824,0.9289858733724111,0.25656435531793637,5.037780599797499
Kerosene,-4.354975362344036,0.015195468375993542,0.806452822466763,0.23313767288771073,4.697869614879297
Kerosene,-3.6993437394092465,0.009394496973053255,0.8726757424548687,0.2548240778599643,3.2242417101937466
Kerosene,-3.7027488749145605,0.07687069307216922,0.9340043324669732,0.17482504645710203,5.779930344611533
Kerosene,-2.8561681439956677,0.05802762781560757,0.9142538794498405,0.198206917333085,5.394314143770797
Kerosene,-4.497287381169762,0.046707996846524824,0.8716858084938182,0.16516903374771164,4.776413626859246
Kerosene,-3.391301055242557,0.09105115066352201,0.7475280754175713,0.2988288333661809,4.740128235577233
Kerosene,-3.2280801047780923,0.07322185399983482,0.9282248386970273,0.16360190676351047,4.774728691882202
Kerosene,-4.042876879162323,0.042851323150053106,0.915938048741957,0.1961586149494267,3.381452335191631
Kerosene,-4.506411057851011,0.0184319994660624,0.838583060665333,0.23362748372839684,4.345523327696311
Kerosene,-4.322426371707661,0.044504694153236116,0.8570371246917622,0.22580413893177623,5.8072554279353685
Kerosene,-2.1955864136507826,0.05246991862000145,0.8867896526989857,0.12062216261608627,4.620817014434466
Kerosene,-4.216333514769659,0.029653702220257917,0.8232003634316232,0.19462576411721863,4.495336625835192
Kerosene,-1.9185326497294712,0.0602455068315546,0.9500511369429668,0.27463255894170024,4.360753866549614
Kerosene,-3.9699516260641508,0.04130350757850847,0.8419088620356834,0.1511783165405635,4.558464670829777
Kerosene,-3.7123848947734093,0.05666244113884408,0.8626701832608134,0.19701625875582207,5.86074242523694
Kerosene,-4.205634420862831,0.07783104679523233,0.7576201221491219,0.2328405511987878,5.488371112247357
Kerosene,-4.53965324580124,0.04289537946289446,0.8732395469554518,0.2457967623574375,3.2505368316688936
Kerosene,-3.497403145876596,0.040846976288848875,0.9062644887149276,0.10803623930919114,7.445298965121207
Kerosene,-4.708911946411278,0.07859922373579356,0.8465407690133583,0.15906666313999349,5.265114005381411
Kerosene,-3.176699644034905,0.01894590398510475,0.8850794424643504,0.1993910750671455,5.577044082566334
Kerosene,-3.991219714128816,0.038562623224906924,0.794343837431406,0.23363225560235126,5.667271992198835
Kerosene,-3.4701822018473534,0.058551926388811466,0.8972349435919735,0.2703034639884821,3.1235821525934817
Kerosene,-5.8734379550952704,0.0843589471975929,0.7829476742707405,0.14568783566051902,4.712385688125075
Kerosene,-5.323177262970482,0.042368266053847255,0.8025947327938667,0.18833295651514964,5.279841304907102
Kerosene,-4.274830580343652,0.04211905429205706,0.8628997898395823,0.2522145898974974,6.602964346921666
Kerosene,-4.174830603201772,0.08649778303846474,0.8938353417380623,0.1383995773013412,3.738791744386325
Kerosene,-4.461830280482136,0.07889207966719453,0.8249316342217231,0.10538215877468635,4.7711157911122895
Petrol,-3.490285983780203,0.004725071765315641,0.9382594318741483,0.052993378218493835,3.512081163303439
Petrol,-2.152932028314118,0.004103376007762572,0.9425657547566869,0.051527511774051335,2.8688964377767503
Petrol,-2.634647612934147,0.001386283376728641,0.9269453169772072,0.04194120301721454,1.4533871625274188
Petrol,-2.179677839995073,0.003136604501444652,0.9637367626653027,0.061978320089418205,2.728153478443808
Petrol,-1.999725837149231,0.013715986724624665,0.9438207705833072,0.04156480769616604,3.5486163928321783
Petrol,-2.3839930802961677,0.015223485841840712,0.9022205185129453,0.051969701940389246,2.2112954565153133
Petrol,-2.5128942537433816,0.01356910104172942,0.984782802914982,0.031236665431256284,2.7371475973490087
Petrol,-2.547766453537769,0.005127344492690548,0.9695711945757851,0.04859810909268753,3.060978511688023
Petrol,-2.1899134366129207,0.009641442418122953,0.9336492174364827,0.048739595234030667,2.5719093202433054
Petrol,-2.4460095554417567,0.014984688604008983,0.9265004341545533,0.019352579971158156,3.024624967959837
Petrol,-2.883899808371953,0.010158726372059845,0.956408070412194,0.007126275421429213,3.344924713829271
Petrol,-3.0848342514776244,0.009888260247176551,0.9368123532912314,0.038960859704314114,3.846978969808994
Petrol,-2.3403662396021696,0.014523442014767955,0.9530188270840548,0.06240027149309908,3.208689181071726
Petrol,-2.3727719276565873,0.0155357795458234,0.9531301090768853,0.0957029714443541,3.480265786406219
Petrol,-3.069770348869845,0.00911725145508509,0.9579415519898133,0.05088993671424074,3.3434367094860837
Petrol,-2.1014916475830634,0.003202065071005177,0.9756215508943299,0.04006365069027912,2.7020477470676214
Petrol,-2.7995611963527702,0.014042882029952915,0.9446586460370442,0.03672896711324585,2.7880204212782314
Petrol,-3.3973458294579384,0.005789181180242566,0.925208329026938,0.04461661339008218,3.3320966351367964
Petrol,-2.2230620495333864,0.016283752487732915,0.9706795163459324,0.03942806570163246,3.0095357003768566
Petrol,-2.5162780471107093,0.001,0.9256548092618051,0.046654266456977754,2.913551782429596
Petrol,-2.2438374728974164,0.012318208147679241,0.9145861499580052,0.06037193468915061,3.089293603226882
Petrol,-2.1883134091776855,0.015334327938207947,0.9471423405442405,0.0749117647396016,2.5552997730534766
Petrol,-2.972869060186109,0.012143860950677706,0.9426246490938963,0.05523265129237939,3.9964910599222456
Petrol,-2.303252463248012,0.011060847694320598,0.932615592426963,0.016000403867513075,2.963726692363245
Petrol,-1.9665648766959019,0.00838530996469663,0.9580292499841073,0.07852994545437166,3.70075815661518
Petrol,-2.2855920561991088,0.010850532393286715,0.9196273390199384,0.03739610711646119,2.8596220959909635
Petrol,-2.9261658057170763,0.011242266314763822,0.988232963669722,0.08035523185323233,3.1219399309156035
Petrol,-2.110282963987586,0.006356978423219405,0.979281787013376,0.01876066808109639,3.456414080543081
Petrol,-2.252205144900113,0.006220703066227878,0.9458242648652412,0.027314945936878814,2.454179976098884
Petrol,-3.295527000311965,0.01383756951100356,0.9741068993885336,0.006763842723731478,3.919152758075753
Petrol,-2.50600411831842,0.01144926602438419,0.9205517432882985,0.0764165150032973,3.100125046583417
Petrol,-1.9305868801143504,0.01610429160323872,0.9766974884544254,0.03703438448295595,2.8960189960533977
Petrol,-2.805851037364757,0.014475482313706416,0.9566577845872748,0.07138289728026476,3.5563694015286162
Petrol,-3.3636297454694537,0.016753850652769364,0.9690172191553142,0.04261550233629006,3.1748963832648145
Petrol,-2.561834785791352,0.01308027839315588,0.9425720723859025,0.05957854482338216,3.033652652329676
Petrol,-2.7160969517476525,0.010950681224510294,1.0,0.03628926740348637,2.8750282043692152
Petrol,-2.8340561998165152,0.007183918072362081,0.9663154870677071,0.06431764919272136,2.997068248339345
Petrol,-1.9868517073654441,0.013967216477471551,0.9467533162794757,0.01932270516411588,3.414891503974501
Petrol,-2.4151676894990124,0.01011111731850296,0.9406790395998057,0.06489297898232632,3.1742481262142506
Petrol,-2.6184140214011484,0.0038727272639054425,0.9713585820376015,0.062098104463117546,3.1277014499727978
Petrol,-3.828386997556999,0.009810528714419701,0.9451759259304867,0.03763008629891319,3.377117639282142
Petrol,-2.142569982916361,0.012184123585961939,0.9707578182953548,0.029554029719323152,2.7731729716153466
Petrol,-2.462603868407097,0.006889989903860424,0.9645433844340708,0.0395559830373661,3.649185002223377
Petrol,-2.965579700875095,0.020659918247503087,0.9905859471120484,0.04810493707369311,3.573085225462874
Petrol,-2.7002140302543034,0.015066432491156726,0.9464804333708645,0.024291202029830327,1.2335909061605506
Petrol,-2.6343567230353053,0.011395312543426463,0.9766063285207243,0.05073250064302781,3.5014550673587945
Petrol,-2.726970773610763,0.008313605152342776,0.9710807136505717,0.001,3.006491914451458
Petrol,-2.6999806747779322,0.016803056024261423,0.9394350741004035,0.060331699391401886,3.460758484667347
Petrol,-3.2462979970652053,0.009303148458630494,0.9413672713182812,0.06892586493659189,3.337540920406097
Petrol,-2.616601015029591,0.004762959747919741,0.9707629339204018,0.048646944468024374,2.1908117171662687
Petrol,-3.266190199484962,0.012188167150364882,0.9244838761446896,0.08719294987207228,2.5314648578203345
Petrol,-2.500180362678638,0.010795559830801528,0.935412445215263,0.005203459388440629,3.0954475488081137
Petrol,-2.8766199950511293,0.010582692138082215,0.9475533789552257,0.05526582496143607,3.78093506032803
Petrol,-2.7730915063635613,0.00765577672828752,0.9166840539449221,0.04609632097801411,3.204934994637483
Petrol,-2.7417474387855134,0.012082152502027457,0.9464498294902162,0.023954675240620206,3.1559925355915524
Petrol,-2.6029160667825084,0.01061378910704679,0.9386610023357916,0.03689194954018211,3.0787054037764827
Petrol,-2.6152999560210675,0.018621391245846327,0.9659746102432233,0.06090008518935377,2.9112595992492927
Petrol,-3.513011724238255,0.005962025361911606,0.9370541309483136,0.044500312274201724,2.9833202503050233
Petrol,-2.1719625172572523,0.011365727805350325,0.973184063829398,0.043761960529615014,3.128581472085081
Petrol,-2.3280778861105995,0.011228631421792945,0.9756378049588028,0.06607548645494385,2.3402983902492887
Petrol,-2.55716554952967,0.009930131588851025,0.9930308212739001,0.04340417637509061,2.508758048331909
Petrol,-2.2808372852616783,0.012484928598118896,0.9485245427254061,0.045594779940582204,3.4744519780310426
Petrol,-2.9267990771299104,0.00829523328565732,0.9395570027577322,0.07187789195241176,3.142747101643172
Petrol,-3.0324970486606353,0.005177468033686156,0.9874683024722429,0.0716643549621408,3.4207751407617395
Petrol,-2.493876529513329,0.017542366200602046,0.9279319042804348,0.06505935024408982,2.7783632467372184
Petrol,-2.624446659827615,0.013628946324161936,0.9471288498263698,0.041306002810774844,2.7524211759560373
Petrol,-3.4931728727555624,0.013816018096378281,0.9298673985440241,0.08716818811318557,2.8561937250925036
Petrol,-1.8452801012770212,0.001,0.9646296604239719,0.06977111465023624,3.6517818171822167
Petrol,-3.264019386393307,0.0064864068145653545,0.9615301990551216,0.05296883957688219,3.1466798212819174
Petrol,-2.680143302904666,0.017753993075278456,1.0,0.05207959848018179,3.226710622752626
Petrol,-2.4718781271885915,0.016420266995237184,0.9665823256851361,0.02867238858726313,2.6936489947526776
Petrol,-3.0046483965029434,0.023474111660977553,0.9627062356716414,0.038086275477804354,2.66222397968758
Petrol,-2.097384363516545,0.014524600748295669,0.9659621542616882,0.04148885282700561,3.1529218222070887
Petrol,-2.444542451183308,0.005318698137807865,0.9314701231424796,0.05823930089086271,3.0982255405218293
Petrol,-2.2233241445788945,0.01395511519346859,0.9799876524499506,0.03448191227767907,3.315118099362691
Petrol,-2.1254005917356578,0.008439347937372778,0.9524372636713854,0.044268828866078525,4.054295191678587
Petrol,-2.447573654779447,0.012257525543556967,0.9447203140616557,0.04040730867498421,2.3489986691491613
Petrol,-1.9500656876373337,0.013842187486983005,0.9439780711112042,0.03199260193872115,3.0899542632100716
Petrol,-2.7488484031484846,0.008889787156839394,0.9247288011079423,0.0543413916129606,3.118501600994375
Petrol,-1.952638557880158,0.009246292156836967,0.9433287504559232,0.018864782677655498,3.5504804741813145
Petrol,-2.05358844172152,0.010143692207034009,0.9234153789093925,0.025709459378237168,2.726447035617855
Petrol,-2.0173871455666683,0.011451688176208187,0.9201328562223644,0.058084238292004424,2.5804267104145713
Petrol,-2.761106113256073,0.014858690062608527,0.9653100816756166,0.07186199765650847,2.9884332404578937
Petrol,-2.0584877210669066,0.0070693186811847135,0.9448486813078941,0.04347413551190419,3.011932509112247
Petrol,-3.143245543156039,0.008874975484383192,0.9790331460303747,0.028149436763771324,2.335339359042484
Petrol,-3.124344163831114,0.023309297220373205,0.9592970396174075,0.044594692313172354,3.034160206504068
Petrol,-2.386180300376591,0.0067977501213530985,0.9396556650258179,0.0468463373559594,2.6376224558825467
Petrol,-2.6984673035105944,0.011765457886651728,0.930056936407598,0.10219898841895705,3.3765783054430996
Petrol,-3.135042369256326,0.001,0.9362499342972443,0.06368721299214496,3.2452349472250526
Petrol,-2.5554242551743065,0.006992787694284573,0.9319173725201614,0.04194833857780986,2.4938100130861987
Petrol,-2.6994388781042247,0.01665475467911411,0.9345752040150119,0.06221762566103977,3.3817119064921015
Petrol,-3.039800659267958,0.005783140627202483,0.9713788687397358,0.03148471920698605,2.9712571253945983
Petrol,-1.4800080889157372,0.01489916128530682,0.9517046090347113,0.06681461149062509,2.972038957342991
Petrol,-1.990884083398263,0.001,0.9472146800725011,0.008273201868143565,3.0806775941159144
Petrol,-2.6180889491363493,0.01680364923321165,0.9642365473719533,0.03947824624919868,2.7968918717095677
Petrol,-2.3096517348851098,0.007137197037233636,0.9493525442723091,0.07633396129029739,2.5854349082348107
Petrol,-2.723837182978198,0.008462838272753417,1.0,0.06216485325014335,3.5660341695239213
Petrol,-2.115937144060808,0.014176969329926497,0.9594714707466457,0.05730538400118185,2.2746276727657317
Petrol,-2.32106772182853,0.00945828203803521,0.9609091380569899,0.04858281666719106,3.381582146363996
Petrol,-2.03003371442541,0.001,0.9413221436366808,0.012852261882237467,3.1194722773209973
Petrol,-2.6503541889270004,0.016779142352933027,0.9541448932360175,0.04028940047072574,3.4692857699227924
Petrol,-2.6591012289137215,0.007510012220531658,0.9578725082928371,0.08225942779878943,3.426775954119911
Petrol,-2.216534517359262,0.02375474266760832,0.9353517992728101,0.034905643261157866,3.0727847402198716
Petrol,-1.742486807947643,0.005291570118526987,0.9850914519512611,0.02121755021183224,2.939390974639411
Petrol,-2.4132671671656754,0.005586840418410491,0.937575312701356,0.0659326095867133,3.720777871255617
Petrol,-3.5573051812480108,0.010901181927296572,0.9477338219276839,0.05214792711247901,2.841616762191899
Petrol,-3.1452434847781636,0.017711484890223107,0.973186591966614,0.047920216222062356,2.7558433937633287
Petrol,-2.80472031450294,0.001,0.9570764014920482,0.06560647180605689,3.068951058054884
Petrol,-2.5431682172998764,0.010666917542432923,0.9329354803848484,0.040008895452593375,2.916833485883921
Petrol,-2.1516617126175523,0.01689429186647556,0.9454170431405409,0.029104289248691687,3.0178233953817153
Petrol,-1.4942544437055394,0.005210967824331329,0.9677168149426562,0.07671921112241212,2.819992570087257
Petrol,-2.85036228885952,0.012874783414166263,0.9570643354560833,0.06389548342641774,4.036854715744902
Petrol,-2.416476723311718,0.0040388757552194884,0.9513328000433684,0.054831135884107624,3.6335843185441243
Petrol,-2.5983821977138515,0.007954660831523077,0.9225761200766681,0.060948255841282606,4.674103592769487
Petrol,-2.6112954920019695,0.012259774772609745,0.9390433429337007,0.024374301600083192,3.2171179696002654
Petrol,-2.485905858281404,0.001,0.9822005743148023,0.05831928752674232,3.036947775051802
Petrol,-2.7109884320461544,0.01202647055246546,0.9590279190483206,0.058026427474534244,3.5339965222517447
Petrol,-1.8523643830833274,0.02002796531809198,0.9332631563510255,0.03853156972465566,3.180591083520819
Petrol,-2.8895454293688925,0.006909924638138897,0.9595045916301326,0.068016847099597,3.6379639763894316
Petrol,-2.5963072068788002,0.012315764817689853,0.9548551547178754,0.05035314890359972,2.5919954173959914
Petrol,-2.971605544601261,0.013333373899779783,0.9333436124023159,0.014461623503459468,2.984119338354906
Petrol,-1.7723798489251252,0.001,0.9442333945369297,0.06350429730652465,2.0882517833925993
Petrol,-2.606666458100541,0.004302713777237289,0.9298564377198623,0.041951635845959595,2.438426054933915
Petrol,-3.1031503515759065,0.00970384124228998,0.9945427812107137,0.06515486634895712,3.5052663835191775
Petrol,-2.1013687807905774,0.006512431936603914,0.9562166445823231,0.07195388521884669,3.4141687338908957
Petrol,-2.402724496315807,0.01260023247096947,0.999257479303383,0.06678886434312692,2.8424203214011756
Petrol,-2.5370185031322983,0.004729243017042766,0.9969407189589259,0.08207739450887087,3.041606518136057
Petrol,-1.4095899406166117,0.013162000224774886,0.9413830716476836,0.06812905081039596,3.1993217358983257
Petrol,-2.0810716108618004,0.0031545407017189143,0.9337937168560546,0.0797694166024635,3.8465687457820286
Petrol,-1.7924436365159728,0.021093234517934288,0.9615473659642773,0.06014166725660862,2.5433965493880937
Petrol,-2.7902657204231525,0.001,0.9435702797526458,0.008829478223335043,3.540483085431847
Petrol,-2.3058005657247738,0.001,0.9462027261567303,0.08935311244697,2.937166924582128
Petrol,-2.999185471818996,0.0010724886534737965,0.9148870677511222,0.06071159935712003,2.7830636888376277
Petrol,-2.675497070799719,0.007851266682780153,0.9471952010107051,0.025456740025939045,3.158052496844689
Petrol,-3.2113531218783473,0.006220787709793732,0.9702165539533024,0.05752409999450378,3.3428409231006913
Petrol,-1.424805803591057,0.009701729948477513,0.9504292052004996,0.04471358088299319,2.7782929263039264
Petrol,-3.005295413696893,0.010420324055979261,0.9571009721319231,0.05821540678385793,3.032181913433539
Petrol,-2.0369145975900094,0.010147183453711937,0.9418139622353208,0.031460236360509646,2.2255123942110355
Petrol,-1.7697924110317573,0.006504726872563346,0.931486657134254,0.041649235433460545,2.860805606733102
Petrol,-1.680743782048613,0.008359264484544146,1.0,0.051273944093063656,4.028514124485628
Petrol,-2.0530353592846393,0.01180518709922381,0.9815569626647497,0.072444595878806,3.3173395420930443
Petrol,-1.3412029951141542,0.007508036440231886,0.9301017264807653,0.03647538516376093,3.8761365950417774
Petrol,-1.774619989456952,0.007373690502598074,0.9029069742481226,0.04588309927242556,2.493367845704364
Petrol,-2.746967985744727,0.004727954761270409,0.9178092384604195,0.08766408736661803,2.6581658980282907
Petrol,-1.7936660983704165,0.008893145450765715,0.9273839159089511,0.06018136779858006,2.8044715715335355
Petrol,-2.603550552831624,0.01072452967169884,0.9337557432850262,0.01757727291759282,2.974365192632831
Petrol,-2.018041148683082,0.005492043705441224,0.9530792453253126,0.08011014297098394,2.9551175563630765
Petrol,-2.456952814102071,0.01027606176800193,0.9363531114821387,0.030132909631332482,2.505368815339463
Petrol,-2.3159084014963636,0.01378936180966372,0.966101644768757,0.04242914292489075,3.5466542704653232
Petrol,-2.346318090244787,0.010353711108955095,0.8832128667479282,0.03365180776787234,2.2394510488813624
Petrol,-2.1864632464679454,0.010475166659650164,0.9285602722722978,0.05608725116935324,2.2882538168968263
Petrol,-3.0218815491337923,0.006448893345675298,0.9608027264368972,0.07798883358407807,2.7069957758280325
Petrol,-1.8387706791958616,0.010237017753057302,0.9547227632185045,0.04872390884545112,2.901343123306967
Petrol,-2.2803499816305375,0.013701605930910224,0.9323077739272829,0.046213990608609874,3.8346375486116324
Petrol,-2.4114056728407385,0.011433469272145743,0.9733453707793485,0.039975110014306765,2.983019689049374
Petrol,-2.09157755170071,0.01619451115639171,0.9026971341298917,0.03526662418209254,2.5008173468253627
Petrol,-2.561912551696024,0.00538663611703266,0.9632821099901981,0.05344820682097803,3.4445950846770823
Petrol,-2.023496021313216,0.013395430092079243,0.9432841889777994,0.052085550775132466,2.769563047340099
Petrol,-3.182367656984895,0.014768939235438577,0.948318707454614,0.019947760717507746,3.2684747855438006
Petrol,-2.611974458811374,0.001,0.9225254145507064,0.035987776826778076,3.105256029221943
Petrol,-2.1059900074747198,0.013768844653487784,0.962057259098606,0.04931275256616042,3.8611161552991087
Petrol,-2.150064378000057,0.011110526846211449,0.9613317621146071,0.042019299936887945,2.971378199482523
Petrol,-3.540977019775781,0.00806626168761199,0.9851977603153355,0.05296750554574192,3.053369888680806
Petrol,-2.0006979524253596,0.011789127078111887,0.9342703239148681,0.050473150243806476,2.4323904376607426
Petrol,-2.4081939146898583,0.005811250237980295,0.9685658922406748,0.03979518756457343,2.5876480454327275
Petrol,-2.5564159941557394,0.011826959095648567,0.9258533600632031,0.03957466805352827,3.0525811528467015
Petrol,-1.8308157252317363,0.001,0.9623032640736647,0.04232868871187785,2.752694826552166
Petrol,-2.840563480067879,0.00818052208182872,0.9624163440182398,0.0392642705768945,3.8292960079068115
Petrol,-2.1880666078537976,0.010989860625764352,0.9466788776436675,0.07379708407656205,3.6680098433791577
Petrol,-3.080691073627122,0.00649050947300455,0.9626926041278405,0.06873361888888045,2.8498297258453658
Petrol,-2.8712224298562514,0.010393063129832722,0.9795338686149196,0.050820685201042846,2.3680296150874343
Petrol,-2.4452083862112897,0.013913740356149269,0.9479724537730048,0.0751633362496782,3.432924517758743
Petrol,-2.5308794618481776,0.010215720098202308,0.9131648058963355,0.07420453449824327,2.8352413256648448
Petrol,-2.6999783696381745,0.0072507319673629144,0.9591339512498018,0.027426139984746817,2.5079136091437277
Petrol,-2.5262625508496765,0.0068674333420756595,0.9567046714674616,0.03820221441267635,3.7975181321877933
Petrol,-2.153271246607798,0.013404431061894742,0.9379007649235738,0.09811359348878897,2.780494492862836
Petrol,-2.8569051386450584,0.01353371298477674,0.9539045626588066,0.03363231381517645,4.097923581044291
Petrol,-2.012200250903581,0.010020026506339695,0.9980222026216652,0.06621560288576506,2.9940495151035535
Petrol,-1.3592811774115363,0.013294923667371034,0.9623049052464073,0.042273047456789954,3.0247067428498235
Petrol,-2.7053464979321076,0.017198678730207265,0.9178117171316507,0.07731740866129697,2.561328735651028
Petrol,-2.528960601581756,0.00852391806087885,0.9395969502700958,0.06379568296270986,2.9974053933355953
Petrol,-2.8338493800744433,0.01076997765088897,0.9360782654666697,0.039244490019971566,2.2513684554805975
Petrol,-2.7251544967423817,0.012471022631972672,0.9507424983591607,0.08630127337946285,4.306408736860653
Petrol,-2.7321091981603614,0.005833411211478558,0.9725963309271788,0.05670416484065091,3.5679371385074865
Petrol,-2.300584634397745,0.009028210766621128,0.9462262990356244,0.05865553556732101,2.89444305214257
Petrol,-1.8902493784010652,0.0034883138024940207,0.9742828727212219,0.01253198504167927,3.072551143180611
Petrol,-2.665521365311774,0.002418221481744095,0.9087996116664252,0.028049706597896632,3.0228421632801696
Petrol,-2.8010920643898594,0.004795255494144109,0.9770456216584477,0.025356306441428767,3.339558665774723
Petrol,-2.9444985041911025,0.0043859703342071935,0.9379232274615421,0.06239832094408222,2.31426712170096
Petrol,-2.3562723697466494,0.005196200011643068,0.9343846625950789,0.058012831780821304,4.086741414972239
Petrol,-2.9555084949937998,0.013599402918285007,0.9437457524553408,0.04050513090406407,3.5356880048750767
Petrol,-2.9217614054299452,0.004229433866026224,0.9592035159043817,0.08189567592973494,3.374997352645576
Petrol,-3.203508690368267,0.006923334780155411,0.9695919648315361,0.08162220435817201,3.1143556626372106
Petrol,-2.7895862670538967,0.018230094196843096,0.9485081282968966,0.03788382851691279,2.6125337309124834
Petrol,-3.0975091734944273,0.024167902147282996,0.9784191573092117,0.03687413367899445,3.8659129633609584
Petrol,-2.2333489132984243,0.01237054000659574,0.9356416593976794,0.039717456437081085,2.9787879827083796
Petrol,-3.4827744972200616,0.007565899283004653,0.9500897926246685,0.07619037812934475,2.6917262269657143
Petrol,-2.0939309444427634,0.001,0.9733406035094546,0.031993060657764714,3.06513648453738
Petrol,-2.2968284404103905,0.011050897786779298,0.9478644048269207,0.02516967429253421,2.5552295408552537
Petrol,-2.001784028389198,0.007013112706032932,0.9479340881327301,0.020158274858188364,3.4292866807624627
Petrol,-3.159741520070045,0.014579814043010536,0.9287457647871312,0.0702901606065555,3.005096457653163
Petrol,-2.779378698223545,0.01800200877724062,0.9486229001436353,0.04276375413488042,3.4545589637990046
Petrol,-3.240228555759998,0.001,0.9731595994727374,0.03327395842695937,3.4323112126932496
Petrol,-2.4769188141109897,0.00418005267936261,0.9621456483934839,0.041796596195378455,2.461329831846744
Petrol,-3.025648186098376,0.0013358062291413564,0.9580604976436548,0.03129198511109615,2.9826389361475725
Petrol,-2.590861247256187,0.005292216594101647,0.9195420057172236,0.10067421658260259,2.975733737010876
Petrol,-1.5883085236198513,0.01582468391863395,0.9435766939701918,0.05361929274679618,3.075957890983574
Petrol,-1.57789965553378,0.014149168458217063,0.9338545450794745,0.0570323767310945,3.4021571707101264
Petrol,-3.0876595244525373,0.012470746724026758,0.9769097791241024,0.032850546967497084,2.6403407162077452
Petrol,-1.9197637473263303,0.008228818435467538,0.930359831731618,0.06764546086068152,3.28842711836292
Petrol,-2.452803046251961,0.01562291314224352,0.973912704863891,0.0483435418235444,3.9871631937763516
Petrol,-1.7083050232865011,0.001,0.9293976515313364,0.004894163607155228,2.837642502637623
Petrol,-3.1056090991500316,0.005928408006301627,0.9718113629356574,0.014903418805298399,3.0648678705154064
Petrol,-2.4381617787597927,0.00958805356223928,0.9526155736395954,0.005354365791684776,2.595222742101154
Petrol,-1.7284995673713053,0.004015644572451595,0.983332216271284,0.021863551764431877,2.2364796837938394
Petrol,-2.975889408632048,0.015645414841434592,0.9390775834050124,0.05690813976878286,3.036818461008602
Petrol,-2.52723109136516,0.01637059046303787,0.9654303588197407,0.02714193605675248,2.8622146082041677
Petrol,-1.628280089984584,0.011597808945839679,0.9198430807181736,0.021259221952464193,3.445072654283112
Petrol,-2.148781341411968,0.005393172124313342,0.9649526035794869,0.08198784273438499,3.7289294198303007
Petrol,-1.6978609815887715,0.012777443875314024,0.9464468036174022,0.041950398390663286,2.9913065556935785
Petrol,-2.938011652228433,0.008203506377404848,0.9755023949659519,0.017818579831250136,2.229665137154291
Petrol,-2.0847346977907857,0.008249135376582627,0.9114871395088333,0.0487733168731912,2.8979392075931965
Petrol,-2.715542238245667,0.013428530132407421,0.923336088624168,0.050259708297191896,2.8945137526937814
Petrol,-2.481087386044148,0.001339069209316398,0.9395470222371998,0.05039538382074456,3.2705798181489483
Petrol,-1.5768017472937503,0.014029741943695103,0.9592231040126683,0.07542949584560754,2.848088776728383
Petrol,-1.7230359181825725,0.015596363950310577,0.9410824441871507,0.08847910351466583,3.223467657453339
Petrol,-1.403515511969131,0.01151591127141653,0.9387614028097873,0.03464926713293187,2.8221282726335306
Petrol,-2.785647471014833,0.01635694278479347,0.949420515108995,0.017719546548751818,3.1065021579358443
Petrol,-2.4372434784448567,0.0076569618941549475,0.9553518404396854,0.04911781133742206,3.3168826836882834
Petrol,-2.2125105306583897,0.011824514281995359,0.9240228819245987,0.09238033456284625,2.2220071483338444
Petrol,-2.564354588407545,0.004527833243255987,0.9579267632332025,0.05276811449614617,2.9156169576898954
Petrol,-1.7411136080310738,0.015542479585885583,0.9434576931381693,0.06608269283832509,3.782340128919227
Petrol,-1.9493274802285185,0.00931890707266248,0.9181939819714097,0.05649295809839721,3.334305167696995
Petrol,-2.884808450141761,0.010112726335290206,0.9483422438246795,0.07775421271610486,3.9269080877950446
Petrol,-1.912392764849649,0.00957222158411945,0.9729543249389563,0.0629757641166054,2.9625502118091296
Petrol,-1.4538048554983503,0.0063099078005874965,0.9620781795121908,0.06679121291107847,2.8562505802381333
Petrol,-2.2204309060603293,0.014727486251105724,0.9548926884105582,0.059449911266855636,3.0527155614745105
Petrol,-2.101239944236645,0.008855106654030971,0.9437640443321429,0.05041120307698302,3.591834437099155
Petrol,-3.373681574335492,0.005453153416445916,0.9955154009657088,0.055503768335485995,2.796481976518649
Petrol,-2.1025740822558565,0.006074864998989872,0.9079442217561002,0.05709599895494778,2.6346080829775858
Petrol,-2.4493051109350503,0.011647003949192346,0.9528423233913155,0.01582009175776035,3.0131404212937043
Petrol,-2.2776990293177963,0.002999703683878775,0.9196165288230693,0.02861950828291207,3.3733823693801184
Petrol,-3.499157873243785,0.014148869255721772,0.9578411149658046,0.04484996098936171,2.259685168799794
Petrol,-2.898233772445609,0.013909520260053172,0.9751345040368672,0.029372743647174727,3.5709317551418893
Petrol,-2.1570623836459357,0.009965814011176077,0.9352428974071919,0.038372199574400204,3.9114613080771496
Petrol,-2.4107790928934714,0.016649341710054544,0.9548311596657628,0.04094604148817134,3.292045090217568
Petrol,-1.4210824639600539,0.006779416697569516,0.968277378068947,0.053810179645752534,2.2752409918138436
Petrol,-3.2359369214199583,0.007740081265307269,0.9569497716828184,0.06756745939377026,2.2145434730093827
Petrol,-2.1736512399214316,0.009408098722348974,0.9500662756306509,0.06177223692065692,3.873052660058662
Petrol,-2.348179099796951,0.0032163150864547973,0.9462581497414154,0.06704268046292963,3.4425216984582736
Petrol,-2.167087812954846,0.007449844223304656,0.9226434940476541,0.061790155116478576,2.392881570201034
Petrol,-2.1534944917874084,0.013466446793473173,0.9406461412653794,0.04775073420031696,3.0993389335597765
Petrol,-2.8074073366605545,0.0030915998294497337,0.9492156144590619,0.05130065220959692,3.680523681826526
Petrol,-2.8909960358139295,0.015342480868905555,0.9270586104214712,0.023107956006024593,2.8495687776453624
Petrol,-2.970454505304861,0.0032069209631077813,0.9888866063162954,0.04096704727288116,4.155651793378125
Petrol,-2.997366899449288,0.001457267166835008,0.9758257943785664,0.03546686735479502,3.0694328990994095
Petrol,-3.177816742506441,0.009809434290349783,0.9225674786028581,0.04852185204578072,2.76303373025576
Petrol,-2.384866134806948,0.01312845685554406,0.9548215999839844,0.05902093084324298,2.945483662300238
Petrol,-2.7176593507828186,0.012350593413947841,0.9477710436824363,0.048533804357717134,3.1988724827234307
Petrol,-3.016607799011259,0.017148055470472164,0.9450128683888747,0.052483632319401424,2.977740276034711
Petrol,-2.17362842304894,0.011695908354854196,0.94900152106261,0.07897508232273745,1.3983271953976573
Petrol,-1.8786628097665266,0.0146010770259548,0.9132836673439511,0.06858566435434506,3.5292337227797694
Petrol,-2.2191182550594717,0.0022045627815929104,0.9636530543512845,0.07014393712003857,2.713896752609564
Petrol,-2.2794330720069715,0.008233960522402741,0.9677075398103369,0.04372986629544513,2.7099412685769937
Petrol,-2.5196482713348596,0.0032917393975832134,0.9472283603353527,0.05724185474716477,3.4349796346831756
Petrol,-2.3755216306809004,0.0028369918145680116,0.9770454227645952,0.07872317012748478,3.0562836276353913
Petrol,-2.8759708105743274,0.007341910317692273,0.9459295520456382,0.0555733691239532,2.84775735924513
Petrol,-2.929193766950588,0.015115049421082187,0.9551457177614819,0.02895255955128103,3.1456552281428953
Petrol,-2.4190645856104593,0.0064097354402780455,0.9739009951922197,0.05269778412854632,2.891689178958916
Petrol,-2.5417408740377105,0.012219583979274133,0.9485563317093979,0.0483891265392225,3.5329825341626897
Petrol,-3.2092021637436328,0.0037422343020251936,0.9655392671998387,0.09831699574167269,3.438247725076026
Petrol,-1.5678956019636376,0.00782814193142136,0.9372583764332436,0.05913066346492103,3.4768244799135153
Petrol,-3.1557754506411775,0.008933908135850835,0.9494596566471188,0.03642259568629252,2.718889086727128
Petrol,-2.0784653494704033,0.012348422405454118,0.965969028437189,0.056737493807455484,2.563371661573731
Petrol,-2.2884484740804143,0.005239535488112457,0.9437649332193131,0.029275026903635502,2.6945561039645662
Petrol,-2.4547605763227422,0.007712546977523393,0.9323367517995104,0.0727559494316416,2.9402041413110704
Petrol,-2.763964023216462,0.00458800444649012,0.912560102297137,0.045559059725377576,2.3108906482400142
Petrol,-2.1439817703195234,0.010147455972992644,0.9811672155827627,0.05446148546474264,2.636671101370175
Petrol,-3.4400038011842247,0.014032719318708782,0.9240210347892922,0.041837109546204766,3.837044123277457
Petrol,-2.1945083254756366,0.011949327272674703,0.9688864488624022,0.06814099637811055,3.790473215977085
Petrol,-2.8010896752344343,0.008116579232846175,0.9315523074187662,0.04934604727232054,2.9338836354149027
Petrol,-3.377476118667787,0.006730496214527268,0.9787823306839792,0.05488417189774171,3.3576993090433565
Petrol,-2.5602723339253406,0.001,0.9474272815634092,0.07083393115041958,2.4071581043780452
Petrol,-2.1264805366281814,0.0014908416535366164,0.9504038247646466,0.06089036900293259,2.843943737865304
Petrol,-1.263764229773325,0.007534047814556987,0.9384316752464359,0.05408984083710009,2.6225134320813956
Petrol,-3.2206687969076557,0.004511651125388916,0.9651597351909579,0.043901208822492904,3.851010475250963
Petrol,-2.7206181225362673,0.013552551773661489,0.9602168395892373,0.040876983856399575,2.560595535417045
Petrol,-3.3659018494629738,0.012765603898400464,0.9739651946510028,0.018201386564915316,2.8147775325016626
Petrol,-2.8334591650963743,0.01275684575160104,0.9434269462409466,0.07645961140835633,2.807803404516575
Petrol,-3.1181917297679522,0.007655973373945938,0.9428277079968249,0.06052199890989324,2.8132404723172577
Petrol,-2.279951743299811,0.006047578639554905,0.9441064664041068,0.034299314465749575,2.576679205161931
Petrol,-1.8625832213579938,0.006424352142703656,0.9430479043570447,0.0708920891989886,3.3750006981357648
Petrol,-1.6793963916692327,0.01241400932252089,0.9379920122062788,0.09114289297911798,3.2910403722776342
Petrol,-2.577347669400833,0.0102873277485026,0.9535856315890142,0.04526376250421351,2.3120721990414164
Petrol,-1.6866394738767092,0.009890829619126146,0.9536699302540528,0.09156288118788959,2.6583573683912074
Petrol,-2.172257337642948,0.006038506582150083,0.9564204232509087,0.05403011492502716,3.395300548570158
Petrol,-1.8959156411548332,0.007102394544001641,0.9783334968144783,0.07974961877122626,2.875007307653245
Petrol,-2.5032912907015645,0.007528249400252805,0.9438911757231272,0.02593048689499864,3.388767886164595
Petrol,-3.525146946262386,0.006514525746186569,0.9490767589786087,0.0759959466085588,2.727377715349047
Petrol,-2.2860741644487113,0.009595079427748846,0.9689023780094467,0.05751171497914742,3.415104694019861
Petrol,-2.775317457577295,0.004929875529208321,0.9573425663810672,0.04024543961921478,3.015161935924986
Petrol,-2.341362529867955,0.016209537653273622,0.9657314128678,0.036379806544520596,2.4274888811212216
Petrol,-1.6463094476227762,0.0020867016401282757,0.940949943046179,0.06290489640644234,3.8193806234750163
Petrol,-2.5948307625620974,0.010136714971354469,0.9324994515680515,0.05253232224270409,2.42492301034956
Petrol,-2.8751424766093265,0.013819452770692403,0.9413284636627615,0.0683449784410614,2.923246436675445
Petrol,-3.1844200464354073,0.015841826378556505,0.9236934782989622,0.037964249822787705,2.9001504590309284
Petrol,-1.9970856896703963,0.007367575886548783,0.9314656567505982,0.053253461431207925,2.8930171383866905
Petrol,-2.7336952995195807,0.011082426782439227,0.9259280756921373,0.015563189180686388,4.069365053634129
Petrol,-2.4479069533192113,0.010870904409811349,0.9343602123864584,0.06795397686988022,2.7332573699270766
Petrol,-3.8930738438902672,0.007164833297456843,0.944371738441511,0.04659832791330975,2.900494168627709
Petrol,-2.8224573084881386,0.00629239470148316,0.9440404266641593,0.017090478259281706,2.0212018530947287
Petrol,-2.4509722550401807,0.010573674371324953,0.9675880116010799,0.04488869379258457,2.4031863934462354
Petrol,-3.4698234075989833,0.00554901962021567,0.9584503948811504,0.07882897806817846,3.027042706385757
Petrol,-3.1067949451680557,0.00560039698747465,0.9330258815187136,0.04188022796870379,3.560447712497435
Petrol,-1.9005452749216092,0.009138720526125568,0.9536614022022719,0.03404884214253069,2.145045777823147
Petrol,-1.6058308232686271,0.001,0.913283193646709,0.08592811710319292,3.0083077023352236
Petrol,-3.0629574535440214,0.013413518155446558,0.9654610661209195,0.02334628709704511,2.7335773117652127
Petrol,-2.0618770681471394,0.005915471268147544,0.9556432747722766,0.07849624372732547,1.8037575842294409
Petrol,-2.670624159664381,0.011308179992837446,0.9141590122811318,0.03940777219495064,3.522249322070907
Petrol,-2.8521575743719447,0.002578367820571206,0.9726166364632451,0.05889003387060864,2.9655718542476897
Petrol,-2.549195913554011,0.015141412355524707,0.9558905665001846,0.06291224292537084,2.6537168025964575
Petrol,-3.458677504403372,0.013109568501042274,0.9720185584333236,0.04550876064655033,3.4438782918967568
Petrol,-2.6676063965884587,0.009546504193407638,0.9850485757677454,0.04416959892587139,2.824715303723303
Petrol,-3.4349897616036573,0.01345036579990496,0.9358031726909138,0.052944500220253855,2.8424804562836408
Petrol,-2.7228963577459715,0.009411352550691782,0.9491829532088117,0.0735215811927045,3.7601059283462894
Petrol,-2.174642448779206,0.016357779567354284,0.9670829494149342,0.0598922820387164,3.7275714676467224
Petrol,-3.1542373154626615,0.006577688993753818,0.9335819694628781,0.04397224166721084,3.3429501790421474
Petrol,-3.057551726093374,0.01251399598405553,0.9382587816319152,0.04305871893626114,3.1002078317169284
Petrol,-1.6593759304692504,0.006438264738729363,0.9483981321301312,0.028435495488058883,2.6390261418276393
Petrol,-3.0436707174622373,0.011223925439832859,0.9585061753897756,0.06374098693447654,2.6231751445468294
Petrol,-2.246028460727487,0.01056550039124009,0.9488449500549734,0.025171543449845804,3.0766267496590576
Petrol,-2.4075216900444176,0.01050864222271117,0.9580010151455441,0.06389191318138862,2.4509883455211403
Petrol,-2.608348043214176,0.012578838007821218,0.9446321035824999,0.06918847114123691,3.0450892483462826
Petrol,-3.4774613205617753,0.014197144595988469,0.9476579354628933,0.014605783337494273,2.873855069856601
Petrol,-3.1341821893073067,0.013765656427970766,0.9492831803970766,0.03152509270396468,3.40542402848143
Petrol,-2.270737167001876,0.008821176314873209,0.9250880512092727,0.03315052412926813,2.5712710451469807
Petrol,-2.126751398367806,0.001595513571778865,0.9490553036687382,0.044994312184558266,3.5177695088877083
Petrol,-2.38363172116234,0.012676051425718343,0.9394927999253996,0.02538003624989477,2.8372620120617538
Petrol,-2.1114188070367836,0.013874453155758842,0.941388248577686,0.03278512390702885,2.4716604375464066
Petrol,-2.5683133013632804,0.010682755858596663,0.9794638302595151,0.052466615152377494,3.3068829969035693
Petrol,-2.8902339939521093,0.01020850502464562,0.9528015691107372,0.04718938944311245,2.989090601565037
Petrol,-2.436890766189947,0.012405184065471577,0.9733823608682752,0.004689044167205802,3.556868757069344
Petrol,-3.3554040581589883,0.011543814105183762,0.9971125793817694,0.04914919423148437,3.090009569707321
Petrol,-2.655129856960234,0.013336311736324685,0.9572441710527948,0.03647905510441858,2.9428234724075897
Petrol,-3.0592182518886064,0.009405292893838426,0.9416125562616652,0.052730819031814334,2.64504305142903
Petrol,-2.6072158450431,0.01004386387594072,0.9515683539591331,0.05548567431411685,2.9129161673595068
Petrol,-2.893346829465848,0.01041036636324789,0.9464228434880847,0.0704929128421442,3.5753707504551797
Petrol,-3.186040217718511,0.013085772742088756,0.9663548832217981,0.02308337408271721,3.289736409456357
Petrol,-2.0520225411168496,0.005251766810607049,0.9452731675375792,0.05372639871640444,3.285229030049639
Petrol,-2.9942197052238018,0.01578503348907806,0.909413037398688,0.07647491097851,3.2751337338949593
Petrol,-2.810885755571402,0.014322029213535401,0.9290440191279573,0.05229872108787751,3.1192524369042975
Petrol,-2.3819325930204927,0.005801412214423267,0.9400784565528484,0.052534897323016305,2.6366281285167106
Petrol,-2.364273602861696,0.006929370158867107,0.9700000005215448,0.08125369901141871,2.8512679126713705
Petrol,-2.0398706195149474,0.008938477292117001,0.9312713760651731,0.041485645188896754,3.0427848703781066
Petrol,-3.393478832213536,0.013128283807227482,0.9517204169787272,0.07001087914938309,3.3040687768856793
Petrol,-2.4400258414180556,0.008220825323252686,0.9804572344340597,0.09339745373672066,2.8304252974700943
Petrol,-1.9788532631487246,0.006466251705173487,0.9382462809262188,0.042275100970030025,3.3423413438031746
Petrol,-3.0374566471695292,0.017749821135021174,0.9687574451474605,0.06323030410857762,2.8530926669986556
Petrol,-2.0852562050716292,0.001,0.9588180272698499,0.053202441353254915,2.0568922173910527
Petrol,-2.2968735086339156,0.012954458629380364,0.9129253451033164,0.026264571646958387,4.032194575925476
Petrol,-2.593176773051233,0.014878130297491937,0.9725360384857935,0.057878736279905356,3.5086206755946394
Petrol,-3.556444179082359,0.008847352941596713,0.8883880254565214,0.015078126708655042,2.7269927515075265
Petrol,-2.8326922194980906,0.010207051445712398,0.9495869897679402,0.05267484859962464,3.0873548243153395
Petrol,-2.3335386376985143,0.005204776612940191,0.9355041536127239,0.04926243881410499,2.989328524663539
Petrol,-3.040963682648149,0.015407796905065257,0.9644960135510164,0.032805666292737436,2.8958169935416573
Petrol,-1.4952301746014423,0.010802885189171408,0.9579137191040012,0.03782128897737741,2.8434439457358294
Petrol,-1.7443370071082986,0.010566472136462682,0.9485814356225424,0.05015282171872932,4.272691394207592
Petrol,-2.4800962484260576,0.0058496165039319935,0.9368929819676952,0.06561512004776208,2.285759436676612
Petrol,-2.274708509267885,0.006380912361752787,0.9128246088709598,0.030398555661728107,3.0137669048393296
Petrol,-1.8024163032535916,0.01456664705973319,0.9441261954765849,0.06944374139636186,2.8216100853804726
Petrol,-3.233255792372945,0.010105438178163383,0.9198813200998642,0.06582816614970124,3.402940044503439
Petrol,-2.9399849697651312,0.01072798753412831,0.9527209846838288,0.06743926763534483,2.377465873008076
Petrol,-2.2002562382159097,0.0034161537449724512,0.9655437747534573,0.07125394802666292,2.6652043031800536
Petrol,-1.8904355667292303,0.0021298351849060593,0.971991668904211,0.07876912476325282,3.1729075970757656
Petrol,-2.5977628905146806,0.011562099100499615,0.9379248326253774,0.10249253358325489,2.706734354782854
Petrol,-1.8412994151713407,0.006293862912879289,0.9819361655900729,0.0902465716351034,3.192995405509672
Petrol,-2.3566713657164247,0.005217104876077107,0.9284866478086342,0.05595829210331257,3.7290962385905604
Petrol,-2.7741012445745152,0.02103964608897093,0.9377970812074032,0.054587838814999415,3.116008233201828
Petrol,-2.5507671876177587,0.001,0.9376185379913821,0.05399278584605745,2.952007452009893
Petrol,-2.1818986702986085,0.013784179559959258,0.9451984307764217,0.030751392553691078,3.7741588526917065
Petrol,-3.1777311652578257,0.007023463882839257,0.9330008015205239,0.06492915243604215,3.6585109872402954
Petrol,-2.5868466877554726,0.011148883801674562,0.9585754364197829,0.08608008197177722,2.1132132788934115
Petrol,-2.1278890504365355,0.011882623739697517,0.9425832094950836,0.05652453471440592,3.370414487914959
Petrol,-2.2084186437585984,0.020792503029581494,0.9525496317558737,0.050538103665806536,2.9093506071651127
Petrol,-2.223510581427056,0.009839708692570262,0.9502641829012953,0.05035659720012514,2.9326957152549533
Petrol,-2.804336401076204,0.012090532690984555,0.9442990486996676,0.06227359005640888,3.0553838144639984
Petrol,-2.6932874381645235,0.017824152025175323,0.9479537482890604,0.06245646029123613,2.6500085470039494
Petrol,-3.51276966556559,0.007165004161614765,0.9072510258720041,0.04526274266361504,3.7343235072695267
Petrol,-2.9526425110383254,0.001,0.9800051398202505,0.04049290473351497,2.992130808915656
Petrol,-2.1058600154344616,0.012615863824945745,0.9650102483922374,0.06800857979090848,2.1269426837052725
Petrol,-3.20717387007001,0.015855848313144207,0.9343652171381662,0.036547083100728815,2.368578738917841
Petrol,-2.702473944673741,0.008253419681577645,0.9312507862462968,0.02893834510248511,3.159331546087853
Petrol,-2.9038346334442147,0.006968438715108692,0.9062744330645184,0.0887640048506205,3.4709120147373502
Petrol,-2.747403026663471,0.005504595321711399,0.9502177759446625,0.04966932820804692,2.3620167152426763
Petrol,-3.7752681144611797,0.007369620462416656,0.9187325093820097,0.05342759893447084,3.0890407833303373
Petrol,-2.986606349170954,0.0073270786617227355,0.9852608338395616,0.06550257052541926,2.773873614645548
Petrol,-1.3540203365320105,0.004015312940141776,0.9337461055036689,0.04778971658584146,2.234496467311842
Petrol,-1.6048454176860767,0.010915760193546403,0.934201022862004,0.058955739028095235,3.0730279241489455
Petrol,-2.6523255420629233,0.003957424165892599,0.9212757614894178,0.09373601994886453,2.323632557445001
Petrol,-1.6510172403243122,0.005776204261920222,0.9658006513508064,0.05930866180161559,3.3327093501482086
Petrol,-2.1339928638799046,0.001942171888312446,0.9364730801505164,0.02263904081564572,3.094650530423799
Petrol,-3.161672166062113,0.001,0.9452504532691285,0.005818418950251082,3.1293690973604784
Petrol,-3.128814761688871,0.0057971012595988605,0.9043916805368459,0.08300204427617092,2.2685425565109605
Petrol,-2.6820006172739475,0.0010413070376937695,0.9332866438323845,0.08503643562048421,3.148738367632674
Petrol,-2.86181549815529,0.009829132601722683,0.9387888188662677,0.04815158840344826,3.3719343595164806
Petrol,-2.66554899495352,0.011099957369625523,0.954729909952965,0.043477087054045134,2.632037005164972
Petrol,-2.7625916783022304,0.013495926257675385,0.965648334099509,0.02724411337463058,2.869505332805996
Petrol,-2.8764609345511674,0.013999762148580704,0.940575939204402,0.09401847635142736,3.1089486949485265
Petrol,-1.909001772888389,0.00492694586598317,0.9502344429817172,0.06232346196740447,2.4833498790890998
Petrol,-2.4898286440947115,0.015259295161002683,0.9434509998415302,0.0329649499085475,3.901479727736259
Petrol,-3.0858726508231493,0.010779453141907936,0.9358344732332639,0.03126331522284896,3.3708285413516297
Petrol,-2.602767955831269,0.012029432327098489,0.904897085577496,0.06006239563924121,2.639702044091833
Petrol,-3.4394259755791343,0.019423697773935877,0.9620202705298925,0.05454554825359196,3.6247094248699328
Petrol,-2.376215359305732,0.006006929949281969,0.9465006477903524,0.036432675736158965,2.749823553587645
Petrol,-3.1288518329296204,0.005149897120998403,0.9678917106533734,0.05664150877606496,2.748493473734246
Petrol,-3.0140159322315676,0.007973015105960334,0.9163230039406586,0.052532611988487056,3.4727357409962822
Petrol,-1.3165136699704885,0.004483706387179408,0.9680760489190121,0.03585577108604249,2.4357718549744938
Petrol,-3.0644490644279885,0.010703678632134835,0.9313841275261345,0.037863084574130304,2.779799334631369
Petrol,-2.8699839199494552,0.005937077236504271,0.9014168047496305,0.05173906580223738,3.033835744779226
Petrol,-2.898672424867756,0.011801921351941856,0.9779381506413137,0.05047159665668568,3.665128889578114
Petrol,-1.38093403978644,0.02265262344560137,0.9262352782697999,0.026338739871626597,2.7777850016371444
Petrol,-2.4356423993700798,0.017933259999217903,0.9625448244218191,0.025934257406550004,2.694171295762836
Petrol,-2.5210001039827574,0.002554200109272524,0.9502733691508183,0.026231288178815093,2.174639433221314
Petrol,-2.973492639734807,0.012055105274461679,0.9580823142197303,0.0519330783337488,3.4958068302704386
Petrol,-2.0572083828932826,0.011021906710351387,0.951327637000514,0.052590934104401944,2.926177410031459
Petrol,-3.5871713633138382,0.015677424224099096,0.9579504566378735,0.02567345108345878,3.7139083096362184
Petrol,-2.7949899341063853,0.00946115498670689,0.970471511911365,0.05440278716779178,3.6676879209579494
Petrol,-2.6760507495213948,0.01845586605640168,0.9344439420033495,0.07635244658619236,1.8674453905503012
Petrol,-3.050096025667075,0.011489830692446596,0.9419910914771378,0.04850502760194874,3.0208254600803555
Petrol,-3.095451304063527,0.004420351925637165,0.9546424409761683,0.03667334096356441,3.670516929480584
Petrol,-2.5959735777163924,0.013593756215534153,0.9588570333861421,0.037976778856546274,2.009835606523814
Petrol,-1.9075293161894766,0.005105454616514286,0.9419248388904251,0.046983151168668524,2.9744942159481593
Petrol,-2.019020668730491,0.010029120289616385,0.9474529181948134,0.07036911913090027,3.3003261859433923
Petrol,-2.867785222990327,0.004264223112605835,0.9335260044960015,0.04901560499623571,2.376973112414789
Petrol,-2.454623476418766,0.009354008451048293,0.8991496193537887,0.021876496274654104,1.5571248781579232
Petrol,-2.6719515305221546,0.015370068226730003,0.9121868408914399,0.023554263604132715,2.9181310663634092
Petrol,-3.0318765144267137,0.004656636164666041,0.9608318821234632,0.04010209110854159,2.2566375563010093
Petrol,-3.5438579450285506,0.021042038850318658,0.9725661810912534,0.04096733307875967,3.0439290058319686
Petrol,-2.744265531048494,0.012552283653956253,0.9329157126456423,0.03913653567046353,3.227700420097248
Petrol,-1.7730704477767962,0.013707075473310524,0.9746782775518185,0.04375165324977642,2.688494796311528
Petrol,-3.469190569540962,0.010360991786706419,0.9575809406271287,0.043999892085455884,2.6116493369501326
Petrol,-1.878298280078434,0.013159021385983268,0.9762565090103802,0.030928418099675916,2.6458829367259886
Petrol,-1.8984113783742018,0.009763264601221046,0.9386179177664289,0.04000969952474321,2.994459736932848
Petrol,-1.9985240920822949,0.009197435739542058,0.9658106566035555,0.05934755553692096,2.560830479909513
Petrol,-2.9395646839935616,0.0077486670403426085,0.9232632469067545,0.039717222884012145,3.7567167083656923
Petrol,-2.515695167913685,0.0061677366695627334,0.9883148930364095,0.03138765360547592,2.519058516597306
Petrol,-1.8852571590966503,0.0133065902980016,0.9473988229494722,0.06663817799978324,3.1503000006145836
Petrol,-3.093096207869413,0.001,0.9386530969658542,0.07169849671796559,2.7857649558266924
Petrol,-2.269951400825378,0.010922427242225337,0.916129994107712,0.041872086125873675,3.1794396652232892
Petrol,-2.8935731277521834,0.008187309214860241,0.9578349418419422,0.051452599982859594,3.5234548704623574
Petrol,-2.3081645434182603,0.005220750007989916,0.9404490657214092,0.050405925684525545,3.669207538257021
Petrol,-2.736762815141153,0.0013371559880098593,0.9588113380698238,0.034888035033120025,2.3573493402125156
Petrol,-2.490598493587081,0.014864338209041516,0.9385223892067796,0.059931477743652595,3.3409568315212166
Petrol,-2.1041017531666855,0.0063386384519069925,0.9275783588413322,0.0303049379008281,3.395487336061235
Petrol,-2.166303422664594,0.005214246996498326,0.9926528805268727,0.028472720668256696,3.499732042350363
Petrol,-1.7401672803973942,0.010548788029966822,0.9346055231283833,0.035042439451033074,2.868954899818563
Petrol,-1.9595646109659834,0.004000620936500761,0.9132246793517445,0.05724109981138607,3.2908063756295403
Petrol,-1.5160152766003658,0.003088405123666347,0.9473038677607551,0.07323674864240956,3.0604310838013657
Petrol,-2.597719594530762,0.013949527484647707,0.938012220715868,0.06702821683908297,2.373218403904862
Petrol,-3.2597158516414484,0.008632059905438349,0.8987342042620686,0.051693992734258065,2.1337193286476444
Petrol,-2.3587897397168116,0.010927297190584728,0.9486407522767036,0.058728173350761845,3.1020987343070434
Petrol,-2.6465003016656357,0.01915503490238566,0.9578662138710489,0.06543816174621755,3.5365398719862964
Petrol,-2.165925310478955,0.02031416459462403,0.9533201376964239,0.04986077308327878,2.6752139560966923
Petrol,-2.628136968279991,0.006343877154744189,0.9635442382600308,0.03175367505362724,3.036896084949064
Petrol,-2.2202265328488124,0.010751619432976105,0.9320817024886014,0.0639788982801197,2.9573301457320262
Petrol,-3.936356108223225,0.005083241547083068,0.9780226447280547,0.07968643683029368,3.263055605032599
Petrol,-2.1079655115208347,0.006108530093710676,0.9447971116252187,0.07470733200919275,3.212957621281037
Petrol,-2.467525808056474,0.009065957285534904,0.9734894400246941,0.07244064307100292,3.3248358753843807
Petrol,-2.466862466958719,0.00821621757116606,0.9638602743936943,0.027961803100510395,2.552715076206729
Petrol,-3.22554568039247,0.016176148889965627,0.935586667517413,0.05808015573503251,2.937221239645236
Petrol,-1.0512305049390327,0.012209527270179182,0.912757184815093,0.07350871513193168,2.806424518197158
Petrol,-2.600463900974527,0.006637438684949783,0.9539122503727692,0.05365026275349643,2.6772614111756856
Petrol,-2.7540722602432144,0.010506430665441584,0.9031453702697987,0.02117005058992596,3.834996048049009
Petrol,-2.336089527839879,0.007375455066296103,0.9160783433692633,0.048873676701070456,3.492596045890553
Petrol,-1.1803969476750296,0.019460282124978488,0.9322612395974292,0.0400840093723142,2.264250384881664
Petrol,-2.920827533311976,0.00893578418437624,0.9426572600674771,0.09109134613158863,2.342321528761892
Petrol,-2.5225472245939486,0.001,0.9566178156097547,0.023165893186481004,3.551313154191396
Petrol,-2.6455129465076457,0.0029900786585855357,0.9079459649288408,0.030427250227806575,3.119690445371419
Petrol,-2.289243176421769,0.0075078100941336325,0.9685159408686593,0.027285142142098585,1.5364700787457155
Petrol,-2.3587231746287505,0.016450479063416918,0.9759866734731548,0.024003815187693307,2.727653406339221
Petrol,-2.1380899921297463,0.006864469460206147,0.9521076972121698,0.03567120208379436,2.4553056212693134
Petrol,-2.9481868257033788,0.014778625964756159,0.9502756552926175,0.07543763276811115,3.26021034747721
Petrol,-1.6967673842595286,0.01409034096479368,0.965186816604934,0.047590242027286365,4.504603288248325
Petrol,-2.4436508900527327,0.001,0.9553606707922793,0.030354155135251398,3.5085107608008075
Petrol,-2.1370916209095308,0.009042431750336742,0.9322421397311368,0.052928514534416084,2.6793830960714726
Petrol,-2.1060980036080816,0.012780078571290229,1.0,0.041097709226981506,2.8482871857576777
Petrol,-2.577387836968387,0.009445072328644591,0.9705415787592295,0.04447308709875735,3.9861908580717476
Petrol,-2.2088624451371492,0.007571319760059878,0.9351750863003865,0.07081744386816914,3.0142600759434055
Petrol,-2.4954699731216223,0.007007598867879406,0.9487710863815898,0.037220902983944565,3.680855728112999
Petrol,-2.141469923872301,0.009126155803496133,0.9462106383389454,0.05184348336478435,2.9972298805639337
Petrol,-2.9784680896545837,0.001,0.9340459866711793,0.047429650186699396,2.6310834011412547
Petrol,-2.090330984802215,0.00885423432049623,0.9874714715005724,0.03877011483541702,3.0703583993507784
Petrol,-2.644430878084892,0.012198890288674113,0.9713150225799408,0.06216561917854193,1.9846018652669708
Petrol,-2.250069194763566,0.004945609288594805,0.9438046164316743,0.06378658373674674,2.4401195457924802
Petrol,-1.9220259962574748,0.008233070502243837,0.9934187474583622,0.051373556515875246,3.852671371325885
Petrol,-1.9011603877332455,0.006944474589727512,0.9239661854473296,0.05227254722475092,2.7086784407389124
Petrol,-1.7101406099564969,0.008765704141636885,0.9439919208296245,0.022082030785259624,3.2096085065398845
Petrol,-3.087111140973416,0.012212184564403575,0.9616018345299601,0.035006497760512706,3.4782899655088566
Petrol,-2.6374377196456193,0.0026437815204789004,0.9809057468062738,0.031530588518513626,3.25353527063324
Petrol,-2.287102762976378,0.011945923369621725,0.9574372383186026,0.03059624726879996,3.8456748007513606
Petrol,-2.0218754248996804,0.012375283656252,0.9233404752896873,0.030432642486891332,3.3287283133445817
Petrol,-3.5018420558484085,0.011693519299701853,0.9233764640522876,0.032639364449807744,2.294466196166202
Petrol,-2.376946792108849,0.015581807259171488,0.9569603504762536,0.059156660978444936,3.0839794480774407
Petrol,-2.1586532445646807,0.01233542807125007,0.8956980361200563,0.0681261347532329,3.4005759809804506
Petrol,-2.6811564153292036,0.001,0.9548494805126881,0.05653321608272997,2.779758258719578
Petrol,-2.4066501378266545,0.015359201289851852,0.9979504343659032,0.052938073458317324,3.166956840676621
Petrol,-2.911894437592697,0.007493039770117106,0.9472791473925704,0.07355436070781196,3.409478878014029
Petrol,-1.5353233279960188,0.0025488691216989548,0.9235253005870205,0.07204165870471865,3.7244301881572444
Petrol,-2.4834359391645338,0.001,0.935129416762025,0.05670987304298781,2.5502935067111334
Petrol,-2.407436921531142,0.019492777244359882,0.9785226563919,0.06617784490740278,2.967775360580921
Petrol,-2.747334028950196,0.013788756576387371,0.9505078930500045,0.051194088787447405,2.2243921935594866
Petrol,-2.8572651911129463,0.013759302336584072,0.9279786631850282,0.05531414197204915,3.2062517974320697
Petrol,-2.264556092122991,0.012801321081788445,0.9625545210628013,0.037524138159149414,2.2661727181694133
Petrol,-2.936767706191675,0.013649605984524558,0.925983068124086,0.029187786402309863,2.476927999621163
Petrol,-3.42298722737163,0.004264978169341003,0.9700079382664734,0.03566470694568878,2.125530921722827
Petrol,-2.7558219274572915,0.012552736079468337,0.9133845447023267,0.06906620619532024,2.2795095923204607
Petrol,-2.697741819493343,0.007958674450021914,0.9387711978648894,0.04870396603036955,3.389280176988349
Petrol,-2.5204007906516046,0.006971631699533686,0.9591469736952178,0.05414527457245012,2.6652482200365872
Petrol,-2.478849288957817,0.006238287483962053,0.9326852254320611,0.0661160242829981,3.223479403284578
Petrol,-2.114810182381726,0.013175642505757555,0.9322556148189189,0.07002563860133584,2.8511964448590392
Petrol,-2.0353910883663917,0.00937441695014352,0.9562632617575864,0.05686455857894036,3.4066001926421947
Petrol,-3.3172730605044354,0.0021180114364528647,0.9634342173020435,0.05712724929986727,2.6121781759056892
Petrol,-2.3178455454916294,0.002960198949480495,1.0,0.07623142773655886,3.3111513387039366
Petrol,-2.4621848146612564,0.006906359775973515,0.9237962752130825,0.047723547450211526,2.5701196821524377
Petrol,-2.900720924326623,0.002916216801127284,0.954993261038622,0.04246012988354213,3.267535787412935
Petrol,-2.271450603172606,0.01114732315039831,1.0,0.0664741102713109,2.369716994675051
Petrol,-2.2706317760392656,0.009729906285157554,0.9231693885834706,0.021567342398467172,3.2266014586397844
Petrol,-2.1512262325607177,0.004768714003377368,0.9694033410638928,0.05569828793630567,3.5979295784712595
Petrol,-1.9551898008303785,0.009207815422985039,0.9827119946020418,0.027517678197590666,4.195147252475348
Petrol,-2.9393928402429474,0.009759986341611598,0.9386562340277447,0.04246418024240521,4.461776831256982
Petrol,-2.731360343705539,0.014255541861464608,0.9452919417742716,0.06873100859175495,2.727920240814504
Petrol,-2.3719339531704144,0.013143491502363712,0.9355637709332704,0.10515451848451184,3.340470521616899
Petrol,-2.6129854772586882,0.006513827415746538,0.9518344604725396,0.02568003978773061,3.8911476319249716
Petrol,-2.2843731137994596,0.009560069662943026,0.9709195570871342,0.03556970443828065,2.422020206784781
Petrol,-2.5650665358643687,0.010637718247347952,0.9606117241318554,0.020474441671355467,2.771841584990384
Petrol,-4.041732396584278,0.004088254145469542,0.9643052306740081,0.0692205161714947,2.42899773234349
Petrol,-2.662302274537188,0.01012803077563997,0.9715622027768421,0.0805818973303398,3.0765411276115113
Petrol,-2.6303083277911163,0.0027815319564968278,0.9521613846912211,0.09149845002980532,3.6450962749686595
Petrol,-2.4125708518705475,0.011516889043500551,0.9362296727709588,0.04285728742446955,3.0737995877921747
Petrol,-2.4246828298407785,0.0150537496645153,0.9692416586548259,0.060411335604221655,2.5004269109003556
Petrol,-2.9807076605909013,0.005560542648577072,0.9547104057841332,0.00947357890487717,2.9968624637676893
Petrol,-1.7956786417729318,0.013334130173403201,0.9429854477810843,0.036034891725004396,3.402857642388341
Petrol,-2.346972316973863,0.008767837737086297,0.9382193824218771,0.05152765979374549,2.8484816180065056
Petrol,-2.1078102150416425,0.016205845479893583,0.9226550034431457,0.025483608549423213,3.674028093824366
Petrol,-2.417090528668022,0.004341746816055794,0.9696650321332128,0.05683370199777666,4.101622880962447
Petrol,-2.6176508386327706,0.015543519985343564,0.9210233112173447,0.07792055100327144,3.472080029105577
Petrol,-1.6978262831031137,0.015552901587543678,0.9480190362824864,0.02657746871926283,2.698973549817981
Petrol,-3.38057519359906,0.00539550484408145,0.9585172269841686,0.049044942423496274,2.8882049299338894
Petrol,-2.896551457973749,0.001138004945708574,0.9536416622647449,0.05758320384937287,2.504218219976642
Petrol,-2.7667201350818598,0.017710667270447143,0.9731899590714727,0.020311508765420986,2.957681806384622
Petrol,-1.772522158813874,0.008917895013462402,0.9446211362318567,0.07185475253486152,3.493534622137608
Petrol,-2.0323483273097,0.008690076254129347,0.9632577603255009,0.07989491027910442,2.9750631507657115
Petrol,-2.7017048106568353,0.016150363195448172,0.9909087960579425,0.09230009767131644,2.812744250112525
Petrol,-2.637020124748446,0.004854188334317252,0.9523610464882959,0.028517621370849667,2.736683279146253
Petrol,-2.1494351009188053,0.011949887050696982,0.9137855738966594,0.08140584596548774,2.4565019564241317
Petrol,-2.9804669619395017,0.0038053892411777537,0.9367743332287197,0.032063872426683446,2.563783279405549
Petrol,-3.7321360258657226,0.01064963696026907,0.9546413033563111,0.0948881347578442,3.24317049883278
Petrol,-2.7482945098590728,0.0039964251076328935,0.9480744708040147,0.05897445778785119,2.7483256903404776
Petrol,-2.469491986825714,0.019486770470294103,0.9423177974592167,0.012264488904150224,3.4367433936957172
Petrol,-2.342839277092473,0.0014550399437104334,0.9585528735455259,0.03004272901724507,3.220661201182203
Petrol,-1.5463682453978542,0.009115153328283894,0.9716654239807296,0.02543025364295246,2.2402904268311596
Petrol,-1.4913147638021644,0.011539075067781686,0.9627333988232267,0.07304044605690754,2.736092595101021
Petrol,-2.0874418201186664,0.013367720811544087,0.9241039035843527,0.08025970622825374,3.6534302579897666
Petrol,-3.1418586195188642,0.011001432207308974,0.9453784052617411,0.07836614939851876,2.2946939969406945
Petrol,-0.6987924878947354,0.009127579153140627,0.9647689033236237,0.07774996664005607,2.902000328414928
Petrol,-2.5574709427976394,0.007485845530906861,0.9322906874773776,0.05543718295585442,2.932366659912523
Petrol,-2.754687099162748,0.007745180259831491,0.9615246690778628,0.034048729412989115,2.876517615803885
Petrol,-2.0506663041054467,0.011236127350346497,0.9290088146728278,0.049522578625060605,3.218510810571485
Petrol,-2.0053639043818787,0.006223106666275497,0.9388294055459773,0.036096800225596075,2.6772399003041056
Petrol,-2.2974976421514426,0.012972445649418246,0.9710180698576616,0.04817650181848463,2.2973385226102625
Petrol,-2.1652649177712684,0.010795718392037919,0.95119938958632,0.02433193023377556,2.9020820681973296
Petrol,-3.0968273930628594,0.012409824942228797,0.9414021194259231,0.03960931207270884,2.231422258455484
Petrol,-1.986452065157979,0.008707176843853222,0.9517396154067551,0.03529019818614891,2.174712470016673
Petrol,-2.765812794088627,0.008142293311136433,0.9558552004182969,0.04289935178221736,2.6408255701513603
Petrol,-3.251669698571167,0.010242267477113742,0.9340687961245826,0.07641613067531397,3.075073330669051
Petrol,-2.2189485799835045,0.00875605666855414,0.9540256057953582,0.03218569368459494,2.410890587165197
Petrol,-2.492434461325722,0.01285195827600538,0.9110837645987684,0.040017930183919186,3.9210610539441957
Petrol,-2.2603862241650226,0.01768823016845249,0.9373191009642282,0.0408418847001112,3.483366660172254
Petrol,-2.188239822310837,0.009528077119701574,0.9247496838146299,0.07313703924453821,4.255114073763856
Petrol,-3.2859330941483766,0.017018095748747193,0.9406339771468525,0.04333062697923701,3.134819743769167
Petrol,-3.102761639569999,0.009814307775278074,0.9177749274439566,0.0595216497955641,4.116861018981584
Petrol,-2.819765744581831,0.009156283308541442,0.947610436478545,0.06972937187982005,3.2027861845259005
Petrol,-2.0398269948240357,0.007468823323988136,0.9586713800963959,0.001,3.3337312859945145
Petrol,-3.1088963543976313,0.008362030592500373,0.9649050221728841,0.019278203347601847,3.544716399111013
Petrol,-2.562152405644362,0.017265577431436193,0.9319431168192842,0.013744245513061035,2.985526642330981
Petrol,-2.206461966076379,0.013354684694051107,0.9272902372814552,0.01750733859760178,2.8438380130492176
Petrol,-2.241778004762205,0.012328933910531602,0.9814425267294429,0.04253089597165166,2.0775517808876556
Petrol,-1.9016667808578824,0.010975976570553771,0.9556437582100181,0.06534180784213169,3.631821795184331
Petrol,-2.5115099920751014,0.015882758166640348,0.9610427252828356,0.036888352173840025,2.8833807639157443
Petrol,-2.191627988300747,0.0064558761787805235,0.967729182042729,0.05316367001694414,3.190809119549909
Petrol,-1.7797473382249238,0.01178283438788099,0.9514282370783063,0.04834823073783754,2.932671520109629
Petrol,-2.3438503178981964,0.016816614920582073,0.9377644747933166,0.03625085722658074,3.6425199475990144
Petrol,-2.7830734699292767,0.011080474331763521,0.9381640507036827,0.016410310832870822,3.099112596645981
Petrol,-1.9424160529869745,0.009689725741036376,0.9203668287348754,0.05218141166100831,2.622024305677304
Petrol,-3.809752541622881,0.009595581391382299,0.9603536838777607,0.07355410956263833,3.8784273699810705
Petrol,-2.174532161306745,0.01466783704302797,0.9243086909984386,0.08243651603092508,3.6336800907857754
Petrol,-2.6835577424832615,0.013408300626439216,0.9616213636689721,0.07940427021100788,2.924446113920058
Petrol,-2.873116318850006,0.007550008151693282,0.9679359196672773,0.011602591797153325,1.5014632803782488
Petrol,-2.0528754965160108,0.011374027320776497,0.9503692667260635,0.02388906744023088,2.145055117702356
Petrol,-2.817264541749093,0.011808475496848408,0.9382848857446558,0.06800200400484045,2.522970328989854
Petrol,-2.759672536579792,0.013516005273421847,0.9424616996703087,0.04345300079354808,2.678255773175594
Petrol,-2.914470370401424,0.01177088676948105,0.9596741258928925,0.054542968751025656,2.6919081972232797
Petrol,-2.6007459499566865,0.017979673917105882,0.9215783324580086,0.08771782560857279,3.0498599230587735
Petrol,-2.590063194988252,0.014766891694008386,0.9086546786188326,0.07760639149159503,3.9288629144741907
Petrol,-1.9560135662704503,0.001,0.9652833559560096,0.08291997116037367,3.7713743938678777
Petrol,-3.2040446236131968,0.01508178415801503,0.9859114080555829,0.050589314372920385,2.27364938860514
Petrol,-2.085673703637533,0.015269289843258751,0.9472158367134819,0.026185530882723514,3.490936042018082
Petrol,-2.884404432810879,0.011986733632694355,0.9811633271002589,0.016824038060959615,3.4538819989846266
Petrol,-2.6032910151599005,0.009096733580077124,0.9602863286906564,0.034572319371716856,2.4124904315356783
Petrol,-3.392097386015339,0.016158813547096074,0.9425665562978207,0.06139880824714732,2.7574839625591725
Petrol,-3.080880251687478,0.013261563049695698,0.9565592514744964,0.04526201692025148,3.150948031720734
Petrol,-2.9802422781220015,0.015302998872776558,0.9758478927706894,0.06518609142673841,2.814007120453165
Petrol,-2.4703266026582953,0.017844182240673814,0.9756233243522235,0.0898773818101745,2.609740573343413
Petrol,-2.9351061419935665,0.010671851437910546,0.958137915145926,0.047154216698808746,2.805157786082297
Petrol,-1.8663024085854354,0.0095463395472643,0.9256957716416335,0.028006218261289507,3.1235321625667507
Petrol,-0.9986737575441564,0.005120281281274106,0.9437025186265388,0.0980960955053208,2.7578596350807656
Petrol,-2.2722695793642975,0.019379553612956155,0.9309704263819235,0.043814795559568784,2.7578170331827296
Petrol,-3.258947681483596,0.017846829728443134,0.9382919132306027,0.03247508648356216,2.777783055964789
Petrol,-2.035584297422947,0.010564467685039405,0.9341666738913926,0.05818299689830105,3.4062973488742863
Petrol,-2.5118822939513783,0.008826195355671702,0.9703175187676444,0.046416295069731175,3.8040957531450115
Petrol,-2.878817436045156,0.00609543267119604,0.931924064398313,0.045223070866200345,3.001252030683159
Petrol,-3.162817954786407,0.010483786339570929,0.961307083745719,0.020690168904139414,2.739414286809557
Petrol,-2.21625713571551,0.004552903670620397,0.9436804295617307,0.07176367137867595,3.897591381563009
Petrol,-2.280042394375436,0.009153733570861931,0.9399720395872854,0.06821508197543096,3.5667031995578347
Petrol,-3.0782178985588238,0.014552134079719661,0.9378590739654755,0.032808884520955144,2.923177898224786
Petrol,-2.004193378718818,0.011547026624198362,0.9556466332958163,0.05704883307999362,3.2338290093451807
Petrol,-2.5570756087632325,0.01315944382695993,0.9368063560804992,0.06302015301891058,3.4284926739169945
Petrol,-2.1504317027165105,0.013755144158470492,0.9592973128046028,0.07346885830685228,1.864193108010669
Petrol,-2.0731270212174193,0.01987728763578938,0.9375620905008228,0.03532540283274993,3.6431595064869016
Petrol,-2.963369669739641,0.006666378437122738,0.9533989703939559,0.03402097579693879,3.4375122509967797
Petrol,-2.89540106112859,0.011803166738533403,0.95568964925993,0.08327776144816941,3.582650933147864
Petrol,-2.7647637707268267,0.0036775379676387723,0.9667593768395487,0.03693218330493347,2.832161631048124
Petrol,-3.029913845031818,0.013395059653934165,0.9370701376712498,0.04929916623394423,2.990248467053767
Petrol,-2.4082196900430444,0.01330819250859824,0.9451435925621156,0.03517144836226915,2.070227683122277
Petrol,-2.448685185316165,0.009215004796909858,0.93579054339758,0.051251049243050725,3.427991336307443
Petrol,-1.9440559575264102,0.0023243129078780434,0.9427827739796932,0.06922050424796855,3.798020517261512
Petrol,-2.908631826579209,0.016891614646162886,0.9229980743553076,0.07296569126239891,2.859121833897329
Petrol,-1.7185883671781248,0.007679843918723532,0.9438021854647932,0.047332147415923044,2.2314749226385535
Petrol,-3.38123633537933,0.012550770965203559,0.9697692469470671,0.06215155005682207,2.3730121929107386
Petrol,-2.259905627463979,0.005048980131481479,0.9581530541644733,0.07262598290404876,3.1837334266675095
Petrol,-1.765733048879034,0.009250062643236275,0.9456670135739127,0.05134702595561562,2.328679458100629
Petrol,-2.701475537808559,0.008424334151299676,0.9443200011342623,0.05536582334326825,2.2598354400883545
Petrol,-3.0728069919302503,0.015660347983192355,0.9098550355187238,0.06232742137745688,2.8132201596011583
Petrol,-2.419938759168274,0.017790493926669697,0.9473763442826935,0.06250776011011538,3.029283483840958
Petrol,-2.5546880848766524,0.008834123510798186,0.9640211669701245,0.03536796267757318,2.433988405724368
Petrol,-2.4627625132844564,0.010963920017942476,0.9135168366920208,0.04979025142778673,2.3865615393927446
Petrol,-2.1865784462760898,0.001,0.9885015165972617,0.04323603166728345,2.5675190257563436
Petrol,-2.6414862301840967,0.012781354293169457,0.9678094017846987,0.04451377379950326,2.280654792593905
Petrol,-3.1061485668110906,0.011431938493703726,0.969746542590209,0.07234950503168237,3.084046287705391
Petrol,-2.016350216909289,0.019561746087960005,0.9738069542547257,0.06844075802808744,2.596721408453858
Petrol,-2.0186901897859983,0.012306162389443737,0.9630129125673427,0.07522212557889023,3.1792789241840955
Petrol,-2.5512731653307315,0.0046506709616954,0.9440696736470935,0.054257045343253686,3.1388096700912644
Petrol,-2.378061850664838,0.014797549298805219,0.9673072940043423,0.04875823517086806,2.576368946272026
Petrol,-2.308321031611214,0.021231687738077275,0.9564248555055809,0.044081520952535605,3.26791807623358
Petrol,-2.2021318706193633,0.01292325300202888,0.977457603900914,0.05772185913906941,3.662706117705174
Petrol,-2.384882943131245,0.017562491337544367,0.9741347039147921,0.06843598823105801,3.39459286788145
Petrol,-1.349241161464791,0.01538308794333216,0.9330136599075097,0.05491801102936642,2.867641615886369
Petrol,-1.4677618416010247,0.016257187797977288,0.9906390204924217,0.03480010943530435,3.5508373392749815
Petrol,-3.182264491518016,0.0020393383293100865,0.942060877350518,0.0802475027499141,2.503692479523044
Petrol,-2.5084059234116216,0.015944214341029432,0.966928263223186,0.09432373157425719,3.0016859961049303
Petrol,-2.7208147723153338,0.0045275945946051145,0.9426400011976519,0.027928020816281925,2.101777360045193
Petrol,-1.518303709328956,0.010244533996376962,1.0,0.03321423126655033,2.785595695647995
Petrol,-2.8876845058785525,0.006796219675036178,0.9674720748841888,0.061326479325287495,3.437704712708881
Petrol,-1.8288642039240297,0.015536775220837417,0.9298302051111602,0.03952362872661947,3.060741405035819
Petrol,-0.6360833276184064,0.013862000710656876,0.9521337761681358,0.06346549443491503,2.6984429727945725
Petrol,-2.3687872444988476,0.014773310924050364,0.9494200863091732,0.034868934919056245,2.961062973660154
Petrol,-2.659788304298092,0.0032143629016455144,0.9385689567961478,0.022143744273391112,2.3816025547519875
Petrol,-3.070472243933235,0.01476725649112931,0.9797833012671899,0.019278406459235457,3.790091833137245
Petrol,-3.063297086480273,0.013734400469861791,0.955171171415326,0.06271703089425708,2.417128473594519
Petrol,-3.406178641336053,0.005985457949337143,0.958537372999213,0.0891380835097172,2.4851382011569605
Petrol,-2.5494187433241553,0.006254604007451906,0.9496554763444731,0.011384292779406764,3.749021667694951
Petrol,-2.487981960856847,0.014585828319930425,0.9453559595326178,0.05381256152253887,3.5644362463233734
Petrol,-2.4341415884528876,0.010838531620577276,0.9341211791474899,0.039311528766418004,2.4935921810795323
Petrol,-2.8690087942398326,0.016256145552320838,0.9861721862001427,0.025054502307412182,3.1975858925183878
Petrol,-2.658845695100222,0.016984842833578814,0.9526972043635583,0.04985048590518264,2.627615343920132
Petrol,-3.265890019546207,0.01380469241374744,0.9570595714950288,0.05754888281040859,2.700336448670701
Petrol,-2.572884222755019,0.013955354930567918,0.9696422525946222,0.026430567681629397,2.6833259647493013
Petrol,-3.1949417110360714,0.011006322062966827,0.9676867662420645,0.04442568965901163,2.668571684500143
Petrol,-2.667650926902646,0.021531566574882435,0.973838561998471,0.06461994345459322,3.160033947791336
Petrol,-2.506370732309524,0.005466839179523104,0.9287661915138393,0.038641786469735775,2.523110060098983
Petrol,-2.8039064810099226,0.009490521869402113,0.9494939682287408,0.03759237449231052,3.2476047773201024
Petrol,-2.5945031860741916,0.011073493155890901,0.9351081923013285,0.06385745109020015,2.732576949874208
Petrol,-1.695722881630672,0.008875043229544164,0.9481063187701094,0.06187176972684455,3.405925096727493
Petrol,-2.040203159904334,0.018877940165069853,0.9632377104680806,0.04866027022310569,2.7351770422990915
Petrol,-2.566914141599839,0.01742008245214442,0.9222606739395526,0.03361983767081812,2.890506628233219
Petrol,-2.91615773477337,0.007956140075789259,0.9861246907669302,0.044038139207400816,3.2058242825814722
Petrol,-3.3290984249978677,0.004487813653407683,0.96865367219244,0.08336056877089779,3.110705298644262
Petrol,-2.653008129694833,0.012480808154444047,0.898051309675625,0.054582426870360856,2.4769446999462494
Petrol,-2.102953508887979,0.001,0.9374324804818144,0.0491804832378401,2.619104408522023
Petrol,-2.687742200094071,0.014522171753382539,0.9495100797096548,0.03138838390070851,3.470200033003896
Petrol,-2.3745095654644186,0.011462437397924984,0.9321497794954379,0.001,2.5469343833218137
Petrol,-3.0039342890177414,0.006933515214096391,0.9331628866801539,0.05225397018093932,3.4404387355228514
Petrol,-1.9619192863235604,0.014186059291818142,0.9320475004837658,0.05117801586639678,3.782582924085026
Petrol,-3.292367166486455,0.016741150222125654,0.9300779332722063,0.05587530575168166,3.2063925584845143
Petrol,-2.4050434817152646,0.021142364471012892,0.9439833619905741,0.017210242501527168,3.178223533763423
Petrol,-2.5850199923622297,0.012774006041095862,0.9676419048374746,0.049326206565910746,3.2181552153211492
Petrol,-2.427881033881485,0.01895943722037356,0.9425887649426467,0.03625859603980274,3.440365451555614
Petrol,-2.964589907671358,0.01196078902791273,0.9466082169266169,0.04797358630916134,4.2186523120050845
Petrol,-1.882956627538883,0.01510789766659716,0.9606114128095394,0.0361697175711965,3.1307408433688604
Petrol,-2.208337849585665,0.010994927150696844,0.9518950065468792,0.0420510140242119,3.1367293248406414
Petrol,-2.7627856757267635,0.013517115897836302,0.9096845759768473,0.07717487132899885,2.3441670490660553
Petrol,-3.0336275120347787,0.012044270928108397,0.9607988366070932,0.09156555952808738,3.148142264654563
Petrol,-2.520227382996417,0.010956496892714121,0.9818097552257555,0.0984879998132876,2.907599850545507
Petrol,-2.228613791913944,0.009628054077522367,0.9481146731749226,0.08758101247729536,2.537134138068255
Petrol,-3.667140604441664,0.011587221795232767,0.9740201305752414,0.05439793252502062,3.251101775604006
Petrol,-2.1238033094365534,0.010554555367048028,0.9611261524689665,0.0607922379730732,2.0206977013802563
Petrol,-2.4430665531351043,0.0021360858352025116,0.9492365698978515,0.04009438102321132,3.517005627183914
Petrol,-2.377793620395001,0.012365964230441145,0.946170985640755,0.07104362525212726,2.2013373297386334
Petrol,-2.94775122606067,0.016431535608044015,0.9412870300173563,0.007083359896582293,3.7263206383069427
Petrol,-1.961531964320101,0.013554847033053664,0.951888120139034,0.08321494036317394,3.6293092145312507
Petrol,-1.726071965603995,0.013477502402236153,0.9524559170250216,0.04201670257970402,2.365538078767064
Petrol,-2.248977192266828,0.012926786673978022,0.9430043733618535,0.062273620562332675,2.833911084200428
Petrol,-2.0662861543265194,0.005589463534286406,0.9288977692998259,0.045188425455627054,3.4143926977511434
Petrol,-3.0793927323295116,0.015248435095045977,0.9171482373122957,0.04506508248811419,2.2934619364486797
Petrol,-3.8049496820916158,0.01183225902387627,0.9464437778273777,0.022058021343390227,2.74169307100761
Petrol,-2.279087386535343,0.008159251665054153,0.946026377688632,0.042030868593538995,2.70884893428502
Petrol,-2.797668637371539,0.006876513168521323,0.9349371424785384,0.02965410804618395,2.8101438411410853
Petrol,-2.8199639261640086,0.004641506847421534,0.965320293107139,0.07465271943833432,2.9999486126983
Petrol,-2.4667635060345803,0.0065371801706520126,0.9713406271358199,0.0847636223015268,2.9181030854871692
Petrol,-2.760723264196261,0.011707376329774227,0.9525786208807677,0.03999689049085421,3.2355979165161752
Petrol,-2.0309211963050515,0.006070907993376102,1.0,0.019341156858043444,2.5741546368295496
Petrol,-2.3830159848488184,0.021234365591882746,0.9387481861663874,0.028685073748088267,3.274620739214373
Petrol,-2.6242972038590353,0.013326278474772158,0.9485843890019916,0.03285666915740089,4.174437985207115
Petrol,-3.9771952995403597,0.01910119375174886,0.9686652380846785,0.03508821416945571,3.9362100524168824
Petrol,-3.1857095996221303,0.015040554810037623,0.9083470977390578,0.027082436140592497,2.425819087176061
Petrol,-2.8753283302143995,0.01005790557689329,0.9334804727178369,0.00927178096604423,3.2317253843503395
Petrol,-2.4755245385362605,0.0120446367044909,0.9534383581853195,0.06908470563970331,2.9622588234194485
Petrol,-1.993739682594845,0.006121516759493861,0.9356265924132229,0.07752078790796386,3.6778343291136446
Petrol,-2.2131289286095837,0.005554460435700962,0.9306073512940848,0.07656127924722542,3.6363324637890795
Petrol,-2.5317896788350627,0.021709424634849265,0.9591780014389227,0.02785601251937761,2.8621844501660543
Petrol,-2.497264710997313,0.010431993183745568,0.9750000643570341,0.030874221746712817,2.3342438504438916
Petrol,-2.1988381584974523,0.007465077455370731,0.9984701224693364,0.06886440762951267,2.7373017738298797
Petrol,-1.893573130607897,0.013652053975415029,0.9626739429492656,0.04755512136823015,3.2102254258192326
Petrol,-3.551478950296332,0.016585447021110256,0.8812787522066395,0.041157538119481696,2.202144723402983
Petrol,-2.7504255706157617,0.009629413637939474,0.9260641293216757,0.001,3.103532862070529
Petrol,-1.4567801089860521,0.008243599165749967,0.969186619124516,0.08008769675113772,2.049981037727101
Petrol,-2.7286375757391603,0.0036180719415559925,0.9338744592404367,0.08404023402293259,3.111839743212096
Petrol,-2.105588199477413,0.009780504470181074,0.925788947085289,0.06356231394437412,3.626287685721411
Petrol,-2.3413128919156714,0.012445621808799674,0.9253039722726643,0.06413727266298452,3.6730069114631743
Petrol,-2.2977072628642734,0.0010160837706155368,0.9827125900155056,0.031103522127124722,3.1938934134449557
Petrol,-2.023511865719541,0.015398091610254972,0.9139988637644031,0.05234434512145876,3.0255108054413045
Petrol,-1.7804859061367444,0.012293617712053149,0.9789623532208992,0.06079835199770307,2.962916897719391
Petrol,-2.40307028923092,0.017617984585512312,0.924061363289975,0.06811909020241065,2.6861920043896066
Petrol,-2.9212395421243516,0.015117131833080867,0.9323382548997801,0.0575414943385065,2.7555292889201177
Petrol,-3.678468347948237,0.012388579900521744,0.9525264254591358,0.011798389711703645,2.650705229230569
Petrol,-3.4034960583561524,0.013658449436482065,0.9777598640542019,0.06698981210092372,3.4945650784000457
Petrol,-2.758915202833407,0.012734640055551872,0.9498186273971567,0.053706290321776394,3.478715730227261
Petrol,-1.912256289676382,0.008051218051807422,0.921847103772899,0.046251909306142876,2.890363357343058
Petrol,-2.357701059992922,0.014164979592320616,0.9117083606903188,0.036581728976170486,2.5180559053412797
Petrol,-1.8745531056541047,0.008958145533238064,0.9397423286087642,0.06076603384893156,2.703496824541989
Petrol,-2.5075973883984246,0.019070356000560132,0.9857258064777328,0.04185231353874362,2.9088190989202114
Petrol,-2.8095142503654027,0.001,0.9707237869019343,0.0984268423334353,2.7782752811746136
Petrol,-2.908396863644636,0.008635766018299967,0.9517009209565717,0.027289397795862397,2.7707607695079344
Petrol,-1.9925513730309907,0.010636903172336358,0.9754077205625795,0.05729535705723004,2.4555413656135405
Petrol,-2.7880069883598795,0.011242060317772407,0.9275482144807778,0.02495360534178787,2.4038997233171373
Petrol,-2.242097806093092,0.008168799922887311,0.9736488326218589,0.03207159234106727,1.7712998660230759
Petrol,-2.5653525594016076,0.0182377751519691,0.950691388338972,0.022558135137342613,2.187861701896627
Petrol,-1.9010490430382547,0.005962816142790443,0.9808359065531306,0.06308186897702568,2.6152156427976574
Petrol,-1.9164315778441794,0.005380514233683655,0.9210532577511,0.03266509213311109,3.3843683257951094
Petrol,-1.9310165054993318,0.008019863685660444,0.9126337737772171,0.01886467077743888,2.4661772140703184
Petrol,-3.146998439625062,0.01132715188032283,0.988762316894489,0.06591553148051175,2.4358845775046305
Petrol,-2.8471878828332775,0.007503546603505965,0.9577842833398617,0.0814250947170402,2.766299810274573
Petrol,-1.7306113544659056,0.020519554792111143,0.9430018626742255,0.04248710757877385,2.819690316304442
Petrol,-2.468755007156057,0.00820910451609087,0.9676835492277861,0.019023374392144365,2.732688952351944
Petrol,-2.3354126634638823,0.014350422535802558,0.9939057012736148,0.02421949544738118,2.673978792906372
Petrol,-3.6332032866136688,0.004450654963235679,0.9146214940613191,0.03957405209871343,2.8858172036791845
Petrol,-2.265272880081219,0.008507002348400391,0.959398741608243,0.05228148334187886,2.4833383971249083
Petrol,-3.343136852920439,0.012918409999480329,0.9829300597002901,0.10070770023364033,3.4677273506173103
Petrol,-1.771242394027969,0.012307298520194675,0.9560401877118042,0.05222002047583056,2.947095177989568
Petrol,-2.1964617222854326,0.007397014593176382,0.9470511509682561,0.02644067434071223,3.2374633345324546
Petrol,-2.979548770573251,0.010168724952401063,0.9600098218728476,0.06171782862739627,3.3857542689077174
Petrol,-2.606645762574028,0.012430318896948438,0.9402674947377558,0.010582525739795538,3.26515463687078
Petrol,-2.3507559465679293,0.01506661751449568,0.9494942257425679,0.017936732685651772,2.9541846078178886
Petrol,-2.056709717630136,0.012380174043982136,0.9470651085421032,0.016728815441736343,2.486991522548039
Petrol,-2.261380569074316,0.0016742142396286041,0.9436351017048632,0.05076844357952844,3.5749685779200306
Petrol,-2.1927547244347294,0.01481405616411982,0.9560370664806521,0.03309178035577016,2.6931697660457266
Petrol,-2.9663298196206394,0.012953904209631027,0.9361215556215488,0.04211999373943034,3.0112456190934243
Petrol,-1.6793437767093602,0.013285669539716154,0.9345429315079777,0.05303695314465787,3.8256558802479192
Petrol,-2.1924103357855294,0.0020087382025046974,0.9316952114272447,0.030161289949937598,3.720364912679984
Petrol,-1.8718593820681722,0.006874815111071925,0.9370683956038534,0.05089383565324568,3.03733452304673
Petrol,-2.9811629646614985,0.008754346625507285,0.9209279346029358,0.07544641409822073,2.11983474358416
Petrol,-3.3857197109463737,0.012175197272559652,0.9252624752433188,0.0399807008373092,3.0315864305513083
Petrol,-2.1623495850665817,0.008894589410255628,0.9855834359455958,0.049991220226801816,3.5953973541293713
Petrol,-2.360722109816753,0.020656048790036657,0.9711672700784837,0.05086939550945227,3.3144153584537404
Petrol,-2.6304079277654657,0.008645500808224411,0.9239317834392883,0.033834767950657436,4.0304856925778605
Petrol,-3.10201568563929,0.006722536436081807,0.9481256264608179,0.048791814104948594,3.1918629098654803
Petrol,-2.7345603540570314,0.012226881834981688,0.9728477088229345,0.07533264687963001,2.86624409968158
Petrol,-2.1943282855485178,0.004269331889294057,0.9355656790945533,0.026525332026189157,2.9771276556201745
Petrol,-2.929609638179972,0.0023965322059760273,0.942279895548377,0.01542832448438096,3.663596551823071
Petrol,-2.7787615306216367,0.014926580368190645,0.9401586501993006,0.02610124348098799,3.5877619856779597
Petrol,-2.4556482084461306,0.019434546429561484,0.9406695414753357,0.04110139400867135,3.5023954211095547
Petrol,-1.9941236747504774,0.010767151932573259,1.0,0.04438878415359298,2.365268381515491
Petrol,-3.0012775202903574,0.008626302553203867,0.980375500109833,0.046273122757066396,3.7830260491830687
Petrol,-2.2827874423109376,0.015416846481802582,0.957743372532536,0.057584960132438745,3.3763553005530373
Petrol,-2.783354241042873,0.007221432277262562,0.9569909397232919,0.08882222951012045,2.22962338736651
Petrol,-3.5145928097200136,0.008681280818856937,0.9706169416098749,0.05102752171360363,2.4153350765924775
Petrol,-2.460453251566806,0.0013351339355842052,0.9625783412174834,0.04381783967093817,2.958983750227285
Petrol,-2.2864072647444287,0.011028444586880546,0.9391748085253777,0.07067225675292943,3.398466282319527
Petrol,-3.3871420961121324,0.008848786642637007,0.9283942641260744,0.024638838016091555,3.2675668117558097
Petrol,-2.70963064033262,0.00928614175526795,0.9366063013244588,0.05740350905639656,3.339173442659516
Petrol,-1.4148725685118375,0.009095128677509242,0.9210316505044898,0.039922126191369645,3.4235299606908285
Petrol,-2.8863225950651543,0.0025893620027250975,0.9349636462742386,0.03933268164501372,2.4586652260176716
Petrol,-2.391261742941781,0.009604888593966401,0.9657941048163758,0.04108280330148822,3.2790323842842506
Petrol,-2.746135397011833,0.004351938190956321,0.9391396172950813,0.017634656218994054,3.8941078199914894
Petrol,-2.428750126106999,0.006022965548347685,0.9424471167543588,0.001,3.7171766125359085
Petrol,-1.8317259778928832,0.010537709520800484,0.9563892459212681,0.024646464461486793,2.4025150523697416
Petrol,-3.348648074593866,0.009194659571132045,0.9712207080973186,0.0423357074259531,3.1738479150888086
Petrol,-2.010583052553217,0.0018794966101098088,0.9869113085075855,0.07314640774862535,3.256946358880213
Petrol,-2.037952734731964,0.01485538151637535,0.9558527977317962,0.07856555905785138,2.773669825691273
Petrol,-2.269094397402301,0.016608214006250302,0.8961760048788158,0.058759266919483154,3.3623024892216775
Petrol,-3.354220682942221,0.011409100430082919,0.9341258803928072,0.057936125631824736,2.9525003517946247
Petrol,-2.9731640845851466,0.015548318318007254,0.9416326995202099,0.055399275880431656,3.6570238117420493
Petrol,-2.9583472471915906,0.010040246239864136,0.9400934570991332,0.04455640710924552,4.078042603953229
Petrol,-2.27161205796486,0.011567963383111031,0.9604817466786292,0.058605192551649324,2.0870932305074086
Petrol,-1.3516195897388963,0.002678152374306777,0.9846518853205256,0.062360307300445034,3.090389509067236
Petrol,-2.652742488038321,0.02302580275546649,0.9620897912034885,0.05035376129836799,2.73236864774483
Petrol,-2.8275741343735428,0.010253054235861073,0.9313879393667751,0.06359302095889492,2.6771788163818315
Petrol,-1.9975222427770878,0.014912936906556434,0.9488912864175161,0.06160604459709954,3.315181954763399
Petrol,-3.2311658045724,0.01865846494326812,0.9448851257142569,0.06391147026831401,3.361811755526412
Petrol,-3.7447685457677045,0.006715354026252653,0.9668073764085211,0.05124504918870406,3.344484668169035
Petrol,-2.453816719277408,0.016146908969015727,0.9522806777688881,0.07848178193560953,2.509985711393978
Petrol,-2.5638200347394724,0.00703300215708981,0.9577727212812452,0.04442664110234847,2.8852429064531817
Petrol,-2.8523831816251235,0.007696322415357281,0.9497944587216665,0.009573096976336555,1.8491180719844116
Petrol,-2.4704270288462586,0.001,0.9461371544638385,0.04245672477617572,3.271018934930437
Petrol,-2.8360091895259645,0.01784757384645983,0.9669632574646086,0.01975411936696972,2.8578268212628286
Petrol,-1.7364074279080626,0.00651184047300233,0.9489421534994917,0.07808255151709555,2.729702191968611
Petrol,-1.9385100299585538,0.005450001986931905,0.8922477229970776,0.07457058632881254,3.219367520028738
Petrol,-2.247717862332767,0.004535186043473628,0.9297329476700626,0.0730087303947228,3.1216036537021314
Petrol,-2.55872802866888,0.011104633310570823,0.980170110600246,0.0644737645410514,2.762677401307421
Petrol,-3.201743930560026,0.012940268809138926,0.9315206397873154,0.02635246124762469,3.657874593437034
Petrol,-2.0637971266209267,0.01192842963340249,0.9252320587812549,0.08578532121534165,3.5144341573579245
Petrol,-2.651892800531197,0.007423599709195672,0.9515697948261786,0.04043162666922698,4.105926978392554
Petrol,-2.692764187352432,0.004660585642298867,0.9817683171666615,0.03861876333425787,3.3932150540583645
Petrol,-2.1623061969569646,0.00970718974727473,0.930540064709546,0.049036341460432196,2.4150694468338907
Petrol,-2.5118588812684517,0.01386390733229829,0.9843556013238399,0.028243017681114233,2.874770698002036
Petrol,-2.7624055421126403,0.01136869688753744,0.9195638324737836,0.03142674645750067,2.1539917209656823
Petrol,-3.219152270332552,0.006697811030439572,0.9834176522565177,0.05695200953865267,3.032497936799903
Petrol,-1.8265569979857577,0.011917989405917095,0.9595515222279402,0.04053951069640398,2.681335822195459
Petrol,-3.1555634748657093,0.006994552169793041,0.9443895317180189,0.056894378950338415,2.9816207924776483
Petrol,-2.6825347329338443,0.005441616240516253,0.9579825361591041,0.04004467825932319,3.1768982539959945
Petrol,-3.456636054796768,0.01168210581484947,0.9649381380559248,0.06239061718727496,2.9016397873246524
Petrol,-2.0423408422878113,0.003635205585220763,0.9482158786958693,0.046132083976786024,3.5181998445205434
Petrol,-3.5102465852622737,0.0047093514103635015,0.9849450161726103,0.0013886775231007516,3.40721198584375
Petrol,-2.850163581513571,0.0112735130182305,0.978275648077187,0.05586413742157661,3.7172666883805086
Petrol,-2.7461745903934007,0.00819911872078546,0.9657368449769544,0.04121139079435337,3.2986731905190014
Petrol,-1.9080978917111584,0.014341684471436945,0.9184217686910683,0.04317238445900957,3.140916242027411
Petrol,-2.621946769814696,0.010396830066957666,0.9559014148853852,0.03946863758564861,2.903280559772068
Petrol,-3.0905173640034276,0.007610791065463392,0.9194664279446837,0.05232993391385383,2.903388897820725
Petrol,-2.9578976060243147,0.018926299044144234,0.9450917703390631,0.0557310588815924,2.680683417577269
Petrol,-2.70717401036865,0.01162206735424268,0.9433549790038622,0.05006606713776536,3.4034123076767324
Petrol,-2.759013089759426,0.003339194083810567,0.9194747142064317,0.07876878072773727,3.4655733502877846
Petrol,-2.17210016640613,0.007819735970639938,0.9233383997802432,0.04435396773007705,2.9533228143569774
Petrol,-3.0657758333736393,0.0026517184347569,0.9153937478719213,0.06314786375087689,2.397320842398493
Petrol,-2.345294839642031,0.008011000732963758,0.9617927581755227,0.05671649023938034,2.884031291054357
Petrol,-2.434773287395392,0.009448319458116439,0.9376930569873385,0.06960165570915726,2.788463123379001
Petrol,-2.5434250731257397,0.002924374501712469,0.9554808920768962,0.03778836805709078,2.761575670421049
Petrol,-2.919780430442221,0.009380017760558258,0.9098705476992601,0.06364714025826519,2.980667612660386
Petrol,-2.7336428006011038,0.0022588466710454116,0.9586613337295994,0.03731344879409849,3.6530434351241574
Petrol,-2.256840518835109,0.01767327844343562,0.9527394008157714,0.07155645522324311,3.2313855226491084
Petrol,-2.725490706101898,0.010936050092420673,0.9333202746708212,0.09137558865948743,2.9495674451472933
Petrol,-2.4868948542406746,0.011949929308167594,0.9282610935136654,0.0764274221133315,2.4873352246159746
Petrol,-3.125735281180697,0.00916737993648487,0.9244140500442083,0.08123881072382753,2.8846483651584722
Petrol,-4.110583748920215,0.01099974259062521,0.9610701197370808,0.041571355032195646,2.322053487119396
Petrol,-2.551653508333249,0.007591472663865778,0.9304885616028192,0.028723498598104993,3.0781178744686923
Petrol,-2.048489099805172,0.012307719189985486,0.9154400428282323,0.06230956009111965,3.3862370060135243
Petrol,-1.8031516245761168,0.005250561219540526,0.9488679472127074,0.06135048500607664,2.7362231509301944
Petrol,-2.224045074826686,0.009879868368910461,0.933070903666889,0.034775155226189076,3.624644678137428
Petrol,-2.998209331198336,0.004159998579151931,0.9568875772946361,0.049388544313150116,2.3441893112866308
Petrol,-2.759710087044762,0.005916092608697234,0.9371666490750619,0.10049940793613293,2.8487100476629856
Petrol,-2.940625472086074,0.02010893745399825,0.9677650959638479,0.06449651121170819,2.583452852849317
Petrol,-1.904258321156747,0.014081372941164193,0.9529417916367603,0.015673937542555062,2.990039998761086
Petrol,-1.6350346429173106,0.011101914098710204,0.9424706694583627,0.04543085313822662,2.9203738465930917
Petrol,-2.899807106888469,0.009793775853185924,0.9788546905909109,0.07658909757821958,2.622832044837968
Petrol,-1.862051307724653,0.013805706563263753,0.9626667707522332,0.05863823763280268,2.534811810610272
Petrol,-2.702789092478558,0.014164592015606629,0.925862593122501,0.02918449789208248,3.153098712382953
Petrol,-2.8947663303295514,0.014119471768503833,0.934915640874869,0.054887602897262945,3.1640357823253655
Petrol,-2.7410473389487384,0.008801766851727033,0.9363997703992009,0.04962790588695527,2.5191563799560366
Petrol,-2.6117538757485295,0.01374245503897608,0.9272649784187865,0.040258611760442126,3.2591312049924746
Petrol,-3.5388223908403313,0.019277920181996686,0.9709051582806186,0.019233288395253605,1.9479021000341241
Petrol,-2.4851912063329693,0.004398779020489423,0.9692298658039682,0.057880043242633766,3.061689508168635
Petrol,-2.785128192511801,0.018000038198946765,0.9650690420144337,0.06206331618041292,3.600027982313721
Petrol,-3.0094304317464347,0.016423689345195454,0.9447078340727472,0.056694593932049,2.9217684951640335
Petrol,-3.4389328031867925,0.01478674130486124,0.9135103335418508,0.0306695879997485,2.7735876847859395
Petrol,-3.4768077730046394,0.00449688688598146,0.9548964018156806,0.04306697616928926,2.8679235631374245
Petrol,-2.9575032254942952,0.010230906618789448,0.9434950394960679,0.01718069197963266,2.899540665214536
Petrol,-3.1209559134590705,0.014488485559712825,0.9421698653060279,0.10043048861461572,3.483451268260726
Petrol,-2.5651345876435845,0.012897394166119593,0.9082040162257674,0.06924758813819512,2.589854751421254
Petrol,-2.4551334814778234,0.0063618874357499414,0.9375736324951327,0.046377358200411486,3.0384163875033092
Petrol,-2.513457940394646,0.009990076879309858,0.9174863458503711,0.09664099208528218,3.115990164534005
Petrol,-2.281216327181434,0.008300044446024696,0.9325169061088475,0.0530207146194035,3.144638455320514
Petrol,-1.8490955612726334,0.020388088417573988,0.9795404480798042,0.01466942153160082,2.7697909295951035
Petrol,-2.332091440022816,0.007998571737937832,0.9491234636650853,0.007097275118136378,3.457106500491652
Petrol,-3.4377276194032294,0.0021375523792633343,0.9297065843141671,0.048049320924624016,2.18863732241057
Petrol,-3.030196117032415,0.015744725211547725,0.9477527929394914,0.058670939573961245,2.3818786078751275
Petrol,-2.526918012278615,0.009320666968443157,0.9340945905818722,0.04897845791764283,2.053937353588541
Petrol,-2.280695627831934,0.008002536412234288,0.9448556121635304,0.06703531604233567,3.216016738729005
Petrol,-2.659169594530556,0.004417069854439833,0.9765732280957518,0.02319755996144629,3.3146834513005756
Petrol,-3.2986969721031825,0.014589366515725627,0.9702120170576713,0.011747783136230644,3.2246675263439672
Petrol,-2.3167481761250728,0.013515246523430132,0.9573048055003663,0.030753686144195554,2.8913835162650647
Petrol,-1.6676767317830155,0.004460932620252134,0.9564571591670235,0.073025077479101,2.5046235955696776
Petrol,-3.2083933235579067,0.0036694883317443783,0.957899427231528,0.02450792454016612,2.9323199796839616
Petrol,-1.81436430184839,0.009743459377956846,0.9344437442367839,0.052508193454267715,2.965663572965837
Petrol,-2.2736711805983787,0.018095722769094262,0.9579353771767395,0.09067565023531808,3.227650951738771
Petrol,-2.883665646354022,0.021441514971143005,0.9475036396530956,0.028902155362179903,4.161864331814967
Petrol,-2.8665584430902395,0.006138052839820524,0.9389705898391117,0.0532925282664441,3.4654306987244436
Petrol,-3.8243958068440933,0.01463250242655751,0.9389093079534073,0.041742111136797336,3.8575959054606583
Petrol,-2.3933459200655003,0.012238506739325508,0.9490287977036087,0.06527285167764671,3.809005286477439
Petrol,-3.7375326415365198,0.015423089953681215,0.980940661277507,0.06002126495801185,2.6613187886475753
Petrol,-3.0761362239500887,0.02180922843456631,0.9319003262675427,0.08035283142112504,3.195255662237886
Petrol,-1.4770845969925892,0.008408699178450671,0.9178483815276622,0.05004341694391885,2.2567761810497915
Petrol,-1.1614697343962015,0.013147491120404378,0.9655626089870891,0.0655754056605211,2.6532051596883366
Petrol,-2.5660152462585275,0.010551823156798859,0.9888777692683891,0.026858164028353358,2.6357080551226004
Petrol,-2.6814655531130076,0.006631766704446794,0.9208214709096489,0.001,2.0865777671643833
Petrol,-1.950485033709255,0.009958905495103898,0.9667107783250813,0.03834972808183276,2.9508321698704534
Petrol,-1.6934212495205583,0.017763613028287082,0.9688394426518454,0.05404835574580838,3.25898471377462
Petrol,-2.314680850677304,0.00916536603172941,0.941912603811192,0.07244735890602252,2.3521862255519324
Petrol,-1.7563208613756789,0.008622785966260928,0.9237189299060463,0.03908990284606776,2.562796056454363
Petrol,-2.787837176051925,0.0070302324065641755,0.9373261045724955,0.0438408586372033,2.9676133339694637
Petrol,-2.1180701824095163,0.008775236840064501,0.9565204161325518,0.050150626240970754,3.2702903852464797
Petrol,-2.47666233017207,0.00676589112341515,0.9316360069471882,0.054204591970084294,3.636689244950319
Petrol,-2.6145623135048672,0.006495681730858989,0.9448765864945685,0.03877210978195022,2.6665097404440425
Petrol,-3.2217972907501258,0.008777958568690559,0.9547155430768677,0.028361916856038966,2.560830124866073
Petrol,-2.9740309972441064,0.0030666101647689914,0.9308881579272146,0.046042871423480826,2.3289710969775808
Petrol,-2.5687712337324182,0.006482666037697926,0.9314203588235941,0.05754417632746266,2.679937197343049
Petrol,-2.735006933033825,0.016490034050001084,0.9315988873251605,0.08131749095184729,2.8261044354736695
Petrol,-3.0680673164359824,0.0072302582946899155,0.9513754981324474,0.07509007719681426,3.39941240428164
Petrol,-2.468046575082146,0.01629977990744562,0.9123792590426503,0.05498883060119709,3.1549698633128003
Petrol,-2.338928766210508,0.0019492441700564545,0.9296617519664305,0.04667051155684548,3.557395752480739
Petrol,-1.5423677521411692,0.006677823742082887,0.923803064160578,0.06631522872850244,4.3071850056504415
Petrol,-1.9465296833494077,0.0062568363800298695,1.0,0.06373599240937827,2.6044933932041534
Petrol,-1.5328489168311445,0.005650040943005799,0.9375782296267611,0.06453241644682249,2.9875473410553726
Petrol,-2.4814964339976164,0.010193457508213986,0.9722895985174032,0.0035121872057675427,3.142256942943235
Petrol,-2.645101688540259,0.00623751983734692,0.9348972716413333,0.001,2.600790948199403
Petrol,-1.8547686375303314,0.014160274390137699,0.9461723647521101,0.021774885563186876,3.410934886129564
Petrol,-1.8450757941697908,0.015170973353988324,0.9306254889002725,0.032702426382746265,3.827955629422107
Petrol,-3.1046355207484804,0.012391066827577854,0.9144452770585361,0.04399369265252169,3.2925752003671778
Petrol,-2.5149829785710565,0.012619566605275537,0.925475898486925,0.0335999607100869,3.2409091892494346
Petrol,-2.151555928973812,0.011099064265314313,0.9689411548331662,0.016855841228574475,2.76690102482657
Petrol,-1.588658113386908,0.0164173441449686,0.9626727633001508,0.046892660532889936,3.5174078141749843
Petrol,-2.2854292401691967,0.0024127981769638553,0.9699152489411226,0.03267913171355534,3.3798441250090887
Petrol,-3.3079863943721493,0.017995096660501045,0.9445020724239576,0.027813273355576464,2.655747383464613
Petrol,-2.6684245486568527,0.009971151417863653,0.9763629127267932,0.05140285232954816,1.9145416011387395
Petrol,-3.1148692560844555,0.023787673962080504,0.9527077759132585,0.0690158022802097,2.8458269302530805
Petrol,-3.002305657103431,0.007593588888090982,0.952566521681168,0.04079527325545866,3.9592338832648823
Petrol,-2.808126397113312,0.004725821948748695,0.9661760551940464,0.06864005007689893,3.014988560769243
Petrol,-2.8010718112703636,0.001,0.9744144304488822,0.06737121819843421,2.7800558401254523
Petrol,-2.4702137607851364,0.008866614087391941,0.9825746048257268,0.029241633940915474,2.68996925299004
Petrol,-2.8583631195319894,0.01155080643221137,0.9511225890739454,0.05400136326925632,2.559696437229417
Petrol,-1.7575515847948027,0.007729774463893817,0.9737517989879304,0.11278227994562688,2.563331973092811
Petrol,-2.3288075500643517,0.009341981808720402,0.9906176310984566,0.04438692145029801,3.1243457387590428
Petrol,-2.386565840244337,0.009498006150260793,0.9651094753573368,0.051867928009100894,3.2409258690225404
Petrol,-2.393198647571518,0.006977311371446808,0.9446207588054958,0.061108457054859205,3.275680150951673
Petrol,-1.8774954755941526,0.019296220739193345,0.9395786224551798,0.052697483165592786,2.903297095224097
Petrol,-3.053653818699438,0.012822775694022109,0.9655567432801171,0.0284601754762697,2.8127503304123405
Petrol,-2.736044761214672,0.00245787648387416,0.9492724533966975,0.02709516647122862,3.0794968456276632
Petrol,-2.3654392375201048,0.011965113916523629,0.9588264435545976,0.0806188143319507,2.5956769295922046
Petrol,-2.8792409080086183,0.01327581948588071,0.9473603694936856,0.07250653214116555,3.280844396183022
Petrol,-1.5409443358535695,0.009543357751136544,0.9203592085602683,0.056813228399582937,2.9641629210429605
Petrol,-2.232756256742715,0.01331303593337602,0.9393090296980815,0.0298198868294969,2.927028324993807
Petrol,-3.690595767887228,0.01040333629393109,0.9418512384972767,0.06723350088985362,2.0070757332284423
Petrol,-2.4968273450996814,0.017881121423585698,0.9635080265590203,0.06961343991375726,3.169866761314974
Petrol,-3.33076703495033,0.010832645865512388,0.95816978720128,0.028435509116184525,2.936723078320333
Petrol,-3.950535314521958,0.00832950912029096,0.9412724811436739,0.07804478711226696,2.6983884486856535
Petrol,-2.6331785292977394,0.009603856113615958,0.9381935995213924,0.06439582843664318,2.0038039930715597
Petrol,-1.931711647927935,0.009940609408420654,0.9760329426959085,0.001,1.7818853396944463
Petrol,-2.64598927979275,0.012529576940002804,0.9389013456799364,0.06167691660165031,3.4906548787214815
Petrol,-2.167000226489316,0.010516342521900406,0.9519120569930811,0.037704098272232325,2.9723128378981114
Petrol,-3.012115443617364,0.006076352663194712,0.9602872839909351,0.04074237736937302,2.6312190529153336
Petrol,-2.2753844934075036,0.011899498284652085,0.9456940082910278,0.04702129138556725,3.2079739449399534
Petrol,-2.0155214418080547,0.011005428295768806,0.9261593217924577,0.04557145014473098,2.7964250811032914
Petrol,-3.026493053187223,0.012489663828010505,0.9614970515879067,0.0645241684341192,2.504543522958955
Petrol,-2.4212745314604134,0.009968623835779365,0.9561480618668377,0.05259452982996386,2.9937270275418473
Petrol,-2.566361879737274,0.015534203050127602,0.9327637198496143,0.046536582584699025,3.54068533340298
Petrol,-2.9055279620157046,0.006199560361280064,0.9646788188890362,0.02152172318705915,3.330315561513247
Petrol,-2.744817289623482,0.012050003077602112,0.9255853086588874,0.07370152533116738,2.3913806750552284
Petrol,-2.137524823226673,0.0041226880811200736,0.9861660174217812,0.04857236436289742,3.975428547498492
Petrol,-2.9094437437053298,0.007786746519756023,0.9742143840746433,0.021476079564497683,2.650366672065029
Petrol,-2.252465785155334,0.004906097116518336,0.9604363484403808,0.05340808770043437,2.2431771881289078
Petrol,-2.016115606008267,0.003687834534027156,0.9654255819394587,0.052569507964885624,2.772493767647129
Petrol,-3.0527012624804417,0.011646346627040748,0.9325495041304495,0.07415906952105153,3.6222253046516997
Petrol,-1.6789829895070016,0.011404487185376542,0.9419138038900324,0.04406194838658686,2.814956208598873
Petrol,-2.3759972308354467,0.012183036277943014,0.9746312873203379,0.050402468311920634,2.2983863347332205
Petrol,-2.703710463230951,0.017779258900282615,0.9188684285905597,0.06478299920802763,2.80471344320828
Petrol,-2.94173215519976,0.011978055245560625,0.9812190605124552,0.05680888353566342,2.8687278949793806
Petrol,-3.1480246198031843,0.009505754194486318,0.9233570035942111,0.0438015155715954,2.968471175804198
Petrol,-3.6802707453552372,0.016941611022939434,0.9252295705375911,0.04628081597658611,3.2669166229062583
Petrol,-1.8457251409104107,0.006039234968135841,0.899816294780542,0.07157327432022574,2.3752525567868954
Petrol,-2.320278378208136,0.01210794850067823,0.8849594113465682,0.01770326456911121,2.7695943966414323
Petrol,-3.7920639594696173,0.003309743618712936,0.9524575712025333,0.04823032695817464,3.151327215322136
Petrol,-2.275389510635574,0.0015908521651019326,0.9243030347317471,0.065227323790241,3.76216512050134
Petrol,-2.9837040244311064,0.011294527970484785,0.9661416578662778,0.0547511123437857,2.8756168472895096
Petrol,-2.8203249972244966,0.019926346023827708,0.9519241808305394,0.0577788406243455,3.1621600403734558
Petrol,-2.906209203500406,0.010254105116571526,0.943555146242438,0.04319704817662231,3.1584795705093818
Petrol,-2.95782148661767,0.003976057895981261,0.9600545012081083,0.0393677881474266,2.827492139861632
Petrol,-3.464398276338331,0.01481541391088317,0.9604803242383139,0.0641613757062366,3.193662810198872
Petrol,-3.2579784768451323,0.01114499482339576,0.937817329953101,0.030742857895329215,3.2500241207228604
Petrol,-1.6707455416236603,0.017466697094781707,0.9624429003702123,0.04939543681081607,2.8922288395405436
Petrol,-2.9522517932216137,0.008651334081466617,0.9681704791917628,0.08646278264049874,2.5917593465179807
Petrol,-3.4975067423358492,0.007345630019438476,0.9680790822574227,0.09144554581318139,3.655020603328402
Petrol,-1.857357393810811,0.0057521982316263,0.9335722125290198,0.023523807254675847,2.667260131937285
Petrol,-2.0429511082944174,0.01812243593467463,0.9569103454256572,0.044897580799801634,2.466637591163289
Petrol,-2.556257578006646,0.011015631638252773,0.920738558544536,0.06842945857013578,2.7880430018456703
Petrol,-2.0692920794494,0.009945400189745079,0.9559443338577461,0.03596101579837385,2.827692357092275
Petrol,-2.1789789383190215,0.00934250882630813,0.9279005196860566,0.052231481101045606,3.1928375084192004
Petrol,-1.8135557371639845,0.01576276634329736,0.9487072890729226,0.03905329670671509,2.8858493003191548
Petrol,-2.761866753688962,0.012530806128519735,0.9708333024523129,0.07479668718588178,2.7938967737511673
Petrol,-2.756013199707059,0.007898027877206847,0.9113592609982768,0.02594375282906163,2.9827234970306584
Petrol,-2.3103641297780153,0.01245586528941273,0.9343901115625892,0.04017779704361293,2.86524809668027
Petrol,-2.69056294941778,0.013440088603323321,0.9238365178007614,0.027014087899141163,2.8507823521762767
Petrol,-3.1828018516688372,0.001,0.9201304568076049,0.045145708231024664,3.3152654081627375
Petrol,-2.174316732803587,0.017939577162695456,0.9520333023514171,0.05472401024657656,2.874796481485828
Petrol,-2.6009132328680042,0.020402726657976062,0.9552270287451006,0.05696548538188244,2.4274428485415167
Petrol,-2.294788862547466,0.013291659896617323,0.9722062025587572,0.06260169049803004,2.9366308859580084
Petrol,-2.5847116564316046,0.009639596606155485,0.952143740871218,0.07535300881612357,3.536319774600604
Petrol,-2.12354452313711,0.02014604990235149,0.8968752324944634,0.040798828513479386,2.9943636904428086
Petrol,-2.8361147369804867,0.005351246376738045,0.9156568071927358,0.043773427758314755,3.4470135269209154
Petrol,-2.1130318288478636,0.006239350568796491,0.9544049015706337,0.07715199630432183,2.2399664773273837
Petrol,-2.579417990186265,0.011432481454044697,0.9502003068007358,0.06701266788034789,2.251086985169067
Petrol,-3.0029093303987064,0.013410206713479977,0.9159555187780997,0.06623535682066553,3.2249090781159566
Petrol,-2.12904013014732,0.0076535517362014815,0.960196768734269,0.02655424859698426,2.7927475287668404
Petrol,-2.4818305298612335,0.005506252877215451,0.9543621373606852,0.02711585542413469,3.1343254049175053
Petrol,-1.6290748478063608,0.0037166718069132076,0.9495487976744814,0.017640778839097048,2.5835229909547914
Petrol,-2.1490254141302767,0.007846856991049329,0.9648482027753692,0.05711766717353515,2.967740864330004
Petrol,-3.0147062973617333,0.01342744109248769,0.9560826745690298,0.0194391918398129,2.5177372033583403
Petrol,-3.884514440775683,0.0031718659685812034,0.9437324747795924,0.028882887193046148,2.5841667019731567
Petrol,-1.8047149212121114,0.015144066620190333,0.936106636244788,0.06587075268805032,3.6074364264520873
Petrol,-2.190725754207122,0.011494637415209476,0.971966461554368,0.06539035959914825,2.3934528682212948
Petrol,-2.5944661269694835,0.0072396545947022665,0.9730494696785416,0.038391558984291495,2.623907514345078
Petrol,-1.9866589627641802,0.01129835507965885,0.9922356470126328,0.03275516954387089,2.7405820352670003
Petrol,-1.9390161312860874,0.003604498143694892,0.9763938471585177,0.025850892356308566,3.305111781605517
Petrol,-3.421525513232639,0.010225649199941563,0.9226093902123034,0.08852550474022974,2.4641847436022424
Petrol,-2.914428504490421,0.012677129781514364,0.9379808474220652,0.06399906714038403,2.6445549106671065
Petrol,-2.8939754783012774,0.009862206469597262,0.9256613898607972,0.05792732729334968,3.438649259934878
Petrol,-2.223501680003781,0.013216404356891273,0.9115028956006933,0.04076704508281885,2.8864674171781437
Petrol,-1.7727736641022003,0.007093463058300199,0.9039653101441967,0.029920609860063483,2.669403391306105
Petrol,-3.5782410669638267,0.014843512603529374,0.9186083993562988,0.05892043096464177,2.4538016371517326
Petrol,-1.7465078163474614,0.008619231511109224,0.9404177669082914,0.06056508893313318,2.496349757739629
Petrol,-2.2122267630528993,0.007591656875817538,0.9381079630677988,0.048248625794321064,2.4551647820066638
Petrol,-2.595445842293334,0.011697425235613033,0.9038251720256447,0.07182615059075201,3.4079890650639495
Petrol,-3.4272885872831855,0.001,0.9668381325120239,0.0652903781703211,3.3115173769956967
Petrol,-3.213461901751159,0.019143211118717415,0.9348999826636895,0.054789530820364994,3.1258895109194187
Petrol,-1.703534423601322,0.01062583649971872,0.9583168271134905,0.04845748245091835,2.401700305644151
Petrol,-3.6593302982184905,0.010162899373969922,0.9217527381897044,0.05700354430627743,3.074375043592078
Petrol,-2.43778315197632,0.004735376902687672,0.9707308815272273,0.0594954219445923,2.4091501084677085
Petrol,-1.465726208038868,0.00894604341207596,0.9233142699868238,0.034832960314763434,2.2455545692166963
Petrol,-1.8202865411565483,0.015402241634145938,0.9647895914947273,0.06102283803705701,3.6241710804081864
Petrol,-2.620997106210969,0.01211331071739528,0.93376216939232,0.0469310289511772,3.225038586583695
Petrol,-4.040571411888294,0.0069014461218264165,0.9532997427954836,0.04844967868117252,2.773801837127235
Petrol,-2.205424030596261,0.006461438133959729,0.9255618508002692,0.07367532212579112,3.521324262968599
Petrol,-2.7995745488013126,0.009656527151566516,0.9669197937471409,0.05088068653461497,3.265103803435674
Petrol,-2.2622166031366278,0.008404148914225966,0.9603184800536281,0.030701127479507637,3.1971371590392774
Petrol,-2.5370488282058368,0.008196397840423704,0.9250652826107331,0.05263318521918382,3.0192651388282226
Petrol,-2.919818231077883,0.002015640898906008,0.9171104979873708,0.04491854020880882,3.1532488197108948
Petrol,-1.5750142028495213,0.009774225774747427,0.9174922789684307,0.04586163663507458,3.6256824492594744
Petrol,-2.841397804250623,0.015593017887004457,0.9535144942606999,0.06293763109041714,3.9294279991020216
Petrol,-3.418631953684137,0.014482520915041196,0.9481059776423736,0.031016389332927375,2.9496826815384467
Petrol,-1.6545145284242282,0.016674729898778266,0.9099857107761739,0.03460320587968334,3.4714471177846837
Petrol,-2.5108720388915162,0.009909933300613844,0.9186334708841469,0.03509046315401945,2.320897126483043
Petrol,-3.326658739040748,0.0037113100830123646,0.9314380448510732,0.034777730621838226,2.5789351389697877
Petrol,-1.9897719632911997,0.005464278974898206,0.9785236938437126,0.04032048244822082,3.2195993298754595
Petrol,-2.264428459300566,0.005510782896036014,0.943438188699846,0.03994112326119293,3.1862203564054137
Petrol,-2.5644222447089215,0.006258008630265096,0.9523811657731862,0.056792321662599204,3.925022339271294
Petrol,-2.4659367719520495,0.010050041734042696,0.9585679722092,0.03101195274674283,2.137245199482254
Petrol,-2.6560510458604107,0.015360495489888704,0.9746710342633738,0.012412305885370444,3.333039740246733
Petrol,-3.59239900091383,0.01229590277416293,0.9579871862579331,0.015520399409689137,3.5000230715658436
Petrol,-1.6280820493545405,0.009687598344987619,0.9528199974995393,0.07958232405973811,2.43683398295601
Petrol,-3.0505387288114463,0.005803082480403995,0.9507416420862198,0.05068831688524961,2.723354862359873
Petrol,-2.6502402057287693,0.007302158825246235,0.9401639997723877,0.03462957079442827,2.6197801307629076
Petrol,-3.5004719174638,0.008881624528110081,0.9108884135556545,0.06501118237414844,2.7200410779274202
Petrol,-2.5597047893581637,0.008133951836240216,0.9451177244930354,0.07526749631193436,2.324251794036359
Petrol,-3.311658461171242,0.01059686163331982,0.9400824055252136,0.057192478426878926,3.358288619870658
Petrol,-3.0531716282825925,0.013016944216324069,0.9295611302616098,0.05149150381876249,2.3815431382030976
Petrol,-2.433928121404336,0.009895613595390497,0.927941410227877,0.022831773173045113,3.3753192920484945
Petrol,-2.7265002263391906,0.015060154811161729,0.9391321254035065,0.0760435947123842,2.5258052225060847
Petrol,-1.763626721244396,0.01087185931529031,0.9579959348153742,0.02991950773111146,3.3646075914653935
Petrol,-2.1180359337944137,0.008377825712373931,0.9073200921599857,0.027733428681732654,2.4432596693040205
Petrol,-2.275323591229326,0.007674838302399285,0.941087805674555,0.03867375460277166,3.734645138910979
Petrol,-2.477324019585076,0.010988701677916485,0.9376122097712402,0.049407226859856074,2.5121553286473928
Petrol,-2.328137661221035,0.0042672321101348476,0.9648843969119831,0.03530095454456479,3.4741964064941016
Petrol,-1.5463528711590118,0.010005505557625794,0.9762323024428577,0.06502897897970839,2.2836089804821036
Petrol,-2.444536111240746,0.012505993528446113,0.9619543063085259,0.053564136099499844,3.0826556981636104
Petrol,-2.497456320942383,0.010665880429968428,0.925526420594019,0.04527578438042644,2.2735093225942355
Petrol,-2.748813841376988,0.007045972244495558,0.9369067405265892,0.028959836844219048,3.1346386368984436
Petrol,-2.6590351528559304,0.007897868721235001,0.9218485201100745,0.044042776156060205,3.5727663999579824
Petrol,-1.9195968450698295,0.011867562898592228,0.9440969204976032,0.06117965660449052,2.666323205911654
Petrol,-2.64962612794169,0.006287387787014554,0.9681673285432818,0.06560011921983273,2.982658870477003
Petrol,-1.6343738453547179,0.012062572903854735,0.9571245509267262,0.05498240493080177,2.368856591133378
Petrol,-2.9471399157036853,0.009726810231568947,0.949072330424574,0.06179525400420873,2.6660664454728096
Petrol,-2.464656649621728,0.010442800655517415,0.9525639016355224,0.05032829034106563,2.298079990724002
Petrol,-3.63060923182889,0.005291181820963702,0.9393775395440218,0.026430962618991242,2.972163065562825
Petrol,-1.9549465156059007,0.013630165827139398,0.9593266659082722,0.06970621477325006,2.537688477834885
Petrol,-2.7283981348354622,0.013074234315291111,0.9405093998165601,0.041603470196977396,3.931209560954634
Petrol,-2.452278961068339,0.01881813100100369,0.9135340666719446,0.037382673907934115,3.2044082903259636
Petrol,-2.4531337101134603,0.001,0.9454084163885557,0.09946035193237407,3.123456385915049
Petrol,-2.1977820000006063,0.006780284160374287,0.9548656829479267,0.04975343603529358,3.559407215869454
Petrol,-1.9564995566100865,0.0120375807241037,0.9514193163118908,0.016417849282079174,2.1430222814522533
Petrol,-2.4590445433012413,0.014373170557308279,0.9766349211391234,0.03220522499252758,2.245380703179361
Petrol,-2.0335204235527087,0.005926541164508204,0.9184586346465436,0.04012643683761799,2.7444505166378774
Petrol,-1.8399144618463263,0.014328169573407677,0.9352522579447333,0.07795908685112087,3.062512928957177
Petrol,-1.9695821823529531,0.01663589254061106,0.9447481419986093,0.061426391482540345,2.7966207677832915
Petrol,-2.034948869040366,0.010451375719018614,0.9692064443813139,0.08049513327636926,3.273615915897486
Petrol,-2.546729927870926,0.009615860617050014,0.8908593649804223,0.035744113603373116,3.466286760167671
Petrol,-2.0150593964925823,0.00632716170949736,0.9532914923547746,0.046214671558410254,3.3448011893546465
Petrol,-1.3956926183270508,0.01354234289000962,0.9365964509086017,0.048431609438186536,3.7009641265513658
Petrol,-3.204338462192155,0.006924711672555705,0.9641992786401341,0.07588662506410784,3.3044839511368065
Petrol,-2.803347457608653,0.012682676506631962,0.9582858553347315,0.0570164353404584,2.95146316151883
Petrol,-2.4735028459071864,0.0054625006973062105,0.9996040844999499,0.053139988813543794,3.274256140525405
Petrol,-2.608955608214171,0.014226551646897257,0.9240313411687573,0.015087889289716709,2.9847642462879205
Petrol,-1.4729723624411342,0.01604160417269897,0.9338310714053911,0.060321748199461865,2.6820052610847207
Petrol,-2.286791656277849,0.012521969381230187,0.9685295824179626,0.01868672605684783,2.367206005572574
Petrol,-2.5377852789524793,0.004837883321677238,0.9278055586003014,0.05543714758445868,2.541982217776816
Petrol,-1.371171554805771,0.007334170063530486,0.9445953583158461,0.05595081081034274,2.2460223094271266
Petrol,-2.2457477439173275,0.011707338249169435,0.9430138896924459,0.05547854615192567,3.2141412564119847
Petrol,-1.7824046438498502,0.02250130733990043,0.9287699802473065,0.024053051801169126,3.0513748056540075
Petrol,-3.5394592403396867,0.01324707615912752,0.9522616152614571,0.05734573198522755,2.8482140324400267
Petrol,-2.372492117015799,0.012361197888219343,0.9540004681133317,0.023098027690749156,3.0860029136007605
Petrol,-1.5730176569750822,0.011204460292399316,0.9527411122553633,0.08120075315781651,2.627192221117564
Petrol,-2.055161179956614,0.0073492132347391294,0.9717316668669027,0.06596096308935127,2.79386056833639
Petrol,-2.632980563166471,0.014889057707091138,0.9128909819755336,0.04116141780210604,3.3102087418122585
Petrol,-2.6540533856974933,0.010674316901034623,0.9091769810867918,0.03291043808660908,3.339726336075904
Petrol,-2.8755036885322065,0.003487701445889936,0.9712321706590918,0.06031368108139406,2.4557333235914545
Petrol,-2.4307480777839507,0.0047202610263735656,0.9469508188624877,0.05351976379050921,2.5957518003998024
Petrol,-2.1288335332373802,0.014486758511608279,0.9552713104979971,0.05827964303080803,2.2735855808156287
Petrol,-1.8189063865782362,0.009543375059717654,0.9312948726974917,0.052916716249118506,3.3727349961944415
Petrol,-2.2438252164730152,0.004576548176057844,0.9651527577903499,0.0487868183640162,3.250602091192061
Petrol,-2.90077575029065,0.01522955794693326,0.9536543105252964,0.0737764662827646,2.232565945571939
Petrol,-3.2007095598075064,0.008799860766823469,0.9793525003994555,0.08925621795347452,2.5557868504626002
Petrol,-2.4734764841942636,0.010775759876403277,0.9643631522607611,0.06769925332824976,2.442800903544166
Petrol,-2.467703319891314,0.001,0.966215825660808,0.043227602633519255,2.397308960348969
Petrol,-2.333726595021594,0.008150653784972517,0.9752292206155244,0.03214835728907571,4.111477600030467
Petrol,-2.0727222285183253,0.016438472065920858,0.929423275969031,0.08576918754267518,2.3937262772958663
Petrol,-2.6049058482267875,0.016523283137033797,0.9601353814500895,0.025216761654080766,3.567705030921326
Petrol,-2.3300227736287313,0.007918998819725331,0.9191598148790076,0.058695010597456555,2.918286098516787
Petrol,-2.4218453256263826,0.002073993199147042,0.941626858832873,0.059606092430830225,3.938232305652366
Petrol,-2.6026408114253154,0.017216495295340604,0.9657469684169969,0.05467569932506697,2.493829108166943
Petrol,-2.985239271765478,0.013087704353532998,0.9394700885178957,0.037692745624678,2.909694830482853
Petrol,-2.581915415169596,0.014503839880968435,0.9398900460347958,0.06602480072048632,3.2198525670272016
Petrol,-3.3369979936810257,0.011472538314916536,0.8966448313144579,0.03209553476696027,3.2315384232811244
Petrol,-2.5053215501296875,0.0011605394701922921,0.927616764660529,0.001,2.328718371477858
Petrol,-2.2104683253407247,0.007212835307124268,0.9533989108345311,0.05027288763078995,3.016291535249794
Petrol,-1.9884337884434742,0.008985446789144879,0.9682133674611981,0.001,3.555712978422023
Petrol,-3.1450390460548885,0.0046353013846083925,0.9359076502101749,0.07167710441662874,2.555350075427671
Petrol,-2.8279443896181773,0.005191561409871105,0.9551078960171887,0.06487216669775336,3.852162257880315
Petrol,-1.3000912501066144,0.013250903765939848,0.9573130837373873,0.025653205357835766,3.954651576865488
Petrol,-2.392298445333027,0.008554675790461817,0.9577506353810711,0.03727298545210238,1.8311642178543228
Petrol,-2.2140985395331994,0.01671236925966952,0.9611384527040189,0.04985841739996692,3.00663587619568
Petrol,-2.4138601261418566,0.010708271105442922,0.9487859736503889,0.05050685758937702,3.777506370220232
Petrol,-2.2638633928267335,0.01052573492012282,0.9631845379259183,0.06318597973566487,3.4729989813849294
Petrol,-2.87845570591643,0.007597360469261052,0.9337288509161149,0.06533445846987383,3.3589354872035124
Petrol,-3.1366214362611857,0.011954189064101615,0.9774446773573574,0.04529334722551027,3.1569866369631523
Petrol,-2.1347571485877874,0.0033972088030063997,0.953039763179822,0.07544232379482943,2.7033955916179258
Petrol,-2.0837669288705856,0.010135808035695595,0.9365099071573265,0.04806982898371169,2.736936037956884
Petrol,-2.944157020881433,0.00872827613773446,0.9513685262477224,0.04667891234902263,2.8673132094355798
Petrol,-2.3870020585172003,0.012657029874905242,0.9271180953432051,0.044952082612387846,2.0132295450030755
Petrol,-2.5810916795171015,0.010752645230358106,0.9613956002433087,0.05308209612992609,3.274087822027124
Petrol,-2.4673875091653614,0.0066224081090876285,0.927681296632206,0.044739945854229406,2.6168618982965217
Petrol,-2.5598595573154848,0.007540614982562853,0.9583816202512809,0.05097910048914469,3.2237471681286243
Petrol,-2.2788076383627196,0.009101634781417851,0.9476332731015735,0.06003208976642723,4.222969465337062
Petrol,-2.994565573467791,0.0102087574399473,0.9260858330555192,0.049581753008841774,2.662969548172813
Petrol,-2.5599532055260803,0.010776551669739292,0.9402121777515208,0.014324826476252352,3.7127678385764034
Petrol,-2.080361510100345,0.009347203855445676,0.9321053400357887,0.05170049180566055,3.180494412520704
Petrol,-2.1149940921201957,0.01431111082200393,0.9710135261062369,0.015182806210100413,2.847678392989428
Petrol,-2.003449589694186,0.005381841486810176,0.9743853515436334,0.08620755230276551,3.59562715972958
Petrol,-2.1692047964483927,0.007762468863185758,0.9556326960749574,0.023078107025587536,2.609444667704122
Petrol,-2.855401741255735,0.010309862869829736,0.9421564546914342,0.05523199913240129,3.4389134124386294
Petrol,-2.854863771435631,0.010743005464685255,0.9416806202036412,0.05380324987314364,3.34308629910591
Petrol,-2.039382104578894,0.013351520596465192,0.9582797125785798,0.021595734539609415,2.4593670352270554
Petrol,-2.9120891399002455,0.011793101034037624,0.9241799017521891,0.056750446563357156,3.1322346285663243
Petrol,-3.4678445527598423,0.0045619858911622405,0.970877511497135,0.06394818296789827,2.574803001402533
Petrol,-3.0174304927072253,0.001,0.9794259537544262,0.050821087368620906,3.9418620276726006
Petrol,-2.5958355434861287,0.011412946494447929,0.9678259694285719,0.0827768537236182,3.250510829242212
Petrol,-2.4987963910308535,0.010139788305576818,0.9290832879558613,0.042362342662686986,3.0256097423075445
Petrol,-1.8090530624491188,0.007849784032593286,0.9712530929094757,0.048363239774722816,3.621779279791219
Petrol,-2.1616387530135244,0.013045976814256762,0.9695765331999106,0.06666319822571917,3.531906697851912
Petrol,-1.4341180203797175,0.01808447355674464,0.9593284846832992,0.04116506282592694,3.1832088948454125
Petrol,-3.4630978628292612,0.014144933062505123,0.9287993361085277,0.07244962551949012,3.9901445168453584
Petrol,-3.2254671713424545,0.009748478018962064,0.9287117429466514,0.015433800721270138,2.9468391743980615
Petrol,-2.1824164814507263,0.013772002146595222,0.9530785162513068,0.016715358867728746,3.061689381226652
Petrol,-3.2462740081227683,0.002865058709710684,0.9300636022348687,0.0709962238275684,3.272627672840772
Petrol,-2.3387046510586997,0.005686929095815826,0.9422444923289721,0.02259754987685876,3.6821506634460484
Petrol,-1.4013709962148542,0.012782992070365628,0.9646350842202072,0.04682079721577262,2.190273818170818
Petrol,-2.9219823953135964,0.00767307725533247,0.9422948797897448,0.037692127428594326,3.0238766542857833
Petrol,-2.925084544266008,0.020838620603098143,0.9226925197000749,0.06774619088045102,2.869072644919056
Petrol,-2.2686009523690758,0.012540574335888125,0.9531408646024131,0.027332585048007518,2.833980124814954
Petrol,-2.4154523639003287,0.010532169176420598,0.9295373605043594,0.07582424918083133,1.7532132870411596
Petrol,-2.625062443882319,0.005393406224071907,0.9536433083271838,0.07033451712008854,2.296515494411461
Petrol,-1.3231973838557776,0.01100924318478931,0.9576344798019093,0.021204913293051745,2.9767164058332622
Petrol,-2.014162589241054,0.011049607861093389,0.9528039114745382,0.048962808626432236,2.310999954168289
Petrol,-3.1918543355317266,0.01584663563320355,0.9676457341188618,0.07060542344934566,2.58858997809769
Petrol,-2.578783880584459,0.016159000930005725,0.9254268935048071,0.07259764815106533,2.7067402036880535
Petrol,-2.9276166502172525,0.00984041850096744,0.927659961817764,0.01206212811005882,3.0380148433244787
Petrol,-2.2328671148093058,0.016076450863187774,0.9621394942634297,0.08930794369665411,3.6805374878682415
Petrol,-2.1309606241566925,0.012343094126779962,0.9746020436614645,0.005739557773429357,2.759971479368525
Petrol,-3.429240523480355,0.013315488161930497,0.9351447224517819,0.11039306284676087,2.74103710091461
Petrol,-2.4468184175587386,0.00798866732906167,0.9402233752371224,0.02506956232337403,2.3599252950295124
Petrol,-3.5897465011364926,0.012727311514017191,0.9415070646694403,0.08867256452085293,2.3779299079663767
Petrol,-1.7618427399225274,0.017861296676757607,0.9755408633300096,0.05469594620931035,2.8308971373902994
Petrol,-1.8619661515313577,0.006042684285811592,0.9554141519089143,0.049125041079557466,2.5542915686519905
Petrol,-2.3609765138578482,0.013709191257965062,0.9313834358112204,0.05920240374231701,1.8854859063000933
Petrol,-3.0245776705301166,0.0077132713856102215,0.9571467447393223,0.0673862949926811,3.041411445581919
Petrol,-2.2167021327550014,0.009197090483652876,0.9580949628581659,0.05703818133257417,2.745489687182872
Petrol,-2.677689938273636,0.013000635861756094,0.9862417561728279,0.0741363716261864,2.4354419719413
Petrol,-3.0627908696129555,0.0073218432561586826,0.9519784267575518,0.05096512513948639,3.6201401384641745
Petrol,-1.8524433470766124,0.01002832792207755,0.9454460684727825,0.06033492864575199,3.531600660025755
Petrol,-2.223781595011226,0.007842270983046459,0.9377549227658535,0.027787925630685512,3.0967434237976263
Petrol,-2.188439950840156,0.013674225965647286,0.973035207395098,0.07960619201323865,2.312517176161332
Petrol,-2.297618783284336,0.012196297446903379,0.9485210718316399,0.03343310860111445,3.722314917368385
Petrol,-2.7943002555237175,0.001,0.9504014457022046,0.04524272666228482,3.9288486364067348
Petrol,-2.2551530229031247,0.00847368626584384,0.9460628981921385,0.04583192984324498,4.108566687281692
Petrol,-2.162258065931078,0.002964199138629947,0.9451112010379803,0.04952735103998983,2.446215898267866
Petrol,-3.3914777286235447,0.012977816908934223,0.9339073400852419,0.07497543237119964,3.0040972163039172
Petrol,-2.7371344101308677,0.001,0.9744463569925585,0.05587053665290604,2.775902640591319
Petrol,-2.945145693790101,0.017995456045156275,0.9287156059865428,0.04262705083394696,3.2848725510285313
Petrol,-1.774616679988313,0.0089184014648111,0.9353036605153491,0.04786521582889364,3.4522353314786685
Petrol,-1.9353025573683986,0.003124204254773093,0.9522988024075402,0.021314691820772023,3.4421085854886364
Petrol,-2.2888080497084236,0.005394071845246352,0.9806829114010233,0.05670026960014775,3.112596240233314
Petrol,-2.5895557411729797,0.009959810328326716,0.9423703499715442,0.03517583007567492,3.6145652938026966
Petrol,-2.746371294832841,0.007367959811341389,0.9474141181970223,0.07849028961709617,3.5655829468486564
Petrol,-2.6974241847837437,0.01613392712779339,0.9521624034085667,0.0331314946398393,2.7619353259982966
Petrol,-1.8133730653581361,0.020414226317845566,0.956396335175064,0.03866925676633962,2.9375412661630267
Petrol,-2.88122209096946,0.006916183105383753,0.9356990440440636,0.04841312505002686,3.0603405182289634
Petrol,-2.574080570340895,0.008893385327392147,0.9652098324701138,0.045415821501491066,2.9174920946831326
Petrol,-2.588280135513053,0.017716438664756345,0.940175707503485,0.0619259221388307,2.6258111530312696
Petrol,-2.3250275842873687,0.012731165958941687,0.9716851857360548,0.04231463661414871,2.4430187175874094
Petrol,-2.8919926616302876,0.01482270786568336,0.9916350322497334,0.06668906824025438,2.368930285105824
Petrol,-2.0996735594435814,0.005281044544892293,0.9430171476573752,0.05374462153730589,3.1776844277354823
Petrol,-2.4672789526643917,0.0069944392647520595,0.9711991652934866,0.03944867190205481,3.6272563726809945
Petrol,-3.1796899453948333,0.011077651709722115,0.9254769807353693,0.033318347360147264,2.743493895533291
Petrol,-1.7396972726345128,0.016540123330511636,0.9674849752511439,0.050665715004337315,3.0940294746856716
Petrol,-1.8667604190843219,0.013506526431033993,0.9503601684674151,0.0797334316003256,3.4072647680817574
Petrol,-2.378790067080491,0.007705116098757594,0.9390151549341397,0.04327649289599441,3.228495442880993
Petrol,-2.0821085920335967,0.002778540772244819,0.9110680264469754,0.030970203868157357,2.796161693312327
Petrol,-1.9020263996719033,0.00859790916008406,0.9550954669794378,0.05835809023975343,2.48821456991449
Petrol,-1.7700555840608647,0.006675970570100402,0.9811958291193256,0.047476479970725696,2.8312483511934468
Petrol,-3.0553945918281507,0.010986426455992904,0.9950876478807187,0.05827176580804006,3.135218435974452
Petrol,-2.8333018128945793,0.012959918743058902,0.953152356142459,0.04874331050517055,3.2473973921642547
Petrol,-3.407922989409946,0.00949737753802411,0.9260594430976259,0.05057796996639887,2.637900312183323
Petrol,-2.827919925280602,0.0033327935860714974,0.9723132994249364,0.03644507003464243,2.6878806881831228
Petrol,-1.7346924644137909,0.01283978716383292,0.9093072152397603,0.07770720343443631,3.8239453208496514
Petrol,-1.7228119558718262,0.013340946215055653,0.9279658048013797,0.049015489853036165,2.27577734880848
Petrol,-2.9330080277510353,0.004445566380186367,0.9374593908962096,0.05327907780422926,2.777544025417243
Petrol,-2.7439308776449893,0.008545527776382658,0.9799894535910376,0.09327511004701607,2.7746519100904052
Petrol,-2.3319628987515215,0.005793610187216769,0.9653530260971301,0.040470998761445144,2.644447568455101
Petrol,-1.4992063670921516,0.003219653785041972,0.9009434529062404,0.06469660492298002,2.816185794523429
Petrol,-2.822998289626961,0.02365829500220322,0.9646045314516539,0.04882971804989048,2.6460341801361507
Petrol,-2.2771060755841566,0.0013357368540282521,0.939677971220564,0.04925802060404409,3.106745915848468
Petrol,-2.5712156683970546,0.006533943781355519,0.9684132429132307,0.016966928716017553,2.861038063992453
Petrol,-2.7589652811604948,0.01505921550021333,0.9408223381134126,0.05875327113554621,3.1665233980797063
Petrol,-3.41755917105356,0.00967176307545187,0.9151452835645049,0.05702570436908464,2.6348392330114154
Petrol,-1.9066652115753013,0.009096159500610192,0.9345988739559152,0.07399717732389834,2.5640549176458234
Petrol,-2.05265246932618,0.012337643370090665,0.9426913675480079,0.023280443889727158,3.6208312709086714
Petrol,-2.24976797132032,0.006140259896199154,0.9548921136918918,0.07012323797464973,3.0560093970984434
Petrol,-2.3808005836734516,0.01516001871902014,0.9807452554860635,0.04760801650076399,2.3312785673357954
Petrol,-3.151288156788023,0.006545035935800543,0.9313021694716203,0.016350622077986314,3.9239125015657743
Petrol,-2.2359503688618334,0.007381012015825043,0.9493496631521604,0.014272018249931163,3.578660948954371
Petrol,-3.4748051957718573,0.012550138908221316,0.913231556905034,0.0417198380976148,3.6213444361354457
Petrol,-3.3169760458208843,0.009256455498906802,0.9625554135145437,0.059283390006887704,3.0350929998891814
Petrol,-2.2521182438309006,0.006945880221978555,0.9886559171066599,0.017787642942163295,3.5810353721643873
Petrol,-2.405252731608242,0.013085546156821747,0.9658909203516748,0.06111257206926486,2.5944891197205147
Petrol,-2.6431348447443908,0.0027420516647058426,0.9440300854797715,0.056450379896168856,3.3035641376783516
Petrol,-2.304282827502869,0.0012245512928493274,0.9387565213515854,0.03675501021264945,2.344916033378321
Petrol,-2.91796670055188,0.010006395901847548,0.9782757704155686,0.030938713415820086,2.435567782497151
Petrol,-2.799736221822277,0.011687331935430555,0.9744741578071708,0.04826982184620061,2.277060627023994
Petrol,-3.116541414140025,0.010941406943299722,0.969905087893521,0.08631483849682565,2.408799582548632
Petrol,-2.4301128093578406,0.004850774813774003,0.9320274664883075,0.03033376535450318,2.832869417612733
Petrol,-2.9411395429862353,0.022394230284667336,0.9408064843342865,0.06975556221718986,2.6702361626826008
Petrol,-1.383379735065886,0.011695324907094145,0.9667386345905604,0.03817844980788124,3.4882203025511878
Petrol,-2.332555487091041,0.008105112270623977,0.9284021712714073,0.04524912978060851,2.838428260688766
Petrol,-2.065485861706787,0.008838755672011688,0.9115691259343103,0.06292360097006362,3.646583290969146
Petrol,-3.3330337425142202,0.01902365306698027,0.977933036063067,0.037382386697340585,2.441420196591177
Petrol,-1.9735112715373915,0.0031517541023096617,0.9366331884356518,0.023697405169874283,3.002953904740453
Petrol,-1.767407428313936,0.011874584171756637,0.9703614899744565,0.04296395048930632,3.048651414680923
Petrol,-3.113218882324765,0.009515570357308423,0.9350805978068691,0.04679459403247457,2.8854939636910153
Petrol,-2.6572199390070077,0.020537784999650865,0.9853508930542385,0.07832284763083486,3.8975294837486287
Petrol,-1.7903486753610665,0.009888113329449135,0.9475018078992162,0.0547080050104116,2.894657540642293
Petrol,-3.020022690716226,0.011483026277735071,0.9186775783289334,0.0527528328091272,2.5026135574619275
Petrol,-2.54051943518535,0.010956017212695677,0.9429429305719436,0.017189782742586906,2.4059905832752415
Petrol,-2.270878189159975,0.007212789030765564,0.9612169950556879,0.05019402583263137,2.901084054444761
Petrol,-2.326178205939236,0.006625514640525953,0.9580078983614616,0.041609858350392825,4.268142779519717
Petrol,-3.066967808568042,0.008213756849679784,0.9436618600609489,0.022962688778782606,3.362906294549263
Petrol,-2.7143620405402915,0.001,0.9639025714309066,0.037276624372942886,2.9475492885401167
Petrol,-2.1615887100720705,0.008176467074889428,0.9425420672118682,0.09929403968644329,1.9231271259325384
Petrol,-3.1429827433147226,0.004539695325372778,0.9857804548181801,0.03710773387915903,3.1201044374228353
Petrol,-2.737039101461162,0.013016001711654438,0.94974572904577,0.05506198392399144,3.6436231856515904
Petrol,-2.2798651765755173,0.006324663112718691,0.9562413409817715,0.09837305496695772,3.2824852345018787
Petrol,-2.424045172510499,0.0031472352361964964,0.9644883706132991,0.06744453760363439,3.1563615733936503
Petrol,-2.442952940453101,0.024162698405869674,0.967108554982488,0.07480056523685927,3.033441077210911
Petrol,-2.5657972090190277,0.013160495388510706,0.9473491427559413,0.048991320306438046,3.231602840937181
Petrol,-2.756404922808666,0.011102046075298086,0.9516016829305209,0.06934051274908067,2.694342830923963
Petrol,-3.49996595263873,0.008446825399286623,0.9579457204544949,0.06928214914320474,2.6535784986140922
Petrol,-2.228950070178555,0.01567577182809016,0.9650250132621098,0.034187297931085034,2.6583868125813157
Petrol,-2.2824982751626774,0.0181267015606255,0.9502833031876484,0.046693445613408525,2.315191267443542
Petrol,-2.6821434399121,0.006423809230411061,0.9505439874836581,0.01974352014129665,2.8357047728031453
Petrol,-3.0044671728805934,0.014701146529194244,0.9328165528424703,0.03855301524700515,3.1410632629773043
Petrol,-2.7268577887519623,0.02179726311243162,0.9686103031455884,0.05034413156628437,3.1840506927235026
Petrol,-3.677711593817793,0.01615862586855248,0.9602379333953434,0.04853684354145155,3.2829248413772105
Petrol,-2.1560753780785964,0.007918137413318755,0.957603240823235,0.070974490829734,3.2274488716011076
Petrol,-2.6263029936186695,0.011483253808289335,0.9776447812724527,0.06567951882030902,2.418466422863979
Petrol,-2.206658092893789,0.01227078952595928,0.9732822704742313,0.05065639025859602,2.815329854300657
Petrol,-3.184082407228471,0.006527027965043563,0.9741589113950458,0.05395912973398361,2.9501060932865117
Petrol,-1.8521881087037224,0.015448012336729926,0.9352850889274398,0.07401992667252669,2.1707094846604313
Petrol,-2.2702275290497886,0.011706541986969337,0.972995638252769,0.05762023352491013,2.877719900598495
Petrol,-2.5827813705250406,0.023466244933716435,0.9516528089596319,0.06194151383895108,1.9894191200172395
Petrol,-2.9136784490773406,0.012593840223155624,0.9177095495295722,0.060987976673345025,2.6374373227911323
Petrol,-3.016925654977738,0.006355818731858866,0.9805507771628872,0.056668358429805575,2.5447818111245373
Petrol,-2.1123300738459463,0.01414869172045936,0.9423738379839471,0.06918347250190648,3.5033748177991177
Petrol,-2.0743340163266337,0.006631239833804714,0.9264189621444835,0.016142653515980755,2.672242680426226
Petrol,-2.6839054791848174,0.008567819569411644,0.9490559295849692,0.08465977098420197,2.8302114133842133
Petrol,-2.524387058294837,0.001,0.9945594292907608,0.023681851986097777,2.6465726477553217
Petrol,-2.1521389765649173,0.011230962191090873,0.9828637254059813,0.06440027311455016,2.95935797438107
Petrol,-1.9779580655778208,0.015806539729341863,0.9367968247723572,0.06926058772328479,2.888869418650795
Petrol,-2.5517389537927513,0.010714666415144528,0.9423843825531849,0.041308177043479756,3.492360424124346
Petrol,-3.2644694526750415,0.004691865272704062,0.9634946796622098,0.04854201081681689,3.4957563260113917
Petrol,-2.3210338609382712,0.0033314767047817385,0.9512566883855517,0.060690956021784336,3.11701982926666
Petrol,-2.7341370868137247,0.008630298399398993,0.9387982968847849,0.023496058367976393,2.268630217576132
Petrol,-2.3049895219528156,0.005642708172355484,0.9615119685490411,0.038098650250969396,2.3434257066425257
Petrol,-2.703971817612274,0.020471874862090268,0.9480877844163393,0.06291733336664464,3.0844019049620384
Petrol,-3.2025990180832307,0.01724481623011585,0.9450435638035213,0.02378974870562611,2.7438832457783326
Petrol,-2.603122047487099,0.01374739761750613,0.9363847363877944,0.10240691199967863,2.531415508745696
Petrol,-2.194002518884486,0.001,0.947526026674814,0.057344685586442304,2.4402083730886903
Petrol,-1.750477259479165,0.012172383255920856,0.9436471907030715,0.05847355003255951,2.7033429190316087
Petrol,-1.8743100487962119,0.01507649300911088,0.9574678013421497,0.06223384094995847,2.261401894949391
Petrol,-1.7665274466277676,0.009503210893673494,0.970500912988522,0.06499684447049395,3.504857383771936
Petrol,-3.0238814751294774,0.005397503288420444,0.9949654953764113,0.019613158530152865,2.451194823245646
Petrol,-2.4783780017009205,0.01022489863664305,0.9391996384573504,0.06232157743838545,3.45104171880025
Petrol,-2.5090838164543996,0.008657550701558017,0.949554756207697,0.04005278416051163,2.1508815289055754
Petrol,-2.349537781496227,0.013829178568740205,0.9469214544335218,0.004698436361888627,2.7141424773391236
Petrol,-2.047138964066035,0.002808757437315954,0.9639176804420744,0.04109167743260455,2.9906124246625296
Petrol,-2.8429497553919356,0.004322087451910265,0.9786849293654074,0.06631678065142982,3.32236051475102
Petrol,-2.0457222588990436,0.012513574361512484,0.9688826251156046,0.036721985080391706,3.6888434436395228
Petrol,-1.855784470231335,0.011902409837589696,0.9442401090422989,0.025529415627005198,3.114328887102097
Petrol,-1.6575424101659677,0.00419581413324501,0.970361502970512,0.04057122252186887,2.8069511075923606
Petrol,-3.087729495631434,0.006237535367165143,0.9629356417112229,0.06542255137513539,3.1179290405383027
Petrol,-2.7504064323799264,0.004482213988838806,0.9512351693362044,0.042700913915667646,3.1055907112187153
Petrol,-2.6606188499101657,0.008521676066572685,0.9531792137222492,0.05704384929287445,3.6119606450488675
Petrol,-2.668494167037346,0.012727472585261381,0.9860724411806414,0.06144152648455125,3.5821254967824894
Petrol,-2.810313669634362,0.006398221798258284,0.9468125174323012,0.048941202295725225,3.5354122585579724
Petrol,-2.8648419745906772,0.009556860449012067,0.9714965049402642,0.054310871667973507,2.9945915148477087
Petrol,-2.3807511892665345,0.004362237492445686,0.9271249377151608,0.01823572496732784,3.1033408936848015
Petrol,-2.0405726250784917,0.013827932423019353,0.9728725598512963,0.07908444438107749,3.0723236922440815
Petrol,-2.5323038588867743,0.017379823474212297,0.9359796960664583,0.02642934759233504,2.830560273715449
Petrol,-2.727871654667108,0.010241633729105104,0.9329996061771376,0.05739466289526665,2.7154439798047583
Petrol,-1.8858980868220636,0.004027172482801465,0.947210543678958,0.04330171416844977,3.1154449613352337
Petrol,-2.0366477585866467,0.011331054531944716,0.9474281760329757,0.06382510075530588,3.4215123847080755
Petrol,-2.3654001016478285,0.011937959136532478,0.9629327109259123,0.017121465483015,2.824597394271772
Petrol,-2.3118830343956684,0.008541962581128125,0.9442370622072361,0.05749803085599868,3.1988224870077153
Petrol,-2.266470322714557,0.006038882691398472,0.9216439327889163,0.0660877356470502,2.6287922462557503
Petrol,-2.905762678136138,0.005491242372939879,0.9730206028267108,0.05424053624172927,3.171261699192267
Petrol,-2.1552244083862657,0.009788147347922268,0.9702537692533141,0.02606393688040884,2.4571964971229967
Petrol,-3.0703847328330194,0.012108342487851666,0.9601283539239738,0.04054835926572994,2.8837808256056126
Petrol,-1.865964699602384,0.006527819020234535,0.9559086558250657,0.03628568257960261,3.5479871624700845
Petrol,-2.1857869078636663,0.003005392869977064,0.9447839794070411,0.00841986417874159,3.450227790505415
Petrol,-1.4763455245392825,0.001,0.921458026181259,0.05334640167139706,2.9907705948552734
Petrol,-2.7054225859025602,0.0013118999137443311,0.9564689365995025,0.06775027703893959,4.423492724377116
Petrol,-1.8463560389315896,0.0035064200402938153,0.9497621717767646,0.061841554428974314,2.655869276238352
Petrol,-2.1099939992285552,0.013516888949684672,0.9747471943147166,0.06604485506535039,3.1425718250538797
Petrol,-2.8189658735044425,0.0035346070275342144,0.954380322763079,0.041923318165792985,2.8464013811634286
Petrol,-1.939104754640316,0.016844620069029304,0.9252926676749339,0.04579138788169625,2.783397414851717
Petrol,-2.3425456789986643,0.001,0.9207832402991444,0.047650101339231886,3.3930576021526577
Petrol,-2.462354631273213,0.01335753536528851,0.9539461675537397,0.07552579147488231,3.7429437744160903
Petrol,-2.8802314435827467,0.01441822669893776,0.9601623909693411,0.10009336290166942,2.6010824904929413
Petrol,-2.5583677655159094,0.004838631833420663,0.9305412753579599,0.057711280432902023,3.1027717102695553
Petrol,-2.2292744530459108,0.012598768637245327,0.9452872249435117,0.04514921862603675,2.5146006337640427
Petrol,-2.8505771521422973,0.009715991117210294,0.9539405928368416,0.06421575783177177,3.304430329896087
Petrol,-1.7214616172171335,0.005136559537512155,0.9453482917871185,0.03229390887604457,3.638643534681035
Petrol,-2.7512369440982116,0.015775137262223182,0.9790557226745211,0.05826873926921564,3.146529413862515
Petrol,-2.48067742725771,0.008414469819167885,0.9412523047234387,0.04705166552571385,3.91218919523955
Petrol,-3.0209276074830904,0.011023046118879953,0.9642261192837479,0.04431248317315288,3.2080411856207895
Petrol,-3.25230090634172,0.0166252157315759,0.9726229742288217,0.048031482012527014,2.560082067347466
Petrol,-2.1035509262065464,0.004259402668489686,0.9299075186818079,0.04892781017862634,3.759020783494008
Petrol,-2.1797090720323404,0.006765024150053572,0.9163580411696899,0.05083040827263628,3.125710892950799
Petrol,-2.5363900407944016,0.01903195840115838,0.947361462207831,0.004357592516484613,2.7964302209118057
Petrol,-2.2726777107262857,0.011934486543759863,0.9464664342752993,0.04315563627854357,2.000188557600883
Petrol,-2.4571146218892332,0.008306886119605188,0.9549849976408692,0.05982578548040582,3.6205341860223204
Petrol,-2.977782550656934,0.0035300892274214247,0.9385206653775119,0.03528813509887386,2.587295212641861
Petrol,-1.7775467795658737,0.010742079357691472,0.9894478692525616,0.04993859153950475,2.4140617754670193
Petrol,-2.9040872920988847,0.015122276735219792,0.9273229652607895,0.061157532885277574,2.8216237354236697
Petrol,-2.9649127863323805,0.01693259866074112,0.9382286792735995,0.033448579507992654,2.9605534602235886
Petrol,-2.7541188464209325,0.021074929502999343,0.9712071458675116,0.038186151550896746,2.7623314443707843
Petrol,-3.509724137533869,0.010687018255457224,0.9350588131412239,0.051760227643198674,2.0168629525478847
Petrol,-2.5133781679944707,0.01849335653116747,0.9510828232246465,0.03450635625898918,2.9897666375450873
Petrol,-2.532124368093043,0.020959165703781455,0.9433431614155863,0.025934133935542864,3.010729087113719
Petrol,-2.4022333810803507,0.01281147983177078,0.9651152370046276,0.08911052171019591,2.7021681491637306
Petrol,-2.8432748720890926,0.001,0.9632330753343145,0.03225371269121712,3.44588213995731
Petrol,-2.7458174567929228,0.01862978985880184,0.9213298622203986,0.07045851006705389,3.4519212814063933
Petrol,-2.2367117807678905,0.004413681505062301,0.960623016406171,0.05253749481593411,2.0848718947936673
Petrol,-1.7208635051326688,0.008271942920415044,0.9796243539204876,0.04864677099796033,3.491163031649369
Petrol,-2.929762555870141,0.011072174771642419,0.9528788398625535,0.04352797945214734,2.5653885930426665
Petrol,-4.033400365419716,0.005771202957532073,0.9640101822715146,0.022095409022196734,2.4059331800856905
Petrol,-3.2174314041823533,0.01104444058155278,0.9321318682981348,0.07440685954400274,3.3673098535596373
Petrol,-2.3999379680245188,0.011519748332879266,0.934741038547006,0.03474614748010514,3.355513273291007
Petrol,-2.043303988181479,0.013511311859567731,0.940588346871532,0.04217355844959433,2.5341216090974856
Petrol,-2.1158730813710576,0.001,0.9059152739028592,0.00990281255098311,1.9286553586528352
Petrol,-1.8214295492509274,0.013934026817851369,0.9260280679663389,0.04788134186625108,3.7328951869241824
Petrol,-2.2499006895437885,0.020571881339854027,0.9477146773181436,0.0368968210725487,2.4594454166564432
Petrol,-2.4881776721002775,0.014680321957934837,0.9519825006653858,0.04283610000713972,3.6282602176586063
Petrol,-2.2355539519334977,0.009432817516900461,0.9346681745310982,0.044911144169364106,3.2363736113784527
Petrol,-2.890174438057546,0.003831735306162538,0.9403969748679663,0.04901580615844524,3.6816450825828886
Petrol,-3.0800186849312596,0.011133740484664246,0.9444485705338553,0.04544118428154545,3.7696831514421283
Petrol,-2.459393931337316,0.005432225441421106,0.9677749344309121,0.06630481366613726,2.499414444039193
Petrol,-3.0964683648435223,0.012052598623535351,0.9493406216251675,0.040588345905821444,3.5281492539941848
Petrol,-2.796140348017879,0.012107814512516938,0.9734928873590157,0.0432173827970363,2.085450632635388
Petrol,-2.7015338916974247,0.010946418707877192,0.9700601188552561,0.03957678619528203,3.861546723231607
Petrol,-3.149411189366871,0.010820718322736607,0.9452167393258158,0.07694181786279958,2.263176409609029
Petrol,-2.2871826209320383,0.008778841840526446,0.9805828189937198,0.03342882637554837,3.2076591312472185
Petrol,-2.919095770218924,0.010940310887114247,0.9426127025453845,0.04229540489485151,2.0062823476146763
Petrol,-2.2927079678209514,0.00458880431524075,0.9276664076989621,0.01889433188882451,2.4719753208005066
Petrol,-2.249760116835407,0.012255866442432047,0.9632742192108246,0.029460382143103786,3.107390812786362
Petrol,-2.8076917665020606,0.01477364844169158,0.958520279096886,0.03686963346572776,3.5202877676591187
Petrol,-2.2463278296793376,0.003064985865430876,0.9165695563733685,0.023046283589467653,3.824590858263319
Petrol,-3.007731313018215,0.019380701038409106,0.9286536283389121,0.026522698894453113,3.439976240531631
Petrol,-2.037238344548782,0.012779125868168095,0.9635222058758328,0.033967564492833335,3.4165015977403246
Petrol,-2.380001664140699,0.008173623052080537,0.9518923979556954,0.07121291636298557,3.1959253014789084
Petrol,-3.5789010463501736,0.014456139356459386,0.966292774269251,0.04241870640718892,3.0583741466095615
Petrol,-2.443630124420334,0.001,0.9419665938181178,0.04274045844106185,2.920636565573352
Petrol,-2.762923881933822,0.01331420884611691,0.9338174220287068,0.06820154332047106,3.30787104169855
Petrol,-1.819790806099204,0.01866899517068527,0.9848090364283112,0.026287640712639435,3.1720929177975643
Petrol,-2.8588931281567045,0.02640149794844559,0.9622814271796958,0.07832623979387589,3.2176847517492444
Petrol,-3.8177215428515687,0.006082174841918879,0.9362883411862738,0.042197294448727475,3.179784150126715
Petrol,-2.2493336377928177,0.001,0.9452616087164787,0.04028247757228682,3.6905191618512454
Petrol,-2.203877697959784,0.009084612387980983,0.9544736164772536,0.016259539245625464,3.3306760224159033
Petrol,-2.697769460296386,0.0059631061361912156,0.9762846367967251,0.055471616453551864,2.6672845349096526
Petrol,-2.80219657312474,0.011829531698202469,0.9557634259294792,0.05058850102848889,2.3983218057020226
Petrol,-3.0277320100546308,0.00625843010916871,0.9460770713849452,0.049173778737843205,2.92001448713256
Petrol,-2.5571224805352415,0.01940622798960535,0.9669850017318634,0.07376433513096474,3.23213199578199
Petrol,-2.4637986638418763,0.012049791198071064,0.9545164034523087,0.06615956417223107,2.5124297666757833
Petrol,-2.1376264526917863,0.010835293343886509,0.9138582592470171,0.05171443373262186,2.346891099555408
Petrol,-2.767498836693025,0.009204046701225294,0.9198579626231665,0.04892517634187557,3.034234038535254
Petrol,-2.122463134101557,0.007731173248578977,0.9554895000863898,0.048091745017723786,2.7908646318991783
Petrol,-3.335288647570185,0.009441998463352511,0.9648902499480501,0.03132566418829767,2.8911080693508633
Petrol,-2.5352436632138176,0.015512203158908817,0.9506021564771208,0.055761747506261825,2.9956719764682305
Petrol,-2.746152912486738,0.004327630412212449,0.9442985580519077,0.05786718608918414,3.061538183999789
Petrol,-1.760241535142923,0.014729260183085898,0.9748111580104295,0.009354467806974293,3.789667126191977
Petrol,-2.3665942023364273,0.012044627312109006,0.9679205469132236,0.05042634616827253,2.4648097262483413
Petrol,-1.7762961834351638,0.006158889699380565,0.9302856524103497,0.04531398169988324,2.8069980327267325
Petrol,-2.498096582885937,0.0095089586018057,0.9769425953513848,0.05918645198104422,2.5711015104335355
Petrol,-2.8602521292287975,0.008059056761709595,0.9423159799045902,0.03970511726373086,2.449128990978203
Petrol,-2.3547989312819237,0.007721977487305934,0.9309639708190991,0.059709503901853804,3.4239109993866452
Petrol,-2.622818548900114,0.01890743182259258,0.9943104139806235,0.059937803067225515,2.7655946404028247
Petrol,-2.365523222811621,0.003877784673763637,0.9325627278486934,0.016346217231981996,2.6857675087492674
Petrol,-3.1162601250956126,0.013120283659578435,0.9350168294881938,0.055532425830331605,3.373953220361716
Petrol,-1.9143287942457392,0.008232877293444848,0.9562127499787958,0.056850030011270106,3.6360456907610907
Petrol,-2.108220960458027,0.016516724943933553,0.9167069708343877,0.036714579798562984,3.5159084171119632
Petrol,-2.2096490815510874,0.00937477227138735,0.9405190023327997,0.06577369089257859,2.010211464280439
Petrol,-2.1039044073436326,0.010453441330204077,0.9402232096481546,0.06004881803806291,2.806975458857442
Petrol,-2.485490632637065,0.009768770995548211,0.9648905984796692,0.05318363642366526,2.0454401744433626
Petrol,-3.1960469012516115,0.004579168984005365,0.9591308933355716,0.061137048430455095,3.835178592377102
Petrol,-3.007215205483781,0.016546264849439083,0.9112424267004643,0.05035515914982243,3.122601700022347
Petrol,-2.3792048717152854,0.008452022411214767,0.952357911837209,0.025295608587294027,3.432580743398211
Petrol,-2.3751047832732795,0.011811167067409343,0.9444196707689183,0.04344040750502332,3.262365447082634
Petrol,-1.705013075021296,0.003031844547003856,0.9211185965041221,0.055324106247778476,2.8338999568228416
Petrol,-2.437947114163753,0.009881053427003303,0.9624401873570738,0.044276731395601114,2.395894105050366
Petrol,-2.8949269805459856,0.009197741725527519,0.924900590622572,0.04926292186498032,3.030377327857251
Petrol,-2.678901799935574,0.011046110668958971,0.9177144283827537,0.030936313228735232,2.4286505568481975
Petrol,-2.0600716310262883,0.02153082001290317,0.9323836084005545,0.04529515526065127,2.6532853786922597
Petrol,-2.389387379596028,0.006957956752899223,0.9556555975349437,0.06330053233443174,2.3880875310546212
Petrol,-2.3642428422375157,0.0010297198839047672,0.9448693207111909,0.04352639149038461,2.885431474742454
Petrol,-2.6560302281956076,0.007525364397168058,0.9446843564321022,0.054762753835537,3.1331286036938746
Petrol,-2.4424003276501836,0.007132012881767621,0.9716067329650956,0.08050710167316401,2.355792842477374
Petrol,-2.4178654220250397,0.007659290337377537,0.9685119610578999,0.04974811597582984,3.026588973951568
Petrol,-2.252516088304278,0.008512305207348721,0.98354962154796,0.06019479456633101,3.465803747487415
Petrol,-2.6102777979820657,0.009385721692070316,0.96623249719128,0.06422364536519172,2.3756657338336864
Petrol,-2.4361837017585906,0.012369189727832132,0.947393987500066,0.05757855131366652,2.956002876077152
Petrol,-3.6233754719778224,0.0034455428001391687,0.9694996886838564,0.045112394991553374,3.0948454976212156
Petrol,-2.5018284014955983,0.005873508505856806,0.9406584305635388,0.05657898953676335,3.2154980678485896
Petrol,-1.405795264759842,0.007611289106111939,0.9834127831665178,0.032791702341989276,3.244300096872679
Petrol,-2.4110636902340827,0.00937067224412407,0.9498868309627458,0.03754770016188219,3.451952277731923
Petrol,-2.9213075202944543,0.011587629601574471,0.9651171666715476,0.07768406186775438,3.4858847344489887
Petrol,-2.213785276801138,0.006811340184250035,0.9342844969538716,0.027228422297406404,2.3828672152866273
Petrol,-2.5007020190721714,0.006362916488167391,0.9739845126897919,0.038420768168791426,3.0471279186858413
Petrol,-2.6323218842200857,0.0029807128130792462,0.9717888166316063,0.06390964169289987,3.405261044461524
Petrol,-2.2025266698755233,0.0062025748250244,0.9351990206952644,0.05903975282386231,3.7714597829921006
Petrol,-2.3070105510784007,0.014892333384254865,0.9394825533540417,0.07195701819939963,2.7902658039326127
Petrol,-2.3799203643769005,0.008169194523105931,0.9677831234735378,0.0680552397857028,2.2616094599284153
Petrol,-1.8373510828889101,0.02188204596379597,0.9428933463393742,0.04746396856673556,3.6197148971200765
Petrol,-2.4666162723471423,0.009980128449834527,0.9879393746777482,0.022914056771839462,2.6055184349331357
Petrol,-2.291088503222071,0.0019022770306214977,0.9425398163319387,0.04235668739849547,3.480886910111158
Petrol,-2.1535734827490405,0.0015838637558533897,0.936137533166309,0.03619887431812799,2.8917120616248297
Petrol,-3.0487735948046737,0.01225823970985833,0.9361162586139251,0.061772438720074464,2.998572878084152
Petrol,-2.986537569505195,0.016941386513727483,0.9783545326856609,0.055806906304195596,2.8803968935779913
Petrol,-3.02814640668739,0.015355566849362155,0.9664527907004626,0.0337200810997395,2.656593633159592
Petrol,-2.271539767912144,0.004122781263244164,0.9374862715250122,0.029188686700547372,2.495832995182824
Petrol,-2.8600322470988506,0.014530020772527713,0.9149090703931926,0.05866968559957943,3.128973666405099
Petrol,-2.015828117957535,0.011285244935652496,0.9424232135066772,0.033693805491202704,3.495205836954726
Petrol,-2.2515259578723534,0.007534321705918926,0.9681782344833332,0.041082435695877724,2.999529067253002
Petrol,-2.802241854272315,0.012669209522001143,0.9301161729962023,0.04402822623867698,2.6727231083744427
Petrol,-2.3681440191689918,0.011942439591205164,0.9279167814581665,0.058128627776494905,2.261638308154482
Petrol,-1.4040134142805196,0.007442634653599506,0.9709852132993788,0.054023327851316666,3.1208977505095854
Petrol,-3.0830369629231287,0.01421720429540819,0.9509729426382879,0.05940279377368781,2.954642838577441
Petrol,-2.4349784685416873,0.005564142028841158,0.9469421784633855,0.0416022158336131,2.6472144011219427
Petrol,-2.4327371301525433,0.011816934779092578,0.9550154401945968,0.04795478410327069,3.2055545275151274
Petrol,-2.3789178940091125,0.010487636022474893,0.9533230203993791,0.07366005979535872,2.397463219298675
Petrol,-2.6592980849089467,0.011690873043114362,0.9183452819503466,0.07765168966652142,3.1274089378622407
Petrol,-2.0215491177881297,0.015598809392774415,0.958249058578213,0.005348125891119004,3.073847110865105
Petrol,-2.394056543235701,0.004565666222142979,0.9142065308649436,0.05923338605602708,2.375404831391032
Petrol,-1.469291395516607,0.01131568640906578,0.9770302343500982,0.050623267987355634,3.3757694139881416
Petrol,-2.4733680343851407,0.015027864651878367,0.909233361969293,0.06776295687778842,3.3343820804671083
Petrol,-2.5770758290415103,0.007954180576676035,0.9440179549898046,0.05565533936763998,3.6070196823279828
Petrol,-2.767094603888756,0.0014911645442059552,0.9996916196849013,0.06343149129027378,2.8043941929790073
Petrol,-1.9055766405014758,0.014668469509075523,0.959845647473398,0.040458966160110105,3.333661259492169
